comment_id,video_id,politico,author,published_at,text,likes,data_coleta
Ugyh0Tz7kltUyV9_4Ct4AaABAg,YbIEeOXzNBA,Lula,@vandersonsales109,2026-08-13T17:14:14Z,Lula tetra,0,2026-08-13
Ugw_Glw04b8eN04lZYl4AaABAg,YbIEeOXzNBA,Lula,@AdeilsonSouza-l1p,2026-08-13T14:08:24Z,Luiz Inácio Lula da Silva esse sim nós representa vc e a nossa estrela que brilha vida longa pro senhor nóis te amamos 👍❤️🙏,0,2026-08-13
UgxXNd4iC1LcsM3TgWd4AaABAg,YbIEeOXzNBA,Lula,@FranciscoAraújo-g9v,2026-08-13T13:45:17Z,Poder do lanterna verde 1) sabão 2) pão 3) fracace ) pratik nar hora do problema,0,2026-08-13
Ugx9cqM0Q6QcQqzQOaJ4AaABAg,YbIEeOXzNBA,Lula,@Mateus_Farias,2026-08-13T13:09:15Z,ESSE ANO NÓS VAMOS TE ARRANCAR DAÍ PÉ DE CANA E ANO QUE VEM VAMOS TE VER NA JAULA 🙏🚀🇺🇸,0,2026-08-13
UgzSjb2f9epFrM2UNTd4AaABAg,YbIEeOXzNBA,Lula,@marcoaureliosoares3393,2026-08-13T13:07:42Z,Só zumbis,0,2026-08-13
UgxBIP84Wze3kuwlgnp4AaABAg,YbIEeOXzNBA,Lula,@ceciliasilva322,2026-08-13T12:58:22Z,"Parabéns  Meu Presidente Lula. Trabalhando  para elevar nosso país a ser próspero,  .Essa era de IA ,será um passo enorme a nossa prosperidade.  Mas tem de ter leis rígidas p/ nao ser usada somente para o mal.❤❤",0,2026-08-13
UgyNsiYQuQRvnK7RowZ4AaABAg,YbIEeOXzNBA,Lula,@SerginaldoLima-z1r,2026-08-13T11:54:18Z,Lula é melhor do mundo,1,2026-08-13
UgwtPh7u-AUO4yp-zjJ4AaABAg,YbIEeOXzNBA,Lula,@JosefaSantos-i4m6d,2026-08-13T11:41:20Z,Parabéns presidente Lula deus abençoe ❤,0,2026-08-13
Ugz8jdmEyR44V5i7ket4AaABAg,YbIEeOXzNBA,Lula,@naprogressaodavidavidaques2657,2026-08-13T10:30:38Z,❤🇧🇷,0,2026-08-13
UgzxacCY1cv-nixPFE14AaABAg,YbIEeOXzNBA,Lula,@aencezra79,2026-08-13T10:11:27Z,❤❤❤❤🎉🎉🎉🎉,0,2026-08-13
Ugwxung1L1ulE72dGg94AaABAg,YbIEeOXzNBA,Lula,@caetanocorinthianspb7arauj43,2026-08-13T09:58:09Z,Lula lá 👏👏👏👏,0,2026-08-13
UgzWorWj1NQ4JJ8OWhx4AaABAg,YbIEeOXzNBA,Lula,@LUCIAHELENA-q9s,2026-08-13T07:38:28Z,👍🇧🇷👏SOMOS LULAAAA TETRAaaa 13..13..13..13..,0,2026-08-13
UgxNyvkMLdDF4ewOf1B4AaABAg,YbIEeOXzNBA,Lula,@JoaoBatista-w6s4q,2026-08-13T05:54:07Z,❤❤❤❤Lula o melhor presidente do Brasil Lula da Silva o melhor presidente do Brasil Lula da Silva o melhor presidente do Brasil,1,2026-08-13
UgwmsduNz4dU3k5mtiZ4AaABAg,YbIEeOXzNBA,Lula,@logos8132,2026-08-13T05:25:36Z,O melhor e mais humano presidente do mundo. Deus abençoe e proteja o nosso presidente Lula e o Brasil 🇧🇷.  Amém,1,2026-08-13
UgyiWbpj3wwaTX0XH-J4AaABAg,YbIEeOXzNBA,Lula,@claudiapinheiro9551,2026-08-13T04:42:51Z,Esse Lula é  danado❤,0,2026-08-13
UgwABoIiO9puAS2-bHR4AaABAg,YbIEeOXzNBA,Lula,@denisedossantos1485,2026-08-13T04:23:34Z,❤🇧🇷❤🇧🇷❤🍀🍀🍀,0,2026-08-13
UgwdhMXDVd7LytqXgEh4AaABAg,YbIEeOXzNBA,Lula,@mariocarvalho6125,2026-08-13T02:22:58Z,Que tranqueirada. Pelo menos se fossem IA mas são de verdade mesmo. Creem Deus Pai,0,2026-08-13
UgxTjAnimbTK-NbXtbZ4AaABAg,YbIEeOXzNBA,Lula,@sergiorodriguessoares8515,2026-08-13T01:30:07Z,"Energia abundante?, reduz o preço então ! Falácias …",1,2026-08-13
UgzJfSyeJ6IrIkDeSUh4AaABAg,YbIEeOXzNBA,Lula,@mauriciorauberrauber4752,2026-08-13T01:28:36Z,"Isso aí  ,  só tem juventude aí,  museu passou longe",0,2026-08-13
UgyvwZOoM0-NCV_PPQp4AaABAg,YbIEeOXzNBA,Lula,@eleniltonsilvadeoliveira1248,2026-08-13T01:16:12Z,Essa mulher que falou é a mesma que disse que Rombo não é para ser chamado de Rombo ???,0,2026-08-13
UgwYMrYCARsjDUcp0vd4AaABAg,YbIEeOXzNBA,Lula,@elieuridenespaivaandradema1348,2026-08-13T01:05:59Z,Lula ❤,0,2026-08-13
Ugzl0Q_k8BSPvwgsIaN4AaABAg,YbIEeOXzNBA,Lula,@marcusvinicius-zf7jn,2026-08-12T23:44:14Z,L 26 lula é tetra ❤ Brasil Soberano,0,2026-08-13
UgyE4dcrb8Z3IGTGbgx4AaABAg,YbIEeOXzNBA,Lula,@marcusvinicius-zf7jn,2026-08-12T23:44:02Z,L 26 lula é tetra ❤ Brasil Soberano,0,2026-08-13
UgzgMjefIBLJ33siVnJ4AaABAg,YbIEeOXzNBA,Lula,@AnaSilva-gi9wg,2026-08-12T23:22:48Z,"Presidente Lula 13 13 13 13 veja  os políticos  do PL sempre querendo incrimina  você  e  seu filho, vc já ouviu  falar  que  quem  tem rabo de palha  não  passa perto  do fogo  ?.Cadê o deputado pastor  Sostenes  do PL que  não  veio  prestar contas dos meios milhões  de Reais que estavam dentro do saco de lixo dentro do seu apartamento  ,?. E outros  montantes de dinheiro encontrado  em suas mãos?.O povo quer saber  aonde  o Sostenes  deputado  do PL  está escondido  ? Cadê  os inocentes deputados do PL que todos  os dias  estão nas mãos  da.Policia Federal  ?",0,2026-08-13
UgzqKL2_uvC8vgomMqh4AaABAg,YbIEeOXzNBA,Lula,@CarlinhoSilvo-mo5br,2026-08-12T23:04:18Z,"Com a palavra do Senhor vosso Deus em Nome do Senhor Jesus hoje dia 12 de agosto de 2026 em Nome do Senhor Jesus que o bom Deus de maneira grande e especial zelo e amor vos abrace todas as vossas causas em paz saúde em abundância de vida em amor à essa corte América os 6 gloriosos gloriosa que tem trabalhado com grande sinceridade por seu país e por todos os países minha gratidão no Senhor Deus Jeová também o senhor vossa exelencia meretissimo da Flórida vos digo que noite e dia e madrugada diante do Senhor Deus Jeová do Senhor Jesus ponho as vossas vidas e vossas famílias em segurança da parte do Senhor Deus Jeová quero abençoar as vossas vidas de uma muito especial no nome do Senhor Jesus que a saúde divina alcance as vossas vidas abençoo as vidas de vós e toda família pra Glória do Senhor Deus Jeová Jireh Aleluia Glória a Deus Glória a Jesus o Brasil é nosso e tem um lugarzinho pra vós seja bem vindo ao Brasil quando quiser todos que menciono nessa mensagem só o Senhor é Deus Glória a Deus vós todos são lindos ❤ 
Também quero dar minhas maiores atenção a esse glorioso povo americano que quer dizer senadora democrata senadores democratas deputados americanos deputadas democrata também amorosa senhora Kamala Harris vós tenha certeza de uma coisa que vós estão dentro dos cuidados do olhar do Senhor Deus Jeová e serão muito sucedido guardado e abençoados quero abençoar nesse momento a vossas vidas vossas lares e a vossas famílias que a segurança do Senhor vosso Deus os anjos do Senhor acampe ao vosso redor louvo a Senhor Deus tambem por os 5 , 6 republicanos do senado que se uniram a democracia para dar o melhor dos vossos mandatos mostrar a verdade ao seu país e outros países também os deputados republicanos para dar bons exemplos e mostrar que o seu país também tem pessoas compreensiva que a mão do Senhor Deus Jeová vos conduza em segurança a vós todos que menciono nessa mensagem senhoras e senhores por onde quer que andar gratidão digo a vós todos que amo vós e lutaremos na certeza da confiança pelas as vossas vidas e procuramos o melhor do Senhor Deus Jeová que está por vim a vossas vidas e famílias Glória a Deus Aleluia Aleluia Aleluia Glória a Deus receba todos um abraço desse humilde e pequeno servo do Senhor Deus Jeová do Senhor Jesus que vós fala e esse abraço vos guardará vos curará corpo alma e espirito Aleluia Glória a Deus assina o enviado do Senhor vosso Deus vai aonde o Senhor vosso Deus manda fala o que o Senhor vosso Deus ordena hoje dia 12 do 08 de 2026 deixo uma palavra da biblia sagrada no livro de Salmos capítulo 34 versículo 7 o anjo do Senhor acampa-se ao redor dos que o temem e os livra vós são lindos amo todos vós ❤",0,2026-08-13
UgzhZqt-K-DghZyW_9Z4AaABAg,YbIEeOXzNBA,Lula,@otaviopinheiro6575,2026-08-12T22:00:50Z,Lula 13,0,2026-08-13
Ugyw9_Eq0e44yBsYDkp4AaABAg,YbIEeOXzNBA,Lula,@AdenildaNogueira-e9p,2026-08-12T21:57:59Z,Tapete vermelho pra filho do nordeste ❤❤❤❤,1,2026-08-13
Ugw8B_6Dse61ntni3cx4AaABAg,YbIEeOXzNBA,Lula,@Deliciadelfino,2026-08-12T21:19:28Z,É Lula no primeiro turno tetra campeão 🏆 🏆 🏆 🏆 é Lula outra vez pra desespero destes derrotados agora é há éra da inteligência artificial digital e o Brasil tem capacidade de sobra parabéns ao nosso líder mundial Luiz Inácio Lula da Silva e au nosso vice-presidente parabéns ❤❤❤❤,0,2026-08-13
UgySnROuPew-sT_nRsd4AaABAg,YbIEeOXzNBA,Lula,@WalterPinto-nu4vo,2026-08-12T20:32:19Z,LULA2026 🇧🇷,2,2026-08-13
UgwWPhxh2AlUy6z6LAZ4AaABAg,YbIEeOXzNBA,Lula,@aparecidocorreasilva5303,2026-08-12T20:04:08Z,"Ops,a gente fala do Presidente mas tbm tem um vice fera tbm😂😂😂😂😂😂",0,2026-08-13
Ugzpl1v9h2lCtsZ9mU54AaABAg,YbIEeOXzNBA,Lula,@ivonecosta4327,2026-08-12T19:38:51Z,Lula❤❤❤❤❤❤❤❤❤❤,3,2026-08-13
UgzLOhniYjgabgN1FEp4AaABAg,YbIEeOXzNBA,Lula,@shirleigraca8741,2026-08-12T19:38:47Z,Em 2026 é Lula outra vez.,0,2026-08-13
UgyTYiuVqTBO_ybTkp54AaABAg,YbIEeOXzNBA,Lula,@GabrielMartinsDill,2026-08-12T19:19:13Z,❤❤❤❤,1,2026-08-13
Ugz1gZ_mCmFLATuWghl4AaABAg,YbIEeOXzNBA,Lula,@DaltonJose-bq8jr,2026-08-12T18:42:52Z,❤️brasil.sil.sil.sil...,0,2026-08-13
UgwMbwgaYJrrg0uW0ZR4AaABAg,YbIEeOXzNBA,Lula,@maurigoncalves4246,2026-08-12T18:39:22Z,Lula 13 no primeiro turno ♥️♥️♥️♥️♥️♥️♥️♥️♥️♥️♥️♥️♥️♥️♥️♥️🇧🇷🇧🇷🇧🇷🇧🇷🇧🇷🇧🇷🇧🇷🇧🇷🇧🇷🇧🇷💪💪💪💪💪💪🫵🫵🫵🫵🫵2026,1,2026-08-13
UgwGeuu0FPzbfLd4aFF4AaABAg,YbIEeOXzNBA,Lula,@MaraCristina-m8y,2026-08-12T18:35:31Z,"Ókí eza IA CHAROPI ORROZAAAA INFERNAU😁🥺NUM TEM BADA PAHFZE🤪😁HÓÍ😁SUMIDAAAAAAAAAÁ 😁🥺
agora penses aja ÍÁ🙈
BATARDEH 🥺
TO BEM HOJE 😁
SEU OESPRITOH 😁🥺
TA SENTINDO IÓKÉHORRE🥺
😁
assim pois bem então sou paciência EM IÁ Á 😁🥺EM PESSOA 😁😘
OXEH 
as vezes as estriberas nervosas ehww 🙈
Nem tudo são weh 🥺
😘
Agente olhamos avezes pro céu 🙃HORRE CHOVEH 😁🥺😘",0,2026-08-13
UgwoTlYzSeKdHWL6DMh4AaABAg,YbIEeOXzNBA,Lula,@ricdobg,2026-08-12T18:34:31Z,Melhor presidente da história. O único que trabalha para os trabalhadores e os menos favorecidos. Lula 2026. É tetra no primeiro turno.,1,2026-08-13
UgxjSn_kEBG4CB6L2YR4AaABAg,YbIEeOXzNBA,Lula,@JoaldoSilvadeSouza,2026-08-12T18:16:26Z,LULA FENOMENALLLLLLLLL,3,2026-08-13
UgwMyBQttWtATD6oybZ4AaABAg,YbIEeOXzNBA,Lula,@mariadinademedeirosmedeiro2832,2026-08-12T16:50:02Z,Brasil Soberano 😍🚀🇧🇷,10,2026-08-13
UgwdBBPGDGdWLk6kANt4AaABAg,YbIEeOXzNBA,Lula,@luciabrito345,2026-08-12T16:40:43Z,Que brasileiros e brasileiros têm direito ao livre arbítrio para escolher o lado certo. 😊,5,2026-08-13
UgwAcyUbJgVQZm8rf8V4AaABAg,YbIEeOXzNBA,Lula,@LILSTETRA13,2026-08-12T16:24:57Z,❤LULA TETRA VEM AÍ 13❤,3,2026-08-13
UgzAidf4CTOLK0pNVDd4AaABAg,YbIEeOXzNBA,Lula,@luviaoliveira,2026-08-12T16:23:27Z,A hora é agora! Não sabemos como será 2030. Vamos garantir a soberania dos nossos recursos!,9,2026-08-13
Ugytfs3XuIokTVrDB7t4AaABAg,YbIEeOXzNBA,Lula,@wilsoncarlosteixeirajunior9979,2026-08-12T15:59:24Z,Lula!,0,2026-08-13
UgwROcyeXBn5Ihb-vyR4AaABAg,YbIEeOXzNBA,Lula,@marciaamericano5878,2026-08-12T15:49:44Z,Lula é admirável. Alkimin homem de caráter. Dupla vencedora das próximas eleições,4,2026-08-13
Ugy9U2fmA_K8NGva-ZB4AaABAg,YbIEeOXzNBA,Lula,@MariaBueno-st8es,2026-08-12T15:41:21Z,Lula13 ❤️ 13 ❤️ 13 ❤️ 13 ❤ 13 ❤ 13 ❤️ 13 ❤️ 13 ❤ 13 ❤ 13 ❤ 13 ❤️ 13 ❤️ 13 ❤ 13 ❤️ 13 estamos juntos sempre com você tenha fé em Deus 🙏🏻 cuida de você meu presidente mas amado do Brazil nó primeiro turno Luiz Inácio Lula da Silva grande presente Lula tetra Lula tetra Lula tetra Lula tetra Lula tetra Lula tetra,0,2026-08-13
UgwFWo2AYSv-ejmmbjN4AaABAg,YbIEeOXzNBA,Lula,@MariaTorres-oz1qu,2026-08-12T15:35:40Z,Parabéns Presidente Luiz Inácio Lula da Silva 🎉🎉🎉🎉🎉🫶🫶🫶🫶🫶🫶🇧🇷🇧🇷🇧🇷🇧🇷🇧🇷🇧🇷,4,2026-08-13
Ugx8rFHcRAu4clY-Orh4AaABAg,YbIEeOXzNBA,Lula,@ia-tired,2026-08-12T15:23:31Z,Brasil soberano,6,2026-08-13
UgyEmNnhva6PEUiKu-h4AaABAg,YbIEeOXzNBA,Lula,@JosCARLOSeSilva,2026-08-12T15:13:00Z,"SALVE! O PRESIDENTE LULA E O ALKIMIN ESTAO FAZENDO UMA ÓTIMA ADMINISTRAÇÃO SA ESTÁ FALTANDO ELES IMPLANTAREM O CURSO DE CULTURA RACIONAL EM TODOS OS INSTITUTO DE EDUCAÇÃO DO MUNDO, E PRIMEIRO NO BRASIL.
   A CULTURA ARTIFICIAL, AGARA VAI SER MAIS RETROCESSO DO QUE PROGRESSO, TEM QUE SER A CULTURA RACIONAL, A CULTURA DA NATUREZA!!!📝📚📖⚖️🇧🇷🏳️🪘🥁🎷🎺✨🌟",1,2026-08-13
UgxaUUxi0KhSIEluvr94AaABAg,YbIEeOXzNBA,Lula,@cyntiaprado203,2026-08-12T15:09:31Z,LULA É TETRA ❤❤❤❤,3,2026-08-13
Ugz2ZdL0rs3uD3Dl2ZR4AaABAg,YbIEeOXzNBA,Lula,@JosCARLOSeSilva,2026-08-12T15:04:47Z,"SALVE! A CULTURA RACIONAL JÁ ESTÁ AÍ DESDE 1935, MAS OS POLÍTICOS NÃO QUEREM POR ESSA CULTURA DA NATUREZA EM TODOS OS INSTITUTO DE EDUCAÇÃO MUNDIAL! 📝📚📖⚖️🇧🇷🏳️🪘🥁🎷🎺✨🌟",0,2026-08-13
UgwfBUj0Hgky4NcscAl4AaABAg,2t2bmVh_wZ4,Lula,@alicesantos8922,2026-08-12T23:19:03Z,Lula Vamos Votar no Lula,0,2026-08-13
Ugx1dJ8wmAkjWjQvp_p4AaABAg,2t2bmVh_wZ4,Lula,@joaobatistamartins3623,2026-08-12T21:16:09Z,LULA TRABALHANDO PRA UM BRASIL SOBERANO PRA SEGURANÇA DO PAÍS,0,2026-08-13
UgyQ23hOngsMiynVzip4AaABAg,2t2bmVh_wZ4,Lula,@WebertonRodriguesDeCastro,2026-08-12T18:53:59Z,Liberedade sim 13 2026         ....,0,2026-08-13
Ugyb2HFvy8xfKu-oIpl4AaABAg,2t2bmVh_wZ4,Lula,@FatimaTavare-v7y,2026-08-12T17:38:05Z,Desculpa qualquer coisa lula,0,2026-08-13
Ugyf5HPdjdESKYccV9h4AaABAg,2t2bmVh_wZ4,Lula,@angelcalcastro5855,2026-08-12T17:24:13Z,👏👏👏👏👏👏👏👏,0,2026-08-13
UgxDkW-Qz-o9Pnm5N_N4AaABAg,2t2bmVh_wZ4,Lula,@betomorro,2026-08-12T17:10:55Z,"Brasil no rumo certo, sem dar mole aos usa. Fora Trump, Nethaniaro, Milei, Cast, Bukele corruptos, senhores da guerra e da fome.",0,2026-08-13
UgwfTdwNbcT5ZzDXbAZ4AaABAg,2t2bmVh_wZ4,Lula,@MyrjlloWanderson,2026-08-12T16:52:15Z,"O lê o lê o lê  o lê lula, lula 13 
So penso que os pais que esta nos honrado noix vamos honrar também que tudo vai da certo é assim que os brick vai muito longe 💪🏽🇧🇷🌎",0,2026-08-13
UgzV2eTLXhplyQ586I14AaABAg,2t2bmVh_wZ4,Lula,@MariaLuizaSousa-t1y,2026-08-12T16:36:18Z,Lula livre o Brazil da ruína só Deus e o Lula,0,2026-08-13
Ugw09U0in-AD_3cBNut4AaABAg,2t2bmVh_wZ4,Lula,@Susy-q9j,2026-08-12T15:31:01Z,"Eu sei que o senhor,luta pelo povo,mas tinha q ter uma forma,desse congresso e senado,te respeitar.
Sei que o senhor,tem que negociar com esses opositores,te admiro por isso,mas eu no seu lugar, metia o porrete,neles.😅
Parabéns pela sua força Presidente Lula.❤",1,2026-08-13
Ugzs6KFeXkVESFvHlid4AaABAg,2t2bmVh_wZ4,Lula,@marcoscostareisfajardo,2026-08-12T15:17:34Z,Bolsonaro fez bem pro Lula,0,2026-08-13
UgynjxZtQjcmq_VRYjd4AaABAg,2t2bmVh_wZ4,Lula,@elaineoliveira7561,2026-08-12T15:02:16Z,"Muito bem, este é o Brasil que queremos, que investe em Ciência e Tecnologia.",0,2026-08-13
UgyivlGcy2-Dva_R6214AaABAg,2t2bmVh_wZ4,Lula,@Soares-ij3ju,2026-08-12T14:45:00Z,Chamaaa meu presidente Lula,0,2026-08-13
UgxiJ0W4eT-NyJITfih4AaABAg,2t2bmVh_wZ4,Lula,@jaouviu5939,2026-08-12T13:58:27Z,Senhor presidente procure um acordo PIX também com a Índia.  Eles também tem uma ferramenta revolucionária de pagamentos. Seria interessante expandir.,0,2026-08-13
Ugw94NY2QIYE1Qy2WPd4AaABAg,2t2bmVh_wZ4,Lula,@EpicentroMundial,2026-08-12T13:56:44Z,LULA ESTADISTA 13 PT,0,2026-08-13
UgxR3p3zyuNzE17paF54AaABAg,2t2bmVh_wZ4,Lula,@DilceCriciuma,2026-08-12T13:17:32Z,"Bom dia! 
Muito bom 
👏  👏 parabéns para todos vocês",1,2026-08-13
UgxLkonCjdCaitYhn7J4AaABAg,2t2bmVh_wZ4,Lula,@DilceCriciuma,2026-08-12T13:16:52Z,Bom dia,0,2026-08-13
UgxzS3XeeugPCHPWnZF4AaABAg,2t2bmVh_wZ4,Lula,@mariaivaneide788,2026-08-12T13:15:31Z,"Pergunta como está os hospitais? Como está o preço das coisas no supermercado? O  transporte público uma porcarias, eu não vejo de bom .",0,2026-08-13
UgyksC9lr-ZCxgLfBft4AaABAg,2t2bmVh_wZ4,Lula,@igorluizpancoti6320,2026-08-12T13:15:20Z,Parabéns,1,2026-08-13
Ugwz-_RBVc5ApVZsRJF4AaABAg,2t2bmVh_wZ4,Lula,@EdvirgioAlves8,2026-08-12T13:15:09Z,HELIOALVESDESANATANA,0,2026-08-13
UgyE7J5yBBIixm2YJ8h4AaABAg,2t2bmVh_wZ4,Lula,@EdvirgioAlves8,2026-08-12T13:12:22Z,Helioalvesdesanatana,1,2026-08-13
Ugw7SvaHQ2hMmcrQR2B4AaABAg,2t2bmVh_wZ4,Lula,@ricardommonteiro8605,2026-08-12T13:09:23Z,O Brasil merece seguir avançando com Lula!! Não podemos entrega-lo aos incompetente que buscam apenas o poder e dinheiro.,0,2026-08-13
Ugw7SvaHQ2hMmcrQR2B4AaABAg.A_Pk2Hngn3_A_Q2XShFQ_y,2t2bmVh_wZ4,Lula,@marcoswanderley8043,2026-08-12T15:59:40Z,AVANÇANDO PARA O ABISMO CLARO,1,2026-08-13
Ugz0_GFX9uYyWtS_z1x4AaABAg,2t2bmVh_wZ4,Lula,@naziraalmeidatavares6001,2026-08-12T12:52:23Z,LULA + Congresso amigo do POVO <> 1@ TURNO = BRASIL do BRASILEIROS=> FORTE  & SOBERANO 🇧🇷🙏👏❤️,0,2026-08-13
UgwV_avTMv8Jj-h6ey54AaABAg,2t2bmVh_wZ4,Lula,@JoseSobrino-nl5hg,2026-08-12T12:51:39Z,"Lula
Primeiro
Turno
Sim
L
L
🇧🇷🇧🇷♥️",0,2026-08-13
Ugw5OpJrdTeE1wqqSX14AaABAg,2t2bmVh_wZ4,Lula,@naziraalmeidatavares6001,2026-08-12T12:50:04Z,LULA + CONGRESSO AMIGO do POVO  = BRASIL SOBERANO !!! 🇧🇷👏🙏,0,2026-08-13
UgwcRxefsRfV4JfLZ4l4AaABAg,2t2bmVh_wZ4,Lula,@naziraalmeidatavares6001,2026-08-12T12:49:12Z,LULA = BRASIL SOBERANO e dos BRASILEIROS!,0,2026-08-13
UgwnpNY6_I4u4mAn1EB4AaABAg,2t2bmVh_wZ4,Lula,@naziraalmeidatavares6001,2026-08-12T12:48:33Z,"LULA e TODO CONGRESSO RENOVADO: Senador; + Dep: Federal + Dep Estadual amigos do POVO!  🇧🇷
Fora a este congresso inimigo do povo!",0,2026-08-13
UgySDtZNwt4r6fZuVU94AaABAg,2t2bmVh_wZ4,Lula,@IvoGabrielRepczuk-dm7rw,2026-08-12T12:33:42Z,Muito bom,1,2026-08-13
UgxlAOSq4eneV4d54Jx4AaABAg,2t2bmVh_wZ4,Lula,@MariaJoséLeiteSouza,2026-08-12T12:23:44Z,Bolsonario na prisão Lula tetra a reeleição parabéns nosso presidente Lula sabe trabalhar nosso presidente Lula é inteligente Deus abençoe grandemente sua vida gratidão,0,2026-08-13
UgyQgPX5KXxOA_kInT94AaABAg,2t2bmVh_wZ4,Lula,@MariaJoséLeiteSouza,2026-08-12T12:22:53Z,Parabéns nosso presidente Lula sabe trabalhar nosso presidente Lula o melhor presidente da história do Brasil em nome de Jesus Cristo Deus é fiel amém,0,2026-08-13
UgzgB_iEOHNvH0FBEZl4AaABAg,2t2bmVh_wZ4,Lula,@LeonardoPN-h9q,2026-08-12T12:13:27Z,"Deviam explicar detalhadamente o que vai ser feito de fato.
Ficar falando de futebol só não dá. Ou vamos continuar exportando minério de ferro e importando supercomputador dos gringos?
Faltou Inteligência pra organizar a Inteligência? Poxa, é brincadeira isso. 
Os caras tão aí na porta. 
Depois vem uma porcaria dessas de bolssonaro e arrasa com país.
Vamos trabalhar sério gente!",0,2026-08-13
Ugz2C6UKc5qNS2nAJid4AaABAg,2t2bmVh_wZ4,Lula,@AvivamentoMundialCristao,2026-08-12T11:02:04Z,pRECISAMOS DE CONHECIMENRTO NA INFOMÂTICA E TECNOLOGIA... NÃO FICAR PEDDINDO AJUDA DE PAÍSES QUE PENSAM EM IDÉIAS MONOPOLISTAS....,0,2026-08-13
Ugz4H42BHg9ZHPJM8q94AaABAg,2t2bmVh_wZ4,Lula,@JosePaulo-pt5hi,2026-08-12T10:43:15Z,Parabéns Presidente 🎉🎉🎉,1,2026-08-13
Ugyp0mzj3sGutUkpzOh4AaABAg,2t2bmVh_wZ4,Lula,@rosanafontes359,2026-08-12T09:56:37Z,Avante💚💛,2,2026-08-13
Ugwwqfif_-bmSI6oSHp4AaABAg,2t2bmVh_wZ4,Lula,@reinaldosantos187,2026-08-12T09:00:51Z,"as\ falácias num param, estamos entre a faca e a espada... um governo gastãoe o outro a familia buscapé, misogina, mazista e num deixa saber pra onde vamos naufragar...",0,2026-08-13
UgwOk4JzTTkgRmeJZUR4AaABAg,2t2bmVh_wZ4,Lula,@MariajosesoaresMariasoares,2026-08-12T08:08:36Z,"Que bom que o vice-presidente  tem dado o melhor de sua competência, companheirismo e muita confiança sendo ao lado do presidente lula úm grande suporte essencial ao desenvolvimento do nosso país",2,2026-08-13
UgxkpU2ks-oDCsgq6MN4AaABAg,2t2bmVh_wZ4,Lula,@PauloSoaresdosSantos-c8p,2026-08-12T07:53:43Z,LULA TÊM QUÊ FAZER SUA SEGURANÇA COM SOLDADOS 🪖🪖🪖🪖🪖🪖🪖🪖🪖🪖🪖 RUSSOS COM URGÊNCIA É PRA ONTEM AS FORCAS ARMARDAS DO BRASIL NÃO É DE CONFIANÇA SAO TRAIDORES DA PÁTRIA,0,2026-08-13
UgziJ6OhOkGWtz8vvc94AaABAg,2t2bmVh_wZ4,Lula,@PauloSoaresdosSantos-c8p,2026-08-12T07:50:23Z,LULA TÊM QUÊ FICAR DE OLHO NO MINISTRO DA DEFESA MÚCIO É TRAIDOR DA PÁTRIA VAI AJUDAR TRUMP A MATA LULA MUITO CUIDADO LULA EM UM PAIS DA ÁFRICA BUKI NAFASO O PRESIDENTE TÊM A SEGURANÇA DE SOLDADOS RUSSUS LULA DEVERIA FAZER O MESMO,0,2026-08-13
UgysW-6x-OmmJJ_BAFp4AaABAg,2t2bmVh_wZ4,Lula,@rodolfopierola7899,2026-08-12T04:28:32Z,"Boa noite hermano Presidente Lula, parabens para voce, muito obrigado por la informação. Atte. Rodolfo Pierola Ergueta Presidente do Consejo Internacional de Residentes Bolivianos en el Exterior.",1,2026-08-13
UgyvqZnByfEMOgw_jpx4AaABAg,2t2bmVh_wZ4,Lula,@Carlosjr-o7k,2026-08-12T02:37:14Z,Força lula,5,2026-08-13
Ugzpi5pZQ3ieOqKVsYV4AaABAg,2t2bmVh_wZ4,Lula,@t.g2303,2026-08-12T02:32:44Z,Tá na conta desse miserável a vida das crianças mortas pelo monstro do próprio pai depois da sardinha da prisão!! FLÁVIO BOLSONARO PRESIDENTE🇧🇷🇧🇷🇧🇷,1,2026-08-13
UgzZOsqDzczLFUga8Ad4AaABAg,2t2bmVh_wZ4,Lula,@jorgesantos3503,2026-08-12T02:23:41Z,"Olá 
Com fé em Deus 
Vamos sim todos nós brasileiros e Brasileiras que deseja vê o nosso país O Brasil 🇧🇷 soberano seguindo firme forte e cada vez mais buscando melhorar há vida de todos nós brasileiros e Brasileiras deste Amado Brasil 🇧🇷  soberano  vamos juntos com só um propósito todos nós 99% dá população brasileira dá de presente merecidamente está vitória nó primeiro turno Luiz Inácio Lula dá Silva 🇧🇷 soberano reeleito em nome do senhor Jesus  que Deus dê a ele é há todos nós muita saúde paz amor para ele fazer muito mais pó todos nós próximos quatro anos que teremos há frente com Deus nó controle de tudo e dê todos nós brasileiros e Brasileiras deste Amado Brasil 🇧🇷 soberano 😊😊 avante Brasil 🇧🇷 soberano há vitória 😊😊",3,2026-08-13
UgxXr3eFfcc0F3Ql9lF4AaABAg,2t2bmVh_wZ4,Lula,@natalinodantesdeassis4744,2026-08-12T02:18:57Z,BRASIL SOBERANO 🇧🇷🇧🇷🇧🇷,3,2026-08-13
UgwSNrUZJem2wJcd0rJ4AaABAg,2t2bmVh_wZ4,Lula,@gabrielaalmeidaalmeida5360,2026-08-12T02:03:38Z,✍️,0,2026-08-13
UgwjDmNVdo1xYEMrhgx4AaABAg,2t2bmVh_wZ4,Lula,@janjachupapau,2026-08-12T02:03:28Z,Lula ta cágado forças delta no Brasil,0,2026-08-13
UgwQaypVPirW3o5LoEZ4AaABAg,2t2bmVh_wZ4,Lula,@brunobastosgoulart1281,2026-08-12T01:49:57Z,Tô esperando a hora que alguém vai dizer que agora é pra valer,2,2026-08-13
UgxeNUQMgZdgort8qjJ4AaABAg,2t2bmVh_wZ4,Lula,@franciscobraun-v8l,2026-08-12T01:47:40Z,"Presidente Lula, a fala dos seus ministros é distopia completa diante da realidade que voltei a viver desde julho de 2023. Há paramilitares me cercando direto sob o seu governo.",0,2026-08-13
Ugz-fDyjmfXCeGRxerF4AaABAg,2t2bmVh_wZ4,Lula,@rosangelafreitas7837,2026-08-12T01:45:57Z,Que todas as forças divinas protejam Lula contra ameaças vindas de potencia imperialista🙌🏼🙌🏽🙌🙌🏿🙌🏻,2,2026-08-13
UgwUJMJf1Q0e5Ov3MMR4AaABAg,2t2bmVh_wZ4,Lula,@franciscobraun-v8l,2026-08-12T01:45:10Z,"Presidente Lula, sou sobrevivente de atentado terrorista promovido pela ditadura militar, 1980 na Câmara Municipal do Rio de Janeiro, e voltei a ser ameaçado e perseguido por agentes de Estado.",0,2026-08-13
UgytWMuK-2Iofm8SMg14AaABAg,2t2bmVh_wZ4,Lula,@franciscobraun-v8l,2026-08-12T01:43:20Z,"Presidente Lula, enviei e-mails para """"""""""""""""""""""""""""""""""""""""""""""""""""""""""""""""""""""""""""""""""""""""""""""""""""""""""""""""""""""""""""""""Fale com Presidente"""""""""""""""""""""""""""""""""""""""""""""""""""""""""""""""""""""""""""""""""""""""""""""""""""""""""""""""""""""""""""""""", MDHC, acessei Disque100, falei pessoalmente com deputados. Omissão é institucional e generalizada. Ócio ideológico.",0,2026-08-13
Ugx4Pohk0XSN4_hvMIZ4AaABAg,eSGnePETwjA,Lula,@rosasilvafernanda7205,2026-08-13T15:49:34Z,Graças a luta do presidente Lula pela educação tenho esperança que meu filho autista será um vencedor como estes jovens 👏🏻👏🏻🇧🇷,0,2026-08-13
UgzFvbSOFcjF9flo7EB4AaABAg,eSGnePETwjA,Lula,@Susy-q9j,2026-08-13T14:32:01Z,"E ninguém vê isso.😢
Lulaaaaaaaaa,tamo junto!❤",1,2026-08-13
UgyWh-LcfyLXYm3PF814AaABAg,eSGnePETwjA,Lula,@AdeilsonSouza-l1p,2026-08-13T14:03:53Z,Luiz Inácio Lula da Silva vc é a nossa estrela que brilha vida longa pro senhor nosso velhinho querido e amado presidente nois te amamos 👍❤️🙏,0,2026-08-13
UgzVVZk9nWQe0bqL9it4AaABAg,eSGnePETwjA,Lula,@CiceroAlves-p2h,2026-08-13T12:44:06Z,😂❤👨🏽‍✈️👨🏽‍✈️👨🏽‍✈️🙏🏼👨🏾‍✈️👨🏾‍✈️👨🏾‍✈️👨🏾‍✈️😎🤗,0,2026-08-13
UgyBOfs55Sg_Aj_nLTV4AaABAg,eSGnePETwjA,Lula,@lucieneDeJesus-c5z,2026-08-12T22:38:19Z,❤❤❤❤❤❤❤,0,2026-08-13
UgweuIb5Fq2WyCe1pSJ4AaABAg,eSGnePETwjA,Lula,@HelenildaClementepeixoto,2026-08-12T20:43:02Z,🌼🥀💮🏵️🌼🌺🌸🌷🌻🪻🪷🌹💐,1,2026-08-13
Ugwff6uITdHObqiA5M54AaABAg,eSGnePETwjA,Lula,@DaltonJose-bq8jr,2026-08-12T18:44:18Z,❤️brasil.sil.sil.sil...,0,2026-08-13
Ugzv2b1tfM6vJ-HSXfV4AaABAg,eSGnePETwjA,Lula,@MariaBueno-st8es,2026-08-12T17:49:03Z,Lula13 ❤️ 13 ❤️ 13 ❤ 13 ❤ 13 ❤ 13 ❤️ 13 ❤️ 13 ❤ 13 ❤️ 13 ❤️ 13 ❤️ 13 ❤️ 13 ❤ 13 ❤ 13 ❤️❤️🙏🏻❤️🙏🏻🙏🏻🙏🏻 parabéns meu presidente mas amado do mundo Luiz Inácio Lula da Silva grande presente mais amado do Brazil lula tetra lula tetra lula tetra lula tetra nó primeiro turno Luiz Inácio Lula da Silva grande homem forte como você Lula tetra Lula tetra,0,2026-08-13
UgwE7lgp4GW5TL1297x4AaABAg,eSGnePETwjA,Lula,@HarimBotelho-sb9xl,2026-08-12T17:38:17Z,É É LULA 2026 BEM AVENTURADO SÃO OS POBRES!,0,2026-08-13
Ugxm7UtlU9gDB7Y7j-B4AaABAg,eSGnePETwjA,Lula,@sandraregina1368,2026-08-12T16:59:17Z,VIVA A EDUCAÇÃO  !,0,2026-08-13
UgzhCuXXPy1rKl_a3BR4AaABAg,eSGnePETwjA,Lula,@sandraregina1368,2026-08-12T16:58:47Z,"PELA IGUALDADE, EDUCAÇÃO, CIÊNCIA, DEMOCRACIA E SOBERANIA,LULA 2026 !",0,2026-08-13
UgyXTMGWrKBi4Sbi2d54AaABAg,eSGnePETwjA,Lula,@luciagomes6238,2026-08-12T15:39:20Z,Grande LULA ❤❤❤ NO PRIMEIRO TURNO ❤❤❤❤,0,2026-08-13
Ugwv49sbHtyErvaaS3R4AaABAg,eSGnePETwjA,Lula,@MariaTorres-oz1qu,2026-08-12T15:36:44Z,Parabéns Presidente Lula da Silva 🎉🎉🎉🎉🎉🎉🎉👏👏👏👏👏👏👏👏👏👏👏👏👏,0,2026-08-13
Ugxm3F6zIC2Ia5Two6p4AaABAg,eSGnePETwjA,Lula,@leonantavaresbarbosa2157,2026-08-12T15:25:00Z,Só Lula pra fazer tanto pelos mais necessitados 👆🙏👍,0,2026-08-13
Ugx_2NWEy1bkUkJFIjh4AaABAg,eSGnePETwjA,Lula,@AntonioDuarte-h1u8j,2026-08-12T15:23:24Z,Esse sim é nosso presidente Luiz Inácio Lula da Silva 13 2026❤,0,2026-08-13
UgyBtidm0AocLwBmRvx4AaABAg,eSGnePETwjA,Lula,@JosCARLOSeSilva,2026-08-12T15:15:46Z,"SALVE! A CULTURA RACIONAL JÁ ESTÁ AÍ DESDE 1935, MAS OS POLÍTICOS NÃO QUEREM POR ESSA CULTURA DA NATUREZA EM TODOS OS INSTITUTO DE EDUCAÇÃO MUNDIAL! 📝📚📖⚖️🇧🇷🏳️🪘🥁🎷🎺✨🌟",0,2026-08-13
UgyfAKb35Psm8-Vy6fp4AaABAg,eSGnePETwjA,Lula,@JosCARLOSeSilva,2026-08-12T15:15:34Z,"SALVE! O PRESIDENTE LULA E O ALKIMIN ESTAO FAZENDO UMA ÓTIMA ADMINISTRAÇÃO SA ESTÁ FALTANDO ELES IMPLANTAREM O CURSO DE CULTURA RACIONAL EM TODOS OS INSTITUTO DE EDUCAÇÃO DO MUNDO, E PRIMEIRO NO BRASIL.
   A CULTURA ARTIFICIAL, AGARA VAI SER MAIS RETROCESSO DO QUE PROGRESSO, TEM QUE SER A CULTURA RACIONAL, A CULTURA DA NATUREZA!!!📝📚📖⚖️🇧🇷🏳️🪘🥁🎷🎺✨🌟",0,2026-08-13
UgypipOMfnMAa78orsV4AaABAg,eSGnePETwjA,Lula,@jaquelinesantos3063,2026-08-12T14:45:44Z,❤❤❤❤...,0,2026-08-13
UgwqjTSonRS4IEbkZmd4AaABAg,eSGnePETwjA,Lula,@silvaesilvadavida5678FGhjj,2026-08-12T14:38:02Z,"LULA É SEM DÚVIDA O MAIOR LÍDER DEMOCRÁTICO MUNDIAL, EXEMPLO PARA QUALQUER NAÇÃO",1,2026-08-13
Ugw3G7rhMNENmWz9HPJ4AaABAg,eSGnePETwjA,Lula,@mariahonorina3966,2026-08-12T11:48:33Z,👏👏👏💞💞💞,0,2026-08-13
UgwRONfUHryqrCxzsPh4AaABAg,eSGnePETwjA,Lula,@cristinaperes8988,2026-08-12T11:23:32Z,"*COOPERAÇÃO DE ENFRENTAMENTO AO FEMINICIDIO, ESTUPRO E VIOLÊNCIA CONTRA AS MULHERES E CRIANÇAS; VAMOS ENFRENTAR ISSO APOIADAS PELO PRESIDENTE LULA/ALKMIN REELEITOS NO PRIMEIRO TURNO*  1️⃣3️⃣1️⃣3️⃣1️⃣3️⃣🇧🇷🇧🇷🇧🇷🇧🇷🇧🇷🇧🇷",0,2026-08-13
Ugyj4VyxOfP96UJg5JJ4AaABAg,eSGnePETwjA,Lula,@cristinaperes8988,2026-08-12T11:22:09Z,*ESCALA 5X2 SEM DIMINUIR SALÁRIOS; PRESIDENTE LULA/ALKMIN REELEITOS NO PRIMEIRO TURNO COM 60% DOS VOTOS*   ❤1️⃣3️⃣1️⃣3️⃣1️⃣3️⃣🇧🇷🇧🇷🇧🇷🇧🇷🇧🇷,0,2026-08-13
UgwU_bfEQ81yKqM0U4t4AaABAg,eSGnePETwjA,Lula,@cristinaperes8988,2026-08-12T11:21:26Z,*SOBERANIA NACIONAL PRESIDENTE LULA/ALKMIN REELEITOS NO PRIMEIRO TURNO COM 60% DOS VOTOS* 1️⃣3️⃣🇧🇷🇧🇷🇧🇷🇧🇷🇧🇷🇧🇷❤,0,2026-08-13
UgwU_bfEQ81yKqM0U4t4AaABAg.A_PYge9XpHKA_Pp1dUKxQi,eSGnePETwjA,Lula,@Gênio-e5b,2026-08-12T13:52:59Z,PT NUNCA MAIS,1,2026-08-13
UgwU_bfEQ81yKqM0U4t4AaABAg.A_PYge9XpHKA_Psz66UoR0,eSGnePETwjA,Lula,@cristinaperes8988,2026-08-12T14:27:27Z,​@Gênio-e5bSr. teimoso respeito com os 60 milhões de votos no PARTIDO DOS TRABALHADORES.  O senhor deve ser um dos Milionários brasileiros que não trabalha e está com tempo na Internet; se fosse trabalhador como os quase 140 milhões de trabalhadores brasileiros estaria lutando pela *ESCALA 5X2 SEM DIMINUIR SALÁRIOS PRESIDENT13*  1️⃣3️⃣🇧🇷,2,2026-08-13
UgwU_bfEQ81yKqM0U4t4AaABAg.A_PYge9XpHKA_Pw_VxcB6r,eSGnePETwjA,Lula,@Gênio-e5b,2026-08-12T14:58:55Z,TRABALHO E TRABALHO MUITO GRAÇAS A DEUS SÓ NÃO VIVO DA DEPENDÊNCIA DE GOVERNOS CORRUPTOS QUE ALIENA PESSOAS EMPOBRECE SEU POVO COM  ELEVADA CARGA TRIBUTÁRIA E ESCRAVIZA SEUS TRABALHADORES ATRAVÉS DE SINDICATOS PAGOS PELO SUOR DO TRABALHADOR BRASILEIRO,1,2026-08-13
Ugyn4ZqeKnt8m9Dg1ht4AaABAg,eSGnePETwjA,Lula,@RosivaldoNascimento-o1q5h,2026-08-12T10:57:02Z,😢😊😅😮🎉😂❤❤❤,1,2026-08-13
UgwCRDxKoEzajSRWZLV4AaABAg,eSGnePETwjA,Lula,@RosivaldoNascimento-o1q5h,2026-08-12T10:56:22Z,😂,0,2026-08-13
UgzXKWeNFNcvCD8grz14AaABAg,eSGnePETwjA,Lula,@RosivaldoNascimento-o1q5h,2026-08-12T10:56:14Z,❤️😊😅😮😢🎉😂❤❤❤,1,2026-08-13
Ugw-vL_3GGxyHkiw4oV4AaABAg,eSGnePETwjA,Lula,@cristinaperes8988,2026-08-12T10:44:00Z,*EDUCAÇÃO PARA TODOS OS BRASILEIROS ; EMPREGOS PARA TODOS OS BRASILEIROS; PRESIDENTE LULA/ALKMIN REELEITOS NO PRIMEIRO TURNO*  1️⃣3️⃣🇧🇷🇧🇷🇧🇷❤️,1,2026-08-13
UgxsQbyNvPwsI5oZpu14AaABAg,eSGnePETwjA,Lula,@renatoneves__,2026-08-12T09:59:45Z,Máximo respeito meu Presidente. O que mais fez pela educação na história desse país.,2,2026-08-13
Ugw75G2XNo9Di3HlYo54AaABAg,eSGnePETwjA,Lula,@arycarvalho6995,2026-08-12T08:52:25Z,Lula tetra ❤❤❤❤❤,1,2026-08-13
Ugwe7SqKo7ECF7gGi1d4AaABAg,eSGnePETwjA,Lula,@Gênio-e5b,2026-08-12T08:29:56Z,PT NUNCA MAIS,1,2026-08-13
Ugwe7SqKo7ECF7gGi1d4AaABAg.A_PF3VVAzVyA_PX_NNVY3h,eSGnePETwjA,Lula,@cristinaperes8988,2026-08-12T11:11:42Z,Sr. Gênio nunca diga nunca! Sua mãe nunca falou isso 😅  OS BRASILEIROS QUEREM MAIS EDUCAÇÃO MIS EMPREGOS SOBERANIA NACIONAL PRESIDENTE LULA REELEITO NO PRIMEIRO TURNO COM 60% DOS VOTOS..1️⃣3️⃣1️⃣3️⃣1️⃣3️⃣1️⃣3️⃣1️⃣3️⃣🇧🇷🇧🇷🇧🇷🇧🇷🇧🇷🇧🇷🇧🇷🇧🇷🇧🇷🇧🇷🇧🇷🇧🇷🇧🇷,1,2026-08-13
UgxoMbKVJg3njKuOwN14AaABAg,eSGnePETwjA,Lula,@rosagiabaldo1233,2026-08-12T07:51:11Z,Da lhe Lula. 🇧🇷🙌🙏👏👏👏,1,2026-08-13
UgyABV_twkYNFIdAqvR4AaABAg,eSGnePETwjA,Lula,@mariaqueiroz3192,2026-08-12T05:57:53Z,TARIFLÁVIO/BOLSOMASTER!,1,2026-08-13
UgzCmYE9kyhCqP2juuZ4AaABAg,eSGnePETwjA,Lula,@JoaldoSilvadeSouza,2026-08-12T04:23:41Z,LULA FENOMENALLLLLLLLL,1,2026-08-13
UgxWNPIKbxNQhB68-Nx4AaABAg,eSGnePETwjA,Lula,@DavidPaulino-wc6xq,2026-08-12T03:26:01Z,"O povo brasileiro agradece por esse trabalho e palavras , Presidente Lula...
👍🥹🇧🇷🇧🇷🇧🇷🇧🇷🇧🇷🇧🇷🇧🇷🇧🇷🇧🇷🇧🇷🇧🇷",0,2026-08-13
Ugz-6wP4ukTLPBTXU_d4AaABAg,eSGnePETwjA,Lula,@PedroEstevao-s3q,2026-08-12T03:02:49Z,LULA13 NO PRIMEIRO TURNO 13 🚀🙏🙌❤️,2,2026-08-13
Ugyh0GGRotE9wH-sqkt4AaABAg,eSGnePETwjA,Lula,@anacristinacruz7149,2026-08-12T02:46:35Z,VITÓRIA JÁ ❤🎉,10,2026-08-13
Ugx4d1npK2r1GSItSYh4AaABAg,eSGnePETwjA,Lula,@IrineuMinosso-i1m3f,2026-08-12T02:37:02Z,❤❤❤❤❤❤❤❤❤❤❤❤❤❤❤❤❤❤❤❤❤❤❤❤❤❤❤❤❤❤❤❤❤❤❤,0,2026-08-13
UgyRaRPhO5uhTgGNVP54AaABAg,eSGnePETwjA,Lula,@alanferreira2074,2026-08-12T01:56:48Z,E a mais pura verdade quem quer ó melhor para ó próximo fazer acontecer e que um Brasil melhor com oportunidade para todos que Deus abençoe sempre todos nós,10,2026-08-13
UgwRNjSrSVI9Er52L-p4AaABAg,eSGnePETwjA,Lula,@mariadelourdesfreitasdasil9852,2026-08-12T01:37:48Z,ATÉ 2030 LULA TETRA PRESIDENTE DO BRASIL!!!!❤❤❤❤❤❤❤❤❤❤,1,2026-08-13
UgxuvI1VZCBP_j17Ta54AaABAg,eSGnePETwjA,Lula,@mariadelourdesfreitasdasil9852,2026-08-12T01:36:19Z,LULA O MELHOR PRESIDENTE DA HISTÓRIA DO BRASIL!!!!❤❤❤❤❤❤❤❤❤❤,2,2026-08-13
UgzrrM0mrH6Cglx_U0l4AaABAg,eSGnePETwjA,Lula,@mariadelourdesfreitasdasil9852,2026-08-12T01:35:48Z,LULA SIM É PRESIDENTE DE VERDADE!!!!❤❤❤❤❤❤❤❤❤❤,1,2026-08-13
UgyNlY4b3NWSdNA_jhh4AaABAg,eSGnePETwjA,Lula,@mariadinademedeirosmedeiro2832,2026-08-12T01:18:26Z,🇧🇷😍😍,1,2026-08-13
UgzZ7yKm25nCozE8aaR4AaABAg,eSGnePETwjA,Lula,@JoseVarney-x7o,2026-08-12T01:07:08Z,Os brasileiros  consi  entiti menti   a  nação brasileira toda u povo senduvida  vota  todas as vezes mais uma vez é Lula outra vez e Lula di novo com a força do povo ❤❤❤❤,0,2026-08-13
UgykGsbHd8y8c0j44Ad4AaABAg,eSGnePETwjA,Lula,@anamaria8749,2026-08-12T01:03:13Z,Deus te guarde presidente Lula Deus e contigo sempre o melhor presidente do Brasil que nós já tivemos Deus com Tigo,1,2026-08-13
UgzO8OJFsz45phWTgTd4AaABAg,eSGnePETwjA,Lula,@JaquesSormani-wn5fu,2026-08-12T01:00:57Z,OBRIGADO LULA E PARABÉNS POR GOVERNAR O BRASIL PARA TODOS E TODAS .... DO BÁSICO AO ACABAMENTO !!!!!! ARARAS SP,1,2026-08-13
Ugxyzq01UVpodvmlWm54AaABAg,eSGnePETwjA,Lula,@MariadeJesusFerreiradoNasc-t2z,2026-08-12T00:38:51Z,É Lula no primeiro turno vai ser de lapada,1,2026-08-13
UgwvlL8TUGGXLQGznMh4AaABAg,RQdXlIO9cEo,Lula,@marciaaguiar4415,2026-08-03T16:08:59Z,Luiz Inácio Lula da Silva o melhor presidente que o Brasil já teve.,1,2026-08-13
UgzkdUpXIa2glzxUVxh4AaABAg,RQdXlIO9cEo,Lula,@LidiaConceição-e9f,2026-08-03T13:05:51Z,É Lula é  13❤❤❤❤😊,0,2026-08-13
UgxciElFc2cpTl3XbTZ4AaABAg,RQdXlIO9cEo,Lula,@alucianepereiradecarvalho4343,2026-08-02T17:56:21Z,Obrigada ❤,0,2026-08-13
Ugw33XpzEFll8KRVl8l4AaABAg,RQdXlIO9cEo,Lula,@jorgeluizcostadasilva7003,2026-08-02T16:53:55Z,Lula presidente vamos juntos.,0,2026-08-13
UgyzSTC6sRZIvRYfdDp4AaABAg,RQdXlIO9cEo,Lula,@MariaBueno-st8es,2026-08-01T06:57:09Z,Lula tetra melhor presidente da estória grande estadista parabéns Luiz Inácio Lula da Silva Lula  cuida do Brazil cuida da pobreza e amor 💗❤️❤️🙏🏻🙏🏻 parabéns meu presidente mas amado do mundo ❤13❤13❤13.  2026. ❤2026❤,0,2026-08-13
UgyeKolrQLBqJPnO2kx4AaABAg,RQdXlIO9cEo,Lula,@MariaBueno-st8es,2026-08-01T06:53:29Z,E nó primeiro turno Luiz Inácio Lula da Silva filho de dona lindu a mãe mais amada do Brazil parabéns meu presidente mas amado do mundo ❤❤❤❤,0,2026-08-13
UgzflsEdOzjivxpvg7Z4AaABAg,RQdXlIO9cEo,Lula,@rosamabarbosa2693,2026-07-31T15:08:21Z,Boa tarde Presidente ❤,0,2026-08-13
UgyELAFCZj343jTIh294AaABAg,RQdXlIO9cEo,Lula,@leidelemos4608,2026-07-31T00:00:21Z,Disgraca do brasil,0,2026-08-13
UgwulyTlB6IfHjxfQsN4AaABAg,RQdXlIO9cEo,Lula,@suelymutran3250,2026-07-30T02:32:02Z,"Presidente  tome cuidado com essa corja bolsonarista, nao prestam se Deus quiser o sr, sera reeleito❤🎉",0,2026-08-13
UgwBgEPIT18IqW_km9p4AaABAg,RQdXlIO9cEo,Lula,@LindamarMartinsdaSilva,2026-07-29T12:13:01Z,Melh e president  lula novo el da paz iqual nos  deix  el quet trono   prest gerencia   boa pessoa nos ja conh el coloc outr ate gent conh outr,0,2026-08-13
UgwEqRwPAepax0tBqBB4AaABAg,RQdXlIO9cEo,Lula,@mariadagraca1841,2026-07-27T23:28:58Z,"Senhor presidente Lula Brasil precisa de você 

Presidente da Argentina Miley foi coisa mandada """"""""""""""""""""""""""""""""""""""""""""""""""""""""""""""""""""""""""""""""""""""""""""""""""""""""""""""""""""""""""""""""premeditado""""""""""""""""""""""""""""""""""""""""""""""""""""""""""""""""""""""""""""""""""""""""""""""""""""""""""""""""""""""""""""""""",0,2026-08-13
Ugzu3ki0L7O59wy_HO14AaABAg,RQdXlIO9cEo,Lula,@lucieneDeJesus-c5z,2026-07-27T10:12:40Z,Deus é contigo presidente Lula ❤❤❤,0,2026-08-13
UgyxGiLGtWGESids6QV4AaABAg,RQdXlIO9cEo,Lula,@RibamarGomes-fn8ph,2026-07-27T06:02:43Z,❤❤❤👍🏼,1,2026-08-13
UgxWrS7fq6vaV5_Fett4AaABAg,RQdXlIO9cEo,Lula,@eversonbielavski8516,2026-07-26T13:31:36Z,"Pras pessoas viverem com mais dignidade é só baixar os impostos. Parar de roubar, só isso.",0,2026-08-13
UgxvQPPE8CKKK7Jy8sN4AaABAg,RQdXlIO9cEo,Lula,@JoséPimentel-j3u5c,2026-07-26T11:42:02Z,Bom Dia  Povo de Deus  n a Presença do Senhor   Eke e Fiel e Justo  Feliz    a Nação Cujo Deus e o Senhor   Luis Inácio  Lula da Silva o Melhor Presidente do Brasil de Todos os Tempos  Gracas a Deus Toda Essa Equipe  De Ministro  Secretario nEla não Foi Escolhida Pelo Ela Escolhida Por Deus ele e Bom o Tempo Todo O Tempo Todo Deus e. Bom Que Essa Estrela Continue Para a Glória do Senhor ❤❤❤❤ Lula Treze treze treze treze treze treze treze treze treze treze ❤❤ Tetra tetra tetra tetra tetra tetra O Senhor Foi Escolhido Por Deus Pra Comandar o  Povo Brasileiro  Parabéns Deus Abençoe a Todos,0,2026-08-13
UgxyUTGGVeUTVggTP0t4AaABAg,RQdXlIO9cEo,Lula,@LindamarMartinsdaSilva,2026-07-25T14:54:37Z,Just beber  no tanao com influciadora  nao  se fal que mentira del  d badia morgania  bruno iss9 so put  numc foi influciadora  nao,0,2026-08-13
UgzI9D9fsKTcI-UmtJV4AaABAg,RQdXlIO9cEo,Lula,@adrianamacedo-gb2fm,2026-07-25T13:45:35Z,Parabéns  meu amado Presidente  o  senhor  é  o  melhor  2026 e Lula  e 13 e PT  e Esquerda  rumo  à  Vitória  ❤❤❤❤ 2026 e nosso,0,2026-08-13
UgygKv3gne80zR9UQcR4AaABAg,RQdXlIO9cEo,Lula,@massa_ito_65,2026-07-24T20:45:04Z,👏👏👏👏👏⭐⭐⭐⭐🇧🇷❤,0,2026-08-13
UgxorK9hBhsJ5U10kkV4AaABAg,RQdXlIO9cEo,Lula,@CaioBB-h2i,2026-07-24T14:02:14Z,O MAIOR ESTADISTA DO MUNDO 🌎 LULA 13,0,2026-08-13
UgzP0cmQL9wUkcxXSDF4AaABAg,RQdXlIO9cEo,Lula,@jaquelinesantos22222,2026-07-23T17:55:42Z,Que DEUS abençoe o Meu Presidente!❤,0,2026-08-13
Ugwss3iw2j45GANmN5V4AaABAg,RQdXlIO9cEo,Lula,@Andersoncaval,2026-07-23T15:00:58Z,🇧🇷💚,0,2026-08-13
UgwxiroS8V4n5c_CJe14AaABAg,RQdXlIO9cEo,Lula,@darcirodrigues6254,2026-07-23T10:58:33Z,Saúde fortalece pessoas saudáveis pra todos os sentidos trabalho segurança soberania nacional legal 🙏🙏🙏🙏🙏,0,2026-08-13
Ugxk2Iq_bJPv2_oV3yZ4AaABAg,RQdXlIO9cEo,Lula,@AndreaA113,2026-07-23T00:59:24Z,"Mulheres com Lula e Haddad Governador 🚩🌟 Queremos vida, saúde e futuro para nossos filhos 🎉❤",0,2026-08-13
Ugy6xcQOfFW7AXQ_o-x4AaABAg,RQdXlIO9cEo,Lula,@AndreaA113,2026-07-23T00:56:38Z,"13 de novo 🚩🌟 13 em São Paulo 🚩🌟Lula e Haddad, Marina Silva e Simone Tebet senadoras 🎉",0,2026-08-13
UgzX3tALMhiVTpMAG294AaABAg,RQdXlIO9cEo,Lula,@CeliaNogueiradosSantos-w1y,2026-07-23T00:55:06Z,Parabéns meu presidente lula,0,2026-08-13
UgzT-hxhcgSqveX-YcN4AaABAg,RQdXlIO9cEo,Lula,@inercionedel6456,2026-07-23T00:43:57Z,Lula ❤❤❤❤ tétra.,0,2026-08-13
UgyJ--VB0Qi2JOn1kFZ4AaABAg,RQdXlIO9cEo,Lula,@mariadinademedeirosmedeiro2832,2026-07-22T20:09:40Z,🙏🏽👏🏼😍❤️,0,2026-08-13
UgwdIfVLU4fdd_SvyqZ4AaABAg,RQdXlIO9cEo,Lula,@marianeuza9139,2026-07-22T19:13:14Z,"Viva o SUS!
🎉🎉🎉",0,2026-08-13
UgyWcm_hhzBgw2JMWYx4AaABAg,RQdXlIO9cEo,Lula,@heloisemontenegro72,2026-07-22T16:51:16Z,LULA PRESIDENTE REELEITO NO PRIMEIRO TURNO ❤🇧🇷✨️💛💚🚩✊️👏👏👏👏🚩👍🏻✨️,0,2026-08-13
UgzYSX9f_jLbJymEVYR4AaABAg,RQdXlIO9cEo,Lula,@LuisCarlos-ei6gc,2026-07-22T16:16:22Z,🎉🎉🎉🎉🎉🎉🎉🎉🎉🎉 lulaaaaaaaa 2026,0,2026-08-13
UgwYx4qXO2r9_h6OVdV4AaABAg,RQdXlIO9cEo,Lula,@irenemargarida6445,2026-07-22T15:50:23Z,Meu presidente amado lulaaaa tetraaaa ❤❤❤,0,2026-08-13
UgxWb4Qxg1-_sVlF2ht4AaABAg,RQdXlIO9cEo,Lula,@eugeniocaetanobarbosa3226,2026-07-22T15:14:05Z,este ee ocar,0,2026-08-13
Ugw5i-UtmudqpCiAbuB4AaABAg,RQdXlIO9cEo,Lula,@soliqassem,2026-07-22T13:32:57Z,Lula ❤,0,2026-08-13
Ugyvdg5h6kU_lW4WkI14AaABAg,RQdXlIO9cEo,Lula,@ElmaBarbosadias,2026-07-22T13:14:43Z,Evedadi❤,0,2026-08-13
Ugwu6YXjp6tJS8GJiaZ4AaABAg,RQdXlIO9cEo,Lula,@franciscadasilva8597,2026-07-22T13:14:18Z,"Isso mesmo nosso excelente presidente Lula 
Estamos juntos novamente ❤ 13 ❤️",0,2026-08-13
UgxzoRj75AkdZB0gWON4AaABAg,RQdXlIO9cEo,Lula,@AlieteCalderan,2026-07-22T09:28:42Z,Falou tudo lula no primeiro turno,1,2026-08-13
Ugz0J-F9eOAhDKey9c14AaABAg,RQdXlIO9cEo,Lula,@Ruth-i3k3e,2026-07-22T03:04:46Z,Pesidente,1,2026-08-13
UgwhPuw1e0qyzOQC8SB4AaABAg,RQdXlIO9cEo,Lula,@Ruth-i3k3e,2026-07-22T03:03:41Z,Deus te abençoe muito presidente lula,0,2026-08-13
UgwmbzlpzNBVl3DHA_x4AaABAg,RQdXlIO9cEo,Lula,@JANIOLIMAA,2026-07-22T02:37:03Z,Esse cara ai nao e lula verdadeiro nao,0,2026-08-13
Ugx2-hWBCnAcUCA154l4AaABAg,RQdXlIO9cEo,Lula,@helenalopes4787,2026-07-22T01:46:54Z,Esse é  o nosso Presidente,0,2026-08-13
Ugy2BJfZ_dCPt7v9i9B4AaABAg,RQdXlIO9cEo,Lula,@JoseliaOliveira-s8b,2026-07-22T01:10:06Z,Que Deus abençoe o nosso presidente lula e o nosso brasil sempre 🙏🙌,1,2026-08-13
Ugw7ikMSZqRYzU8WdNh4AaABAg,RQdXlIO9cEo,Lula,@marcossimioni5464,2026-07-22T00:51:10Z,Mentiroso,0,2026-08-13
UgyPzStKCCUBeFe01F54AaABAg,RQdXlIO9cEo,Lula,@maykonalmeida667,2026-07-21T23:47:03Z,🇧🇷💕,1,2026-08-13
UgzzuIRKWwW5h07vCpR4AaABAg,RQdXlIO9cEo,Lula,@andreamarciazago2045,2026-07-21T23:10:16Z,É LULA TETRA.,1,2026-08-13
UgxOojb-cjsCcNKvu7Z4AaABAg,RQdXlIO9cEo,Lula,@edmilzapoetisa4852,2026-07-21T22:46:36Z,""""""""""""""""""""""""""""""""""""""""""""""""""""""""""""""""""""""""""""""""""""""""""""""""""""""""""""""""""""""""""""""""" ### A M É M !!!!!!!, A L E L U I A !!!!!!!⭐⭐⭐⭐⭐❤️❤️❤️❤️❤️🙏🙏🙏🙏🙏😇😇😇😇😇😀😀😀😀😀😘😘😘😘😘🤝🤝🤝🤝🤝👋👋👋👋👋🙌🙌🙌🙌🙌💯💯💯💯💯🇧🇷🇧🇷🇧🇷🇧🇷🇧🇷🙏🙏🙏🙏🙏",1,2026-08-13
UgxkLHIWHzwq-EVj9U94AaABAg,RQdXlIO9cEo,Lula,@blue_joe_o,2026-07-21T22:07:07Z,A direita acha que isso é custo porque não entende nada de humanidades.,0,2026-08-13
UgwFkLrXze7X0JD68qN4AaABAg,RQdXlIO9cEo,Lula,@JoyceDaCosta-e9w,2026-07-21T21:21:38Z,Esse é o melhor Presidente do Brasil em todos os tempos! ❤❤❤❤❤❤❤,1,2026-08-13
UgxL9TvQISBijOs88Vl4AaABAg,RQdXlIO9cEo,Lula,@RobertoCaetanodossantos,2026-07-21T21:08:04Z,Amem,1,2026-08-13
UgyweKTF0ihN62dJfzB4AaABAg,RQdXlIO9cEo,Lula,@RobertoCaetanodossantos,2026-07-21T21:07:23Z,Amem,2,2026-08-13
Ugy8tQTXQjtfh2b9sKp4AaABAg,RQdXlIO9cEo,Lula,@ritacassiabarretodesousa1493,2026-07-21T21:00:14Z,❤❤❤❤❤❤❤❤❤,1,2026-08-13
UgzEh2VjJWGIntBidPV4AaABAg,jikAyUCshQM,Lula,@WebertonRodriguesDeCastro,2026-08-01T06:38:17Z,"Como nos brasileiros podemos melhorar, nao ter medo nas sim ter oportumidades. 13 2026 ...",0,2026-08-13
UgxvdK5zi3fvj8Gv2HR4AaABAg,jikAyUCshQM,Lula,@CarlosAlberto-nw7js,2026-07-26T16:24:52Z,"gostaria de saber si nos postos de saúde tem esse medicamento de sete milhões de reais .ou onde quem precisar qual o procedimento de retirada pra uso em sua saude
parabéns  o brasil mudou pra melhor  graças ao presidente lula",0,2026-08-13
Ugz1xmsHfUyyHd--ZMJ4AaABAg,jikAyUCshQM,Lula,@CarlosAlberto-nw7js,2026-07-26T16:19:19Z,parabens ao governo federal por essa iniciativa,0,2026-08-13
UgwYapO3sKDb9mtlH-54AaABAg,jikAyUCshQM,Lula,@luismazzariol8100,2026-07-26T14:07:42Z,PARABÉNS NOSSOS PELO  INSTITUTO  DE TECNOLOGIA  E INOVAÇÃO PARA INDÚSTRIA FARMACÊUTICO EM NOVAS TECNOLOGIAS DO BRASIL PARA FUTURO FARMACÊUTICO NACIONAL  MAIS  SEGURO,1,2026-08-13
UgxKk4GeYu9fob9sb8x4AaABAg,jikAyUCshQM,Lula,@hahahahhbom,2026-07-24T09:54:25Z,Voltei em lula em todas agora tô fora vai matar a população de tanto imposto,0,2026-08-13
UgxVnsGiko1Pau7HDPZ4AaABAg,jikAyUCshQM,Lula,@angelcalcastro5855,2026-07-23T11:34:09Z,🇧🇷💚💛💙💟👏👏👏👏👏👏👏👏👏👏👏👏👏👏👏👏👏👏👏👏👏👏👏👏👏👏👏,0,2026-08-13
UgxXVLNVY-1Pptps_JZ4AaABAg,jikAyUCshQM,Lula,@robersonaparecidoferreira683,2026-07-22T22:47:23Z,Boa noite Presidente Luís Inácio da Silva e vice Presidente Geraldo Aukim e todos eTodas os participantes 👏🏽 ⭐️ 👏🏽 ⭐️ 👏🏽 ⭐️,0,2026-08-13
UgziuyP3byHJmHYD9a94AaABAg,jikAyUCshQM,Lula,@mariadinademedeirosmedeiro2832,2026-07-22T20:39:39Z,👏🏼😍❤️🙏🏽,0,2026-08-13
Ugzp9ygtvggQMmxIyBV4AaABAg,jikAyUCshQM,Lula,@HenriqueSIIva-zo6jz-7,2026-07-22T14:15:16Z,"Sr presidente, quando teremos resultados reais? Quando seu governo vai entregar algo para o povo e que não seja esmola?",0,2026-08-13
UgzJBx1qrc6HnpReC9t4AaABAg,jikAyUCshQM,Lula,@edwaldocamargo4387,2026-07-22T14:13:37Z,Sr Lula o Sr é o presidente do Brasil é preciso ter mais cuidado com as palavras o Sr precisa fazer uma campanha eleitoral com paz e sabedoria peço para o Sr respeitar Flávio Bolsonaro infelizmente a extrema direita no Brasil é uma facção do crime político contra o Brasil por favor Sr Lula não faça discussão com a extrema direita no Brasil por favor por favor,0,2026-08-13
Ugw_0vORXkhNdlnN5Lh4AaABAg,jikAyUCshQM,Lula,@soliqassem,2026-07-22T13:31:29Z,Lula ❤,1,2026-08-13
UgwFPpjxBLZMZ9u1J3V4AaABAg,jikAyUCshQM,Lula,@FranthescoFisio,2026-07-21T22:53:42Z,A equipe é boa em apagar as críticas,0,2026-08-13
UgwWOsMcLZrKL5Ruiux4AaABAg,jikAyUCshQM,Lula,@rosanafontes359,2026-07-21T18:15:37Z,Avante Brasil💚💛,1,2026-08-13
UgwD2PQ4y1D6KXzpDC54AaABAg,jikAyUCshQM,Lula,@rosanafontes359,2026-07-21T18:14:24Z,Presidente Lula💚💛✊,1,2026-08-13
UgwYzw6MO0YVEUooe114AaABAg,jikAyUCshQM,Lula,@AnjodoSenhor,2026-07-21T16:30:56Z,"OBRIGADA PRESIDENTE LULA PELO GRANDE AUXÍLIO QUE O SEU GOVERNO DEU NA ENCHENTE DE 2024. EU E MINHA MÃE FOMOS BENEFICIADAS. MUITAS VÍTIMAS DO SUL RECEBERAM CESTAS BÁSICAS, AUXÍLIO FINANCEIRO E FISCAL DO SEU GOVERNO. NOSSO PREFEITO TAMBÉM AJUDOU AQUI. FIQUEM COM DEUS.",1,2026-08-13
UgxBtPibS4IRTN2VioV4AaABAg,jikAyUCshQM,Lula,@nelleh.,2026-07-21T15:57:19Z,❤,0,2026-08-13
UgwAlFrF5A20o6sli1t4AaABAg,jikAyUCshQM,Lula,@luven4816,2026-07-21T13:34:33Z,Lula! Nao pode faltar ao debate. Tem que ir e ignorar o Flavio. Se apertarem o Flavio ele desmaia. Cobre dele a planilha de gastos do dinheiro do Vorcaro que ele ia mostrar e nunca mostrou.,0,2026-08-13
UgzT-kgup7VfiO7tkF14AaABAg,jikAyUCshQM,Lula,@josecidesousa1020,2026-07-21T13:17:17Z,"VIVAS AO NOSSO ETERNO PRESIDENTE, EXCELENTÍSSIMO SENHOR LUIZ INÁCIO LULA DA SILVA&EXCELENTÍSSIMA PRIMEIRA DAMA, SENHORA ROSÂNGELA LULA DA SILVA(JANJA).  GRATIDÃO E PARABÉNS POR TUDO FEITO AO LONGO DA SUA VIDA SINDICAL E POLÍTICA EM PROL DA NOSSA SOBERANIA E DA JUSTIÇA SOCIAL... E VIVA A NOSSA ETERNA PRESIDENTA, EXCELENTÍSSIMA SENHORA, DILMA ROUSSEFF!!! VIVA NOSSA ETERNA E QUERIDÍSSIMA, EXCELENTÍSSIMA SENADORA, SENHORA BENEDITA DA SILVA!!! VIVAS AO NOSSO QUERIDÍSSIMO E EXCELENTÍSSIMO PRESIDENTE DO PARTIDO DOS TRABALHADORES(PT), SENHOR, EDINHO SILVA!!! VIVAS AO NOSSO QUERIDÍSSIMO E EXCELENTÍSSIMO VICE-PRESIDENTE, SENHOR GERALDO ALKIMIN!!!  VIVAS AO EXCELENTÍSSIMO MINISTRO E EX-GOVERNADOR DO PIAUÍ, PROF. WELLINGTON DIAS!!! VIVAS AO EXCELENTÍSSIMO GOVERNADOR DO NOSSO QUERIDO PIAUÍ, PROF. RAFAEL FONTELES!!! VIVAS AO EXCELENTÍSSIMO DOUTOR, MINISTRO, PROF. FLÁVIO DINO!!! VIVA EXCELENTÍSSIMA DEPUTADA, SENHORA JANDIRA FEGHALI!!! VIVA A EXCELENTÍSSIMA MINISTRA, SENHORA GLEISI HOFFMANN!!! VIVAS A  EXCELENTÍSSIMA DEPUTADA, SENHORA ÉRICA HILTON!!! VIVAS A EXCELENTÍSSIMA MINISTRA, SENHORA NÍSIA TRINDADE!!!! VIVAS AO  EXCELENTÍSSIMO SENADOR, SENHOR EDUARDO SUPLICY!!!! VIVAS EXCELENTÍSSIMO SENHOR, MINISTRO FERNANDO HADDAD!!!! VIVAS AO EXCELENTÍSSIMO SENHOR MINISTRO, PROF. ALOÍZIO MERCADANTE!!! VIVAS AO EXCELENTÍSSIMO MINISTRO, SENHOR CARLOS MINC!!! VIVAS AO EXCELENTÍSSIMO DELEGADO ALEXANDRE SARAIVA!!! VIVAS AO  EXCELENTÍSSIMO MINISTRO, PROF. GUILHERME BOULOS!!!VIVAS AO EXCELENTÍSSIMO DEPUTADO, SENHOR LINDBERGH FARIAS!!! VIVAS AO EXCELENTÍSSIMO SENHOR DEPUTADO, PROF. GLAUBER BRAGA!!! VIVAS AO  EXCELENTÍSSIMO DEPUTADO, SENHOR RENATO FREITAS!!! VIVAS AO EXCELENTÍSSIMO GOVERNADOR, PROF. ROBERTO REQUIÃO!!! VIVAS AO NOSSO QUERIDÍSSIMO E EXCELENTÍSSIMO TROMPETISTA, SENHOR FABIANO!!!🙏 🌱🙏QUE DEUS OS ABENÇOE E OS PROTEJA HOJE E SEMPRE...🙏🌱🙏 E, VIVA TAMBÉM AO NOSSO QUERIDÍSSIMO PROF. FERNANDO HADDAD E AO POVO DE SÃO PAULO...E, VIVAS TAMBÉM AO NOSSO QUERIDÍSSIMO GOVERNADOR DO NOSSO QUERIDO PIAUÍ, PROF. RAFAEL FONTELES... E, VIVA A TODOS NÓS BRASILEIROS E, TAMBÉM AOS POVOS PALESTINOS , IRANIANOS, MOÇAMBICANOS, ANGOLANOS, CUBANOS, AFRICANOS, VENEZUELANOS E A TODOS OS POVOS ESTRANGEIRO NO MUNDO INTEIRO... PRINCIPALMENTE AOS POVOS OPRIMIDOS... E, VIVA DEUS 🙏🌱🙏NOTA: PARABENIZAMOS TAMBÉM A EXTRAORDINÁRIA EQUIPE QUE FORMAM AO GOVERNO LULA, PELA COMPETÊNCIA E PERSPICÁCIA E PRINCIPALMENTE AO ATUANTE PRESIDENTE LULA E TODA SUA EQUIPE... UM FORTE ABRAÇO A TODOS, COM ÀS BENÇÃOS DE DEUS 🙏🌱🙏🎬🎼🎼🎼🎸🪘🥁🎻🎺🎷🪉🪕🎸🎹🎤🎼🎼🎼🎼🎼🌏🌍🌎🌱🌈🌱🫂🦉🦋🌱🌈🌱🌻❤️🌻🌹🌻
GRATIDÃO E PARABÉNS AOS ILUSTRES MESTRES DA COMUNICAÇÃO INDEPENDENTE E PROGRESSISTA 🙏🌱🙏 
 🙏🌱🫂🦉🦋🎬🎼 🙏 🌱🙏🎬🎼🎼🎼🪗🪘🥁🎻🎺🎷🪉🪕🎸🎹🎸
 👍🤝🙌🫂🦉🦋🌈🌱🌍🌎💫✨🌟✨💫👏👏👏👏👏👏👏🇲🇿🇲🇿🇲🇿🇯🇴🇯🇴🇯🇴🇨🇺🇨🇺🇨🇺🇭🇹🇭🇹🇭🇹🇪🇨🇪🇨🇪🇨🇨🇳🇷🇺🇮🇹🇧🇷👏👏👏👏👏👏👏👏👏🎼🎼🎼🎼🎼🎼🎼🎼🎼
👍🤝🙌👏👏👏👏👏👏👏👏👏🙏🌱🙏🌱🌱🌱🌱🌱🌱🌱🌱🌱🌱🌱🌱",0,2026-08-13
UgwK4AsONmT6CLDE-ft4AaABAg,jikAyUCshQM,Lula,@BálsamoNaroeira,2026-07-21T12:45:11Z,"A questão do presidente do Nicarágua dizer que não haverá mais eleições no país, e isso será usado pela direita e irá realmente prejudicar o lula",0,2026-08-13
UgwTAIOrRCpYFqRQxot4AaABAg,jikAyUCshQM,Lula,@fazdosseusanjosventos,2026-07-21T12:20:39Z,Não duvide presidente lula,1,2026-08-13
UgwroD9wF-SHiitps1d4AaABAg,jikAyUCshQM,Lula,@fazdosseusanjosventos,2026-07-21T12:19:57Z,Presta atenção presidente lula não se intrometa na guerra de Israel contra os inimigo dele  fique neutro não se intrometa  visite a comunidade judeus no Brasil  DEUS ele está aqui no Brasil lutando contra os bossonaristas,0,2026-08-13
Ugw3ANcWc1KP1R5jADN4AaABAg,jikAyUCshQM,Lula,@simaurasimonetti6493,2026-07-21T11:20:19Z,Cancela USA e exporta p outros mercados. Brasil soberano 🇧🇷🇧🇷🇧🇷,1,2026-08-13
Ugy2pNY5rNcvnXBps1Z4AaABAg,jikAyUCshQM,Lula,@reinaldosantos187,2026-07-21T11:13:11Z,"só narrativa, me engana que eu gosto, campanha eleitoral, temos muitos analfabetos e bobos nesse país....mel dels.....",0,2026-08-13
UgxN7E0uqMj2XjVomGN4AaABAg,jikAyUCshQM,Lula,@FranciscaSousa-g7f,2026-07-21T10:44:43Z,É LULA DA SILVA TETRA PRESIDENTE sendo LULA DA SILVA TETRA PRESIDENTE 2026!!! ❤🎉❤🎉❤🎉❤,1,2026-08-13
UgwMEx1D_HKgXJPpCOJ4AaABAg,jikAyUCshQM,Lula,@rodolfopierola7899,2026-07-21T06:27:40Z,"Boa noite hermano Presidente Lula, parabens para voce, muito obrigado por la.informação. Atte. Rodolfo Pierola Ergueta Presidente del Consejo Internacional de Residentes Bolivianos en el Exterior.",1,2026-08-13
UgyUr8UeN-EbrrzO17N4AaABAg,jikAyUCshQM,Lula,@givanildosilva8549,2026-07-21T05:13:09Z,Lula presidente no primeiro turno 2026,1,2026-08-13
UgyGGE-DAGtISQPvRjx4AaABAg,jikAyUCshQM,Lula,@analuizasoares3525,2026-07-21T01:20:29Z,"Ótimo trabalho do Presidente Lula , parabéns !!!",0,2026-08-13
UgztVsDz1cr9xQZrXtF4AaABAg,jikAyUCshQM,Lula,@ElaideAlmeidadeSousa,2026-07-21T00:12:24Z,Inesquecível essa apresentação,1,2026-08-13
Ugw_jgYNOevTjIBk6HF4AaABAg,jikAyUCshQM,Lula,@mirandaaraujomira,2026-07-21T00:00:51Z,"Vivaaaa, os Brics.",1,2026-08-13
Ugyj0xCq5Z2j_luoSYN4AaABAg,jikAyUCshQM,Lula,@franciscajosaniraviana706,2026-07-20T23:59:39Z,É Lula tetra e não tem prá ninguém.,1,2026-08-13
UgwWRzO6gmOw_l5wLaF4AaABAg,jikAyUCshQM,Lula,@LucasVidal-d4v,2026-07-20T23:49:09Z,Guerreiro te amamos,1,2026-08-13
UgzqVyc1EczF0VlyBuN4AaABAg,jikAyUCshQM,Lula,@LucasVidal-d4v,2026-07-20T23:47:01Z,Lula guerreiro do povo brasileiro tmj senhor presidente ✊ muitos anos de vida para o senhor,1,2026-08-13
Ugy1GWpcBTs35fHz_Zh4AaABAg,jikAyUCshQM,Lula,@joaolenopereira9187,2026-07-20T23:45:06Z,Minha vida mudou mudou pra melhor.,1,2026-08-13
UgzbjKTG1-_v_E3hOUB4AaABAg,jikAyUCshQM,Lula,@joaolenopereira9187,2026-07-20T23:44:25Z,Lula no 1 turno.,1,2026-08-13
UgzjDQjyLMS-My1B-pl4AaABAg,jikAyUCshQM,Lula,@josimaracristina9397,2026-07-20T23:37:43Z,🎉❤👏👏🇧🇷,1,2026-08-13
UgwjIejEWTskmDSyc_x4AaABAg,jikAyUCshQM,Lula,@ivonechicaozinho1646,2026-07-20T23:35:06Z,"Presidente, com tudo isso, o povo vai pagar menos pelos medicamentos?",0,2026-08-13
Ugy9EmDCY5QtMuekCBB4AaABAg,jikAyUCshQM,Lula,@PauloSérgioSérgio-n4o,2026-07-20T23:28:28Z,Lula reeleito no primeiro turno presidente 13 13 13 13 13 Lula 2026,1,2026-08-13
UgwyQSLTU9CwQTzEXed4AaABAg,jikAyUCshQM,Lula,@joelsongomessantos3546,2026-07-20T23:05:28Z,Esse sim é um presidente de valor parabéns presidente Lula e sua equipe de trabalho.,1,2026-08-13
UgyD3_Q2fTObx29pm2t4AaABAg,jikAyUCshQM,Lula,@julietacristinaperezdasilv8564,2026-07-20T23:02:49Z,Que som baixo!!!,0,2026-08-13
Ugw_grm7M6PH5qoI56B4AaABAg,jikAyUCshQM,Lula,@ritacassiabarretodesousa1493,2026-07-20T22:17:19Z,❤❤❤❤❤❤❤❤❤❤,3,2026-08-13
Ugx2GFRb4XJ6ic6d8ox4AaABAg,jikAyUCshQM,Lula,@yonemariapintosantos1283,2026-07-20T21:53:25Z,Maravilhoso!,3,2026-08-13
UgyomcDfqQEi_nSXNsx4AaABAg,jikAyUCshQM,Lula,@FatimaCassales,2026-07-20T21:42:35Z,Lula é o nosso Presidente!!!,3,2026-08-13
Ugxi2s3TUksxUW-58iJ4AaABAg,jikAyUCshQM,Lula,@miltondasilvacurvelo5356,2026-07-20T21:36:29Z,A minha revisão da vida toda nada sabe quando eu vou votar em vc nunca mais,1,2026-08-13
UgzLgFsPK_nI43G85q14AaABAg,jikAyUCshQM,Lula,@osvaldofaneco4029,2026-07-20T21:30:45Z,BRICS  PIX BRASIL NO MUNDO REAL,4,2026-08-13
UgwjD3z4FmUuc_MeYmd4AaABAg,jikAyUCshQM,Lula,@Soniasilvaql3,2026-07-20T21:30:05Z,Parabéns presidente Lula sempre ❤❤❤,1,2026-08-13
UgxJni8SA5hAXNpH-hp4AaABAg,jikAyUCshQM,Lula,@mariaanisiagomes8706,2026-07-20T21:25:33Z,Lula tetra.Brasil soberano.,3,2026-08-13
UgzWNE6ZYkAsQJYIGQV4AaABAg,jikAyUCshQM,Lula,@AdeildoGuilhermino-f3i2r,2026-07-20T21:20:05Z,Papai lula vá no palácio onde ou senhor tiver d um abraço no PR Marcos Feliciano d pende sua política com Eli Eli também e deputado sua vida vai muda papai lula,1,2026-08-13
Ugws-3tWuddlSwT2HUN4AaABAg,jikAyUCshQM,Lula,@osvaldofaneco4029,2026-07-20T21:08:29Z,"NO PARANÁ REQUIÃO FILHO GOVERNADOR, GLEISI ROFMAN SENADORA E DEPUTADOS FEDERAIS E  ESTADUAIS DO  PT",2,2026-08-13
UgwB4Y_4_rS0KJie2MJ4AaABAg,jikAyUCshQM,Lula,@marcozerocarpina789,2026-07-20T20:56:06Z,PROVIDÊNCIA DIVINA OLÉ OLÉ O LA LULA LULA CRÂNIO,2,2026-08-13
UgwM-F05WOSo-AqJjk54AaABAg,jikAyUCshQM,Lula,@sergio68123,2026-07-20T20:36:00Z,O presidente LULA não faz dança ele trabalhar e muito,0,2026-08-13
UgxwQXxrRyhUCyLaNOt4AaABAg,xdaFYE8xhwo,Lula,@DaianeTavaresdaSilva,2026-08-12T20:39:09Z,"VISTO QUE GRAÇAS A DEUS, SOMOS O MAIOR PAÍS DA AMÉRICA LATINA, É IMPORTANTE PROMOVER AÇÕES QUE AJUDEM O PERU, VENEZUELA, COLÔMBIA! SERÁ POSSÍVEL CONSEGUIR FORTALECER OS LAÇOS DE AMIZADE, ENTRE OS PAÍSES LATINOS!🙌🇧🇷👍",0,2026-08-13
Ugzh3A5_1ENM6tHCHbZ4AaABAg,xdaFYE8xhwo,Lula,@DaianeTavaresdaSilva,2026-08-12T20:34:40Z,"GOSTARIA DE SABER SE O BRASIL JÁ ENVIOU AJUDA PARA A COLÔMBIA! VISTO QUE DEUS SOMOS O MAIOR PAÍS DA AMÉRICA LATINA! SE QUEREMOS UNIR A AMÉRICA LATINA, SOCORRER A VENEZUELA,  A COLÔMBIA, PERU, JÁ É O PRIMEIRO PASSO!🙌🇧🇷👍",0,2026-08-13
UgwUrurYbEMWs5ec_K94AaABAg,xdaFYE8xhwo,Lula,@jorgepescador-i7q,2026-08-11T19:36:11Z,Lula ❤❤❤❤Lula   2026,0,2026-08-13
UgyXo0wCn0VNW5lzVT94AaABAg,xdaFYE8xhwo,Lula,@rosinetecostabastos8967,2026-08-04T16:12:49Z,❤❤❤❤❤❤❤❤ parabéns presidente Lula tetra é 13 13 13 13 13 13 13 13 13 13 13 13 13 13 13 de novooooooo Lula tetra ❤❤❤❤❤❤❤❤❤❤❤❤❤❤❤❤❤❤❤❤❤❤❤❤,0,2026-08-13
UgxfF8u6RewEeiOVlP14AaABAg,xdaFYE8xhwo,Lula,@marciaaguiar4415,2026-08-04T00:27:54Z,Luiz Inácio Lula da Silva o melhor presidente que o Brasil já teve.,1,2026-08-13
UgwE7gBRRexuTeepQih4AaABAg,xdaFYE8xhwo,Lula,@MarcoantonioCarneiro,2026-08-03T22:56:34Z,A mesma conversa faz 30 anos e nada muda,0,2026-08-13
Ugw6jKttGka0rvI0Q3Z4AaABAg,xdaFYE8xhwo,Lula,@EmilioPrado-k3e,2026-08-03T21:05:30Z,Vai cara de pau,0,2026-08-13
UgwonQiQSdFRepBPZLB4AaABAg,xdaFYE8xhwo,Lula,@ElieudoMoraes,2026-08-03T01:00:12Z,E lulalaaaa 13,0,2026-08-13
UgxRgD9w9ThRV8pzQSR4AaABAg,xdaFYE8xhwo,Lula,@ericajubarte9205,2026-08-02T01:42:04Z,👏🏻👏🏻👏🏻👏🏻👏🏻👏🏻,0,2026-08-13
UgxbCZdTGuXB2-DsubB4AaABAg,xdaFYE8xhwo,Lula,@GeliardeNovaes,2026-08-01T23:04:32Z,"❤❤❤🎉🎉🎉🎉LuLa


2026🎉🎉🎉🎉🎉🎉🎉🤩🤩🤩🤩🤩🤩🤩🤩🤩🤩🌈🏢🏢🏢🏢🏩🏩🏩🏩🏩🏩🏩🏩🏩🏩🏚🏚🏚🏚🏚🏚🏚🏚🏚🏚🏚🏚🏚LuLa2026",1,2026-08-13
UgxIhxk4VQH45QGCLbt4AaABAg,xdaFYE8xhwo,Lula,@franciscodomingos4056,2026-08-01T16:59:42Z,Kkkkklula adivinha o guê o povo costa o povo costa de doce de leite dê picanha e comer bombom refrigerante  Guaraná tivinha  durmi didia  ó ó ó ónos nós não são são babacas babacas  mais mais nunca mais  bbbbffflula bbbbb picareta,1,2026-08-13
UgxP4KXSONw8JcLcjZ94AaABAg,xdaFYE8xhwo,Lula,@franciscodomingos4056,2026-08-01T16:52:26Z,Guêm EST covernando são  Jesus Cristo  Às FOLSAS Almadas federal   2018 pra cá Cont aborto tirou o horário de verão libertou os arrendatário pra todos Plantas volta pra campo com segurança e câmaras internet  tá trabalhando Covernandores congresso  e e e lula só Zuera  promessa  pla enganar o povo e e e compra de votos LM bbbbbbbbbbbbbbbbbbbbffffffffffffffffffffffffllula ⛏️,1,2026-08-13
UgxadXZgUJcOr3rwowl4AaABAg,xdaFYE8xhwo,Lula,@franciscodomingos4056,2026-08-01T16:42:32Z,"Ladainhas  pió coverno 
 dá história do Brasil mais rico do mundo ambição ambição pra enganar o povo  só na em benção pra enganar nós Brasileiros bbbbbfffffflula ⛏️ ⚒️",1,2026-08-13
Ugyf9TPiqENI3cNYSsB4AaABAg,xdaFYE8xhwo,Lula,@HelenildaClementepeixoto,2026-08-01T11:49:48Z,"É Lula-tetra no primeiro turno com governadores, senadores, deputados estaduais e federais que, como ele, trabalham pelo povo brasileiro e pelo Brasil!🫶🫶🫶🫶🫶🫶🫶🫶🫶🫶🫶🫶🫶🫶🫶🫶🫶",1,2026-08-13
Ugx4tSVzRlbchOdrPyx4AaABAg,xdaFYE8xhwo,Lula,@MariaBueno-st8es,2026-08-01T06:45:18Z,Lula tetra melhor presidente do brasil 🇧🇷🇧🇷🇧🇷🇧🇷 e amor ❤️🙏🏻 parabéns meu presidente mas amado do mundo   é muito forte maravilhoso obrigado pelo carinho com nós estamos juntos sempre com você tenha fé em Deus abençoe sempre sua saúde 131❤ nó primeiro turno Luiz Inácio Lula da Silva grande estadista parabéns Luiz Inácio Lula da Silva,0,2026-08-13
UgwBq8-bUuuWP66q6PJ4AaABAg,xdaFYE8xhwo,Lula,@MariaBueno-st8es,2026-08-01T06:40:41Z,Lula tetra melhor presidente do brasil precisamos de más homem forte como você Lula tetra campeão do país e amor ❤️🙏🏻 parabéns meu presidente.  Nó primeiro turno Luiz Inácio Lula da Silva grande presente mais amado do Brazil. 13❤13❤13❤ nn 2026❤,0,2026-08-13
UgyWLVP6j-jpKcTaEPp4AaABAg,xdaFYE8xhwo,Lula,@JoséPimentel-j3u5c,2026-07-28T10:07:47Z,Feliz a Nação Cujo Deus e o Senhor  Ele e Fiel e  Justo  Creia Somente  Parabens  Ao Melhor Presidente do Brasil de Todos os Tempos  Luis Inácio Lula da Silva   Um Oaus Democrático e Soberano O  Nosso  Pais Brasil  e dos Brasileiros   Deus Possa Abençoar O Nosso Povo  Brasileiro   A Educação E A  Saúde  e Tudo   Pra Um País Democrático E Soberano Como O Nosso.  Lula Treze treze treze treze treze treze treze treze treze treze treze treze ❤❤❤ Tetra tetra tetra tetra tetra,0,2026-08-13
UgzDpJsV4njZXQxYTRp4AaABAg,xdaFYE8xhwo,Lula,@pauloturcatti8652,2026-07-27T10:11:58Z,Orgulho imenso do nosso presidente Lula,0,2026-08-13
UgzboG1Fx0bSErsWYkR4AaABAg,xdaFYE8xhwo,Lula,@alanferreira2074,2026-07-26T19:25:51Z,Aí sim falou toda a verdade para quem procura ela que Deus abençoe sempre ó lula e todos que estão no mesmo objetivos dele em função do nosso país maravilhoso que e o Brasil,0,2026-08-13
Ugyxi8dpE_EpvKVLnCh4AaABAg,xdaFYE8xhwo,Lula,@evamariasouza5119,2026-07-26T18:03:35Z,Lula ❤❤❤❤amamos você Tetra 2026 a 2030 com fé em Deus! E se possível 2030 a 2034❤❤vc é o melhor do mundo.,0,2026-08-13
Ugx_FLbe7eh6Q7Qs-lR4AaABAg,xdaFYE8xhwo,Lula,@eversonbielavski8516,2026-07-26T13:27:55Z,O estado produz algo??? Não. Tudo o que o estado faz é com o dinheiro do povo.,0,2026-08-13
UgwRAszm2Pf0FfaWz-t4AaABAg,xdaFYE8xhwo,Lula,@eversonbielavski8516,2026-07-26T13:26:57Z,O estado só atrapalha e cobra impostos apenas isso. Só cego não vê.,0,2026-08-13
Ugx9l0nJnbC0Ec6RYF94AaABAg,xdaFYE8xhwo,Lula,@lizluz4335,2026-07-26T11:25:05Z,Gratidão por tudo que o Sr fez e faz pelo Brasil!,0,2026-08-13
UgwsZQmLLMQxjCrefYl4AaABAg,xdaFYE8xhwo,Lula,@Raimundo-j8l,2026-07-26T01:00:13Z,Com o presidente lula o Brasil voltou a crescer.gerou emprego em todas as regiões do Brasil.,0,2026-08-13
Ugyx84Z9MpDRw-g958N4AaABAg,xdaFYE8xhwo,Lula,@FivinFivinnn,2026-07-25T20:14:21Z,"❤POR FAVOR, MEU POVO, VAMOS ❤ACORDAR PRA REALIDADE,❤SO ❤TEM UM GEITO, FLAVIO BOLSONARO,❤E A NOSSA ESPERANCA,❤JUNTE❤SE A NOS,❤",1,2026-08-13
UgyR7N9Uxg1LrlSGq054AaABAg,xdaFYE8xhwo,Lula,@FivinFivinnn,2026-07-25T20:11:02Z,"😮GENTE,* COMO ESSE POVO,*      😮GOSTA DE SOFRER,* ESTAMOS VIVENXO UM MOMENTO MUITO TRISTE,*😮 E O POVO, ACRDDITO QUE GOSTA DE SOFRER,* QUANDO VAMOS NO MERCADO COMPRAR ALGUMA COISA, O DINHEIRO NAO DA POIS ESTA TUDO CARO,😮NAO TEM EMPREGO ESSE GOVERNO, DESTRUIU TUDO,😮COITADOS DE NOS ASSALARIADOS,😮 NAO SEI NAO, MAIS 4 ANOS DO GEITO QUE ESTA, MUITA GENTE VAI TER QUE MORAR NA RUA.😮",1,2026-08-13
UgwUWDbHv_aW7eL2jRd4AaABAg,xdaFYE8xhwo,Lula,@robinhosantos9581,2026-07-25T20:10:28Z,Verdade Lula é nosso 02 de outubro 🇧🇷,0,2026-08-13
UgybHqy4Kol6DhVqYkd4AaABAg,xdaFYE8xhwo,Lula,@AntinioNeto,2026-07-24T20:08:02Z,Que a força do bem prevaleça sobre a nação brasileira e guarde a soberania nacional,0,2026-08-13
UgySEuW8fEedY3O48lB4AaABAg,xdaFYE8xhwo,Lula,@iolandabeatrizdecarvalho1291,2026-07-24T01:14:33Z,❤️👏🏻,0,2026-08-13
UgwZbDnITWSIoLo1juJ4AaABAg,xdaFYE8xhwo,Lula,@CristinaVieira-n7c,2026-07-23T21:23:52Z,Lula lendar viva 13 2026 denovo ❤❤❤❤❤❤❤,1,2026-08-13
UgxFio0oe5-n35HZm8F4AaABAg,xdaFYE8xhwo,Lula,@simonedecassiasoares7826,2026-07-23T20:32:03Z,👏👏👏👏,0,2026-08-13
UgzD4_qUEfo4E7lkiOB4AaABAg,xdaFYE8xhwo,Lula,@silvaniapimentel7466,2026-07-23T17:22:19Z,"❤
❤
❤
❤❤❤",0,2026-08-13
Ugzyft3QG9J7gFrTJPx4AaABAg,xdaFYE8xhwo,Lula,@FabianoJesusRodrigues-z7e,2026-07-23T17:20:30Z,E com esse salário consegue,0,2026-08-13
UgytIiChIhBCYk9BELt4AaABAg,xdaFYE8xhwo,Lula,@mariadinademedeirosmedeiro2832,2026-07-22T20:06:51Z,❤❤❤❤❤,0,2026-08-13
UgzoCG4lPXSczzNQM5Z4AaABAg,xdaFYE8xhwo,Lula,@Jorquir,2026-07-22T17:01:02Z,👏🏾👏🏾👏🏾👏🏾👏🏾👏🏾👏🏾👏🏾👏🏾👏🏾👏🏾👏🏾♥️,0,2026-08-13
UgxNr6BaTP4KnTzqEd94AaABAg,xdaFYE8xhwo,Lula,@ElianeFelixBraga,2026-07-22T16:34:13Z,"Deve ser robôs respondendo, não acredito nisso não Charlene 😂😂😂😂😂😂😂",0,2026-08-13
UgxQr1K4XpQ972BikHx4AaABAg,xdaFYE8xhwo,Lula,@eugeniocaetanobarbosa3226,2026-07-22T15:14:43Z,eeeeeeeeLula em primeiro turno,0,2026-08-13
UgwO6iScI4kShGCBK0x4AaABAg,xdaFYE8xhwo,Lula,@mariaflorindaamantinocsasz6890,2026-07-22T09:43:17Z,Lula 13❤❤❤❤❤❤❤🎉🎉🎉🎉,0,2026-08-13
UgyoSqyOUymC7dOE4ft4AaABAg,xdaFYE8xhwo,Lula,@becocosta4874,2026-07-22T09:24:10Z,É por isso que você tá matando o povo de fome. 😮😢😢😢😢😢,0,2026-08-13
Ugwz5GcE6EEcJDZfhe94AaABAg,xdaFYE8xhwo,Lula,@AlieteCalderan,2026-07-22T09:20:24Z,Isso mesmo lula  o outro lado quer o contrário quer que pobre fique a mercê deles,1,2026-08-13
UgyJHVxQBG6aeigYM5l4AaABAg,xdaFYE8xhwo,Lula,@marlirego5296,2026-07-22T01:34:49Z,Quem sabe é Lula,0,2026-08-13
UgzV5T-SPUy8nVclZ_l4AaABAg,xdaFYE8xhwo,Lula,@cleoparralego448,2026-07-21T23:09:48Z,Direitos básicos não pode ser moeda de troca ou ser vendido aos chineses...,0,2026-08-13
Ugy8kKsiZWULne2RucR4AaABAg,xdaFYE8xhwo,Lula,@EliasJose-g9l,2026-07-21T22:42:47Z,O cara é um fenomeno tamos juntos somos mais fortes lula presidente outra vez,1,2026-08-13
UgxIZnlZq657MENLuJF4AaABAg,xdaFYE8xhwo,Lula,@mauromaca9939,2026-07-21T21:42:15Z,E muita gente atoa que produz pra ouvir um louco kkkk,0,2026-08-13
UgzO08qYDMt6tzk7vBV4AaABAg,xdaFYE8xhwo,Lula,@sergiolopes8379,2026-07-21T20:53:48Z,👏👏👏👏👏👏👏👏👏👏👏👏👏👏👏👏👏👏👏👏👏👏👏👏👏👏👏👏👏👏,0,2026-08-13
Ugy50B6U5SffRi6xe7p4AaABAg,xdaFYE8xhwo,Lula,@algamaria2623,2026-07-21T20:32:19Z,❤🎉❤🎉❤🎉❤🎉❤,2,2026-08-13
Ugy_inVvuKIkbKzD9694AaABAg,xdaFYE8xhwo,Lula,@algamaria2623,2026-07-21T20:32:02Z,🎉❤🎉❤🎉❤🎉❤🎉❤,2,2026-08-13
UgxL-hvqTlg_TwJ_Rnh4AaABAg,xdaFYE8xhwo,Lula,@neymeiderosjc,2026-07-21T19:30:40Z,Deus o abençoe e proteja Presidente Lula com muita saúde e longa vida. Melhor Presidente da História do Brasil de todos os tempos rumo ao tetra,0,2026-08-13
UgwKQdVbJiFC7LTnbSJ4AaABAg,xdaFYE8xhwo,Lula,@josibun7gjn6gghjnk.muneimo26,2026-07-21T19:13:53Z,Pinóquio,0,2026-08-13
UgzI347rt_Vo9i7uKhN4AaABAg,xdaFYE8xhwo,Lula,@ManoelMessiasSantos-iv3oq,2026-07-21T16:55:20Z,"Verdade presidente, Deus abençõe  por sua empatia, solidariedade e amor para com os menos favorecidos e para todos. 👏🏾👏🏾👏🏾",3,2026-08-13
UgzxBlA6GSlXlj6Z9J14AaABAg,AXL7HcbTtK0,Lula,@LindamarMartinsdaSilva,2026-07-29T12:16:06Z,President  volt  posent povo novo com 55  anos   trono seu  nos conh vc melh gent el,0,2026-08-13
UgzWyuRsvzqNghN3GtV4AaABAg,AXL7HcbTtK0,Lula,@MariasDasGraçasAlvesFarias,2026-07-27T21:33:09Z,"Aqui onde eu moro não tem hospital de saúde e agora chegaram os caminhões do SUS aqui no Valparaíso de Goiás, mas é impossível de ir lá porque porque o povo tem que chegar às 4:00hs da manhã e como um deficiente ou idoso vai conseguir? Deveria ficar pelo menos um mês em cada cidade para conseguir atender o povo! Porque tem muita gente precisando dessa ajuda! Fomos lá a tarde mas não atendem porque não tem a senha! Deveria ter senha o dia inteiro para atender o povo!",0,2026-08-13
UgyoMLrlqobvSxwXGpB4AaABAg,AXL7HcbTtK0,Lula,@anayzerossplentz,2026-07-27T15:45:25Z,O SUS é modelo para o mundo inteiro!,0,2026-08-13
UgyJkv5GacGXCjFvXcB4AaABAg,AXL7HcbTtK0,Lula,@JoanaSantos-nf8we,2026-07-26T20:13:48Z,Com certeza o sus fociona de verdade Deus continue abençoando sua ideia Lula  só Deus prá te pagar,0,2026-08-13
UgzgRZHpa13bowVmQ9J4AaABAg,AXL7HcbTtK0,Lula,@angelaferri1402,2026-07-25T20:35:21Z,Sim. Eu precisei e usei. Fui muito bem atendida🙏,0,2026-08-13
UgwWTmMZ5boxsKRq4yh4AaABAg,AXL7HcbTtK0,Lula,@luciod.mariano2829,2026-07-25T13:39:00Z,Aprendeu muito com Mujica.,0,2026-08-13
UgxvcSkapQIst-HioOJ4AaABAg,AXL7HcbTtK0,Lula,@evanildabagnhuk3354,2026-07-23T23:55:00Z,"Deus abençoe e proteja o sus, e nosso país 
E viva Luiz Inácio Lula da Silva 
Não adianta Flávio bolsonaro, ir pedir para Trump aplicar tarifasso nos produtos brasileiro para atrapalhar o Lula, Lula cuida muito bem do país  ,
Eduardo bolsonaro ,não vai conseguir se eleger,Flávio bolsonaro acha pra trás, e veja oque o teu pai Jair fez,vergonha nos brasileiros ficamos em pânico com procedimento horrível de Jair bolsonaro, agora Flávio bolsonaro, vai pedir tarifasso par atrapalhar o Lula?prejudica nos brasileiros, imagina se bolsonaro não se incomoda com nós, e se eleger acaba com nós",0,2026-08-13
UgzLyQ66cyjIXshDBKN4AaABAg,AXL7HcbTtK0,Lula,@antonioeltoneltin1069,2026-07-23T16:01:54Z,"NÃO FOI ESSA CARNIÇA SATÂNICA, QUEM FALOU EM DISCURSO RECENTE, QUE SAÚDE É PRA RICO, SE NÃO TIVER DINHEIRO MORRE?",0,2026-08-13
UgwKp2N1Ef9fUAbI3pR4AaABAg,AXL7HcbTtK0,Lula,@patriciapavret2092,2026-07-23T14:19:38Z,Gratidão Presidente Lula! Verdadeiramente o  pai dos pobres!,0,2026-08-13
Ugx_ymmWufzegd6RzmJ4AaABAg,AXL7HcbTtK0,Lula,@LILSTETRA13,2026-07-23T12:57:42Z,"❤LULA TETRA VEM AÍ, 13❤",1,2026-08-13
Ugxo9oFf9weEBA8hFf14AaABAg,AXL7HcbTtK0,Lula,@mariaizabel7649,2026-07-23T08:33:00Z,Esse é o nosso querido Presidente Luiz Inácio Lula da Silva é o único presidente que trabalhou e sempre vai trabalhar pelo povo brasileiro,0,2026-08-13
UgwmcD9EwNx55_O9Q554AaABAg,AXL7HcbTtK0,Lula,@dalvabarbosa7607,2026-07-22T19:53:46Z,Viva o nosso presidente Lula 🇧🇷❤️ que Deus continue abençoando grandemente sua e protegendo 🙏🏾🙏🏾❤️❤️,1,2026-08-13
Ugzgb-N1WaoLrAlh4Tl4AaABAg,AXL7HcbTtK0,Lula,@paulocesardasilvacruz2699,2026-07-22T19:34:37Z,❤❤❤❤❤❤❤❤❤❤,0,2026-08-13
Ugx-pi_uYSLIqgn0dJB4AaABAg,AXL7HcbTtK0,Lula,@marcussilvestre1756,2026-07-22T10:23:50Z,"Feliz a nação que tem um presidente comprometido com a coisa mais sagrada que um governo deve fazer. Abençoe sempre nosso povo e governantes comprometidos com um mundo justo, democrático, sustentável e solidário, como Lula.",0,2026-08-13
UgwkxnmHYAef6EL2q0l4AaABAg,AXL7HcbTtK0,Lula,@claudiaparizotto9103,2026-07-22T04:52:42Z,Tem muitos estrangeiros vindo para o Brasil para fazer tratamento médico... o SUS está servindo para nós brasileiros e para outros povos também.,0,2026-08-13
UgyHYAuwFz_rJTMoLHF4AaABAg,AXL7HcbTtK0,Lula,@CarlinhoSilvo-mo5br,2026-07-20T19:17:16Z,Com a palavra do Senhor vosso Deus em Nome do Senhor Jesus hoje dia 20 de julho de 2026 a paz do Senhor Jesus amados Brasil e mundialmente que o abraço do Senhor vosso Deus chegue a todos vós amados quero explicar pra vós e esclarecer só enviei a mensagem falando da minha vida um pouco pra ter misericórdia de muitos e muitos irmãos e irmãs que não conhece o verdadeiro Senhor Deus o que vivo e fala muita heresias então pra eles não ir pro inferno soltei a mensagem dia 19 do 07 ontem falando um pouco do que vivemos mais não quero nada não aceito nada financeiramente pra esclarecer melhor não aceito dinheiro de pessoas nenhuma nada nada nada e se alguém fazer alguma coisa  de doação pedindo não aceito porque sou feliz como sou com a graça do Senhor Deus Jeová e com o que o Senhor Deus põe nas minhas mãos tenho um grande amigo um grande pai um grande patrão e muito mais que não vou esclarecer aqui que é o Senhor Deus Jeová na pessoa bendita do Senhor Jesus já achei igreja pra me pagar 7 mil reais por mês e não quis 2 irmãos católicos já me deu salão com cadeiras e som que cabia muitas e muitas pessoas ao me ver pregar mais nao aceitei e não aceito então meus irmãos esclarecendo meus amigos aos países todos que não aceito nada de dinheiro porque sou muito feliz como sou agradeço a todos pelo carinho pelas preocupações comigo Aleluia pelas lágrimas que tenho derramado ao ver a mensagem ontem dia 19 do 07 pelas preocupações agora vamos de cabeça erguida para o céu perdoando amando e fazendo a vontade verdadeira do justo Senhor Deus Jeová sem mentira sem hipocrisia sem engano mais com verdade e justiça graça graça graça amo todos tenha certeza que nunca vou me corromper porque assim que o Senhor Deus Jeová quer trabalhar na minha vida e fazer nas vossas vidas também Aleluia Aleluia Aleluia só o Senhor é Deus assina o enviado do Senhor vosso Deus vai aonde o Senhor vosso Deus manda fala o que o Senhor vosso Deus ordena hoje dia 20 do 07 de 2026 Lucas capítulo 1 versículo 37 porque para Deus nada é impossível não aceito doação,0,2026-08-13
UgxJ9CAUhYyakujCPJN4AaABAg,AXL7HcbTtK0,Lula,@osmarpaulinodecarvalho6235,2026-07-20T18:27:17Z,Lula eleito no primeiro turno!,0,2026-08-13
Ugwpn_HuY26RnE5kLaZ4AaABAg,AXL7HcbTtK0,Lula,@nilsonvaz6007,2026-07-20T18:17:02Z,Presidente Lula faça uma medida provisória para aprovar o PL 4434 ou o PL 5130 aumento igual para todos os aposentados e pensionista urgente 🇧🇷🇧🇷,0,2026-08-13
Ugwp1FskFAqOWKtiSE94AaABAg,AXL7HcbTtK0,Lula,@Maria.65.06,2026-07-20T17:32:48Z,"Largou de mãos os velhinhos, todos estão negativados por causa da redução da margem, Lula acode os idosos !!",0,2026-08-13
Ugw3xO_6thSsYusK4q94AaABAg,AXL7HcbTtK0,Lula,@Susy-q9j,2026-07-20T16:31:30Z,"É muito importante,ter um presidente que defende nosso país,das mãos dos lobos .
Avante! Senhor Presidente Lula.",1,2026-08-13
UgwH2RHRiM_JNskoZQh4AaABAg,AXL7HcbTtK0,Lula,@ingridrenata7080,2026-07-20T15:28:19Z,"Tecnologia avançada no SUS ❤ 
DESENVOLVIMENTO 📊",1,2026-08-13
UgxVs_WHlfrWzSYoiwd4AaABAg,AXL7HcbTtK0,Lula,@DavidCesar-r7k,2026-07-20T12:21:10Z,Sírio libanês e Albert Einstein que o diga.,0,2026-08-13
UgyZRn-Ta_fvLXTSf_d4AaABAg,AXL7HcbTtK0,Lula,@joseluiz9217,2026-07-20T11:10:24Z,"Cancela então o convênio de todos os políticos, ai eles usam o sus",0,2026-08-13
UgwTDRyVmiUDCsp9DGJ4AaABAg,AXL7HcbTtK0,Lula,@joseluiz9217,2026-07-20T11:09:32Z,Então porque vc não usa,0,2026-08-13
UgyUONEcgyMKLklt4WR4AaABAg,AXL7HcbTtK0,Lula,@Edna-Mf45,2026-07-20T07:56:38Z,Desde já agradeço pela atenção.,0,2026-08-13
UgzoGyCSwR6AC-glCP54AaABAg,AXL7HcbTtK0,Lula,@Edna-Mf45,2026-07-20T07:55:56Z,Ainda mas que sou mãe solo e mora eu e a minha criança de 7anos,0,2026-08-13
UgyTPYKbHghz7aLw_z14AaABAg,AXL7HcbTtK0,Lula,@Edna-Mf45,2026-07-20T07:54:58Z,Senhor presidente como vai espero que esteja bem mas eu bem que gostaria de saber o porquê que diminuiu 100 reais do meu auxílio era 750 desde de Janeiro que só recebo 650 eu só queria uma satisfação não que eu esteja reclamando claro mas uma satisfação sempre é bom,0,2026-08-13
UgwsoydgR8KEve6b8TZ4AaABAg,AXL7HcbTtK0,Lula,@joaosabino-mn7rk,2026-07-20T00:25:21Z,PARABÉNS  PRESIDENTE  LULA  É  MUITO  OBRIGADO  POR CUIDA  DO  POVO  BRASILEIRO ❤,0,2026-08-13
UgzyeRqpXdiUNCrsoM14AaABAg,AXL7HcbTtK0,Lula,@sebastiaolazaroortiz2823,2026-07-19T23:13:11Z,❤ Sistema Único de Saúde - SUS!,0,2026-08-13
Ugx5snbFCjTVs9HxG8Z4AaABAg,AXL7HcbTtK0,Lula,@CarminaAlves-o5f,2026-07-19T22:39:34Z,Onde moro não existe isso vai no pronto socorro as 10 hr e sai 10 da noite😢😢😢a fila  pra coisa grave leva mais de um ano prá atender so sentindo na pele  vc vai no sus😢😢😢?,1,2026-08-13
UgxPraK5BjntqPNjWc14AaABAg,AXL7HcbTtK0,Lula,@ClaudioSilva-km5ld,2026-07-19T20:39:59Z,❤❤❤❤😂😂😂😂😂🎉🎉🎉🎉,0,2026-08-13
UgySZSZST0qaVhvtEDF4AaABAg,AXL7HcbTtK0,Lula,@master-true-g2u,2026-07-19T19:34:04Z,Me fala um político que busca atendimento no SUS?,0,2026-08-13
Ugyh5l2YR79o07xcBN54AaABAg,AXL7HcbTtK0,Lula,@patriciagaldino5868,2026-07-19T18:47:52Z,❤❤❤amém Jesus Cristo Lula 13😊😊😊,0,2026-08-13
UgxcjAcdQX94TXSsncJ4AaABAg,AXL7HcbTtK0,Lula,@mariajosemissionaria8632,2026-07-19T18:33:03Z,Vdd te amo meu presidente ❤❤❤❤,0,2026-08-13
UgylwnplQjtCnirRS654AaABAg,AXL7HcbTtK0,Lula,@lflintx,2026-07-19T17:39:42Z,Governo de mer1234,1,2026-08-13
UgylwnplQjtCnirRS654AaABAg.AZSQu502Um0AZTUEIZXgKD,AXL7HcbTtK0,Lula,@yizaha01,2026-07-20T03:28:03Z,Renan 14,0,2026-08-13
UgwWzYqzLV-8VSTIj1h4AaABAg,AXL7HcbTtK0,Lula,@LucyPenido-y2m,2026-07-19T15:45:00Z,Amo Lula❤,0,2026-08-13
UgytSRazXsJtVTCGd254AaABAg,AXL7HcbTtK0,Lula,@JarbasRodrigueslimaLima-o5l8l,2026-07-19T15:44:09Z,E verdade mesmo Lula lula,0,2026-08-13
Ugw5Ejb6hlx4Kae4lYR4AaABAg,AXL7HcbTtK0,Lula,@izandrocosta7234,2026-07-19T15:34:26Z,Orgulho de ser brasileiro obrigado presidente lula,0,2026-08-13
UgyCyrNRIrjcXERxZLp4AaABAg,AXL7HcbTtK0,Lula,@marciaamericano5878,2026-07-19T15:27:09Z,Salve SUS. Salve grandioso Lula. ❤,0,2026-08-13
Ugx5v7jFsQ0ylC0tr-Z4AaABAg,AXL7HcbTtK0,Lula,@rickydemedina,2026-07-19T15:22:32Z,😂🤢🤢🤮🤢🤢😂,0,2026-08-13
UgxiuxPvRc6vA43f0dF4AaABAg,AXL7HcbTtK0,Lula,@MariasDasGraçasAlvesFarias,2026-07-19T15:19:22Z,Obrigada Senhor pelo o SUS e pelo nosso presidente Lula! Porque eu só descobri a minha doença que todos me chamavam de louca que até desmaiava foi o SUS que descobriu o meu Problema e já estou fazendo o tratamento! Antes eu pagava pelo hospital particular mas não descobriram o que eu tinha! Obrigada senhor! Por tudo e por ter colocado um homem que se preocupa com o povo! Obrigada Senhor Deus e a Lula! E nunca esqueça que este presidente é de Deus porque só faz o bem para o povo!,0,2026-08-13
UgyUs63Xe7bO0oQ9p654AaABAg,AXL7HcbTtK0,Lula,@maraalmeida2159,2026-07-19T15:10:25Z,"Os brasileiros deviam ir para as ruas pedindo pelo SUS pois, infelizmente, em alguns Estados e no DF o SUS está sucateado pela terceirização!",0,2026-08-13
Ugw_5mvMLjWKCyw5xyx4AaABAg,AXL7HcbTtK0,Lula,@izabelpantaleao8196,2026-07-19T14:22:43Z,"Lula reeleito, 13 13 13 🇧🇷🤩",0,2026-08-13
Ugz8q7_aliwIIFDGCnt4AaABAg,AXL7HcbTtK0,Lula,@izabelpantaleao8196,2026-07-19T14:22:33Z,"Esse é o meu presidente Lula, o resto é FAkE",1,2026-08-13
Ugwch7EQvAdDqrUy2S14AaABAg,AXL7HcbTtK0,Lula,@EdmilsonCarvalhotorquato,2026-07-19T14:10:13Z,Maravilha meu presidente,0,2026-08-13
Ugw7s-l95ZZLK54WCt94AaABAg,AXL7HcbTtK0,Lula,@josimarromario7200,2026-07-19T13:56:42Z,Meu presidente o senhor pode criar um projeto pra formar jogadores o esporte salva vidas e tiram os jovens das drogas cria campos de futebol com escolinha pra formar atletas.,0,2026-08-13
UgwvcTh1pBDOqZv79w54AaABAg,AXL7HcbTtK0,Lula,@AnaSilva-gi9wg,2026-07-19T12:35:01Z,"Gratidão presidente Lula você é um país para.todos.brasileiros,.Deus lhe abençoe  pw você é um homem bom de fé muito amor a Deus  ao.Brasil e  os brasileiros  estamos juntos sempre presente.Lula .vc merece todo nosso respeito  amor consideração  obrigada meu Deus pelo presidente Lula com um coração tão grande e cheio de amor,presidente  Lula você  é imortal  inesquecível  você presidente Lula é o maior patrimônio mundial  todos brasileiros  estão com você Lula 13 13 13 13  nosso presidente de.❤",0,2026-08-13
UgxnUxBXLtjqSRG66nt4AaABAg,AXL7HcbTtK0,Lula,@ozielconceicaodeabreuconce4917,2026-07-19T11:20:06Z,Tamos juntos lula,0,2026-08-13
Ugxe0T_s0GcbesKbpb94AaABAg,AXL7HcbTtK0,Lula,@ozielconceicaodeabreuconce4917,2026-07-19T11:19:50Z,Dale lula livre melhor presidente do Brasil,0,2026-08-13
Ugz9QBkExvvYQi3OPs94AaABAg,GtnF5gYUwS0,Lula,@logos8132,2026-07-26T15:58:32Z,O melhor e mais humano presidente do mundo. Deus abençoe e proteja o nosso presidente Lula e o Brasil 🇧🇷.  Amém,1,2026-08-13
UgyWfOOxRyt8QcOWcEJ4AaABAg,GtnF5gYUwS0,Lula,@mariadinademedeirosmedeiro2832,2026-07-24T20:01:34Z,❤❤❤❤,0,2026-08-13
UgzPLn6smnHQkYEHe2t4AaABAg,GtnF5gYUwS0,Lula,@telmareginavilasboas2945,2026-07-23T19:51:04Z,Brasil soberano❤❤13,1,2026-08-13
UgyYsEMVzq9RZ5VHno14AaABAg,GtnF5gYUwS0,Lula,@arlindoalvessilva597,2026-07-23T18:18:57Z,"Vou falar uma coisa, vão deturmar essa fala. Direita vai tirtar do contexto a fala do Presidente, exatamente quando ele diz que """"""""""""""""""""""""""""""""""""""""""""""""""""""""""""""""""""""""""""""""""""""""""""""""""""""""""""""""""""""""""""""""quem não pode pagar que morra"""""""""""""""""""""""""""""""""""""""""""""""""""""""""""""""""""""""""""""""""""""""""""""""""""""""""""""""""""""""""""""""", mas ao contrariao, que todos tenham o mesmo direito.  Observe, tenho certeze que essa fala va ser deturpada. Agurdem.",1,2026-08-13
Ugz7c5pQKhhPa3SboD14AaABAg,GtnF5gYUwS0,Lula,@AlmirBispo-CSV-Comp-DB,2026-07-23T15:01:36Z,28:30   (Esse é um cristão de verdade.Está falando a mesma mensagem de Jesus),0,2026-08-13
UgzDEJEtRiGEIZL9BOt4AaABAg,GtnF5gYUwS0,Lula,@cesarpaulinho2824,2026-07-23T14:59:11Z,Up❤,0,2026-08-13
UgyNCrb1f4Ko33zze9R4AaABAg,GtnF5gYUwS0,Lula,@frederycg8794,2026-07-21T01:23:10Z,"O SUS paga mixaria para os médicos e para realização de exames clínicos e de imagens é por isso que as filas nas secretárias de saúde estão enormes!
Em Montes Claros/MG passou hoje no jornal são mais de 20 mil pessoas aguardando ultrassom, mais de 20 mil pessoas aguardando raio-x, mais de 17 mil pessoas aguardando endoscopia,  e centenas de outas aguardando ressonância e tomografia.",1,2026-08-13
UgzxIRalgLtGpLkJH3B4AaABAg,GtnF5gYUwS0,Lula,@eliasrodriguessalomao9226,2026-07-20T23:12:40Z,Isso é um pingúnço,0,2026-08-13
UgzEXo_zpMSbqSwuVtp4AaABAg,GtnF5gYUwS0,Lula,@CYBERxDOLLY,2026-07-20T22:24:47Z,"Pessoas de má fé estão tirando o vídeo de contexto e compartilhando desinformação na internet, ajudem a divulgar esse vídeo!",0,2026-08-13
UgyGd7FXRYXWr03D0wh4AaABAg,GtnF5gYUwS0,Lula,@noligoncalvespadilha4205,2026-07-20T14:25:43Z,Heee nosso presidente número um !  🙏🙏🙏🙏🙏,0,2026-08-13
Ugxgkf9mu1xrTJ39gqh4AaABAg,GtnF5gYUwS0,Lula,@mariosabino-bc9ne,2026-07-20T11:16:39Z,"Brasil 🇧🇷 
Soberano 
Lula 13 Presidente da República Federativa do Brasil em 2026.
Gratidão 🙏 
20/07/2026
Mário Sabino dos Santos",1,2026-08-13
Ugzc5MLgVaWaVCgVu-R4AaABAg,GtnF5gYUwS0,Lula,@joseviemar5279,2026-07-19T21:41:15Z,1313LLLuLa,0,2026-08-13
UgwfxqgPpMqd_yBF4F94AaABAg,GtnF5gYUwS0,Lula,@gabrielaalmeidaalmeida5360,2026-07-19T19:10:17Z,👏ele ajuda os pobres mesmo,0,2026-08-13
Ugw56jC3jggWcpcuv1l4AaABAg,GtnF5gYUwS0,Lula,@isaiaspiedade6692,2026-07-19T14:23:39Z,Parabéns presidente Lula por cuidar do povo brasileiro,0,2026-08-13
UgwJi29uuDW3FClrnb54AaABAg,GtnF5gYUwS0,Lula,@janjachupapau,2026-07-19T14:15:10Z,Criatura divina janja fala que e a primeira dama que mai trabalhou so se for pra gastar dinheiro,0,2026-08-13
UgxkjgU7UWCGo2_Y0yx4AaABAg,GtnF5gYUwS0,Lula,@rodolfopierola7899,2026-07-19T05:34:32Z,"Boa noite hermano Presidente Lula, parabens para voce, muito obrigado por la informação. Atte. Rodolfo Pierola Ergueta Presidente del Consejo Internacional de Residentes Bolivianos en el Exterior.",1,2026-08-13
UgxvJUc9vWLGDQzSWx14AaABAg,GtnF5gYUwS0,Lula,@analuizasoares3525,2026-07-19T04:12:10Z,"Ótimo trabalho do Presidente Lula , parabéns !!!",0,2026-08-13
UgzxlZHO4OrykKfzUBt4AaABAg,GtnF5gYUwS0,Lula,@katiarejanesantanaflores2307,2026-07-19T00:05:24Z,"LULA 13, tetra e guerreiro do povo brasileiro!❤",0,2026-08-13
Ugz0AbR19Ktpe7mXZyR4AaABAg,GtnF5gYUwS0,Lula,@fernandocesar450,2026-07-18T21:49:51Z,"PORQUE,VC NÃO SAI NAS RUAS.COVARDE.ESPERE,AS ELEIÇÕES",1,2026-08-13
Ugzs7mwYBKkOjgOnEKZ4AaABAg,GtnF5gYUwS0,Lula,@nunocotrimCotrim,2026-07-18T20:29:38Z,Mexicanos e das Honduras,0,2026-08-13
Ugx6zikjrA9Xzs9PWm14AaABAg,GtnF5gYUwS0,Lula,@nunocotrimCotrim,2026-07-18T20:27:58Z,As facões é trauma de Trump na América a muita até em excesso,0,2026-08-13
UgyP61n0RtwV3RoKpZp4AaABAg,GtnF5gYUwS0,Lula,@nunocotrimCotrim,2026-07-18T20:26:23Z,Eu quero um Brasil poderoso não precisa de ninguém,0,2026-08-13
UgwY9IDt15xNx0Nwjyl4AaABAg,GtnF5gYUwS0,Lula,@nunocotrimCotrim,2026-07-18T20:25:34Z,Investir no cidadão exportação vale muito per cabita na economia brasileira,0,2026-08-13
Ugx32p4JTd_h8Td7bhd4AaABAg,GtnF5gYUwS0,Lula,@nunocotrimCotrim,2026-07-18T20:23:46Z,Tu Nuno podes fazer pelo Brasil,0,2026-08-13
UgyeKdUwL_FrvUHcLUd4AaABAg,GtnF5gYUwS0,Lula,@franciscosantos3555,2026-07-18T20:21:22Z,O maior estadista do século!,0,2026-08-13
Ugy1UPdr13CADYivQf54AaABAg,GtnF5gYUwS0,Lula,@nunocotrimCotrim,2026-07-18T20:18:20Z,Fantástico,0,2026-08-13
UgydYIXVqEvmaTYKyGh4AaABAg,GtnF5gYUwS0,Lula,@nunocotrimCotrim,2026-07-18T20:17:53Z,Quem é isso tipo,0,2026-08-13
Ugz03XlOjcTAkxPkNLp4AaABAg,GtnF5gYUwS0,Lula,@nunocotrimCotrim,2026-07-18T20:10:49Z,Desconfiar do servidor,0,2026-08-13
Ugy8Ua7N0FqvYFftlft4AaABAg,GtnF5gYUwS0,Lula,@nunocotrimCotrim,2026-07-18T20:05:45Z,Não é verdade,0,2026-08-13
UgxHOVfAO2dV65qcJc14AaABAg,GtnF5gYUwS0,Lula,@nunocotrimCotrim,2026-07-18T20:03:16Z,Estou contigo,0,2026-08-13
Ugxxle42T65U76T57LN4AaABAg,GtnF5gYUwS0,Lula,@lucieneDeJesus-c5z,2026-07-18T19:57:40Z,Obrigada presidente Lula pelos investimentos 🎉❤❤❤❤❤,0,2026-08-13
Ugwkx5_DXYIK9G1r9sV4AaABAg,GtnF5gYUwS0,Lula,@JoséAdaltoGaldino,2026-07-18T17:22:00Z,Um melhor presidente do Brasil sim com certeza,2,2026-08-13
UgxEkrULwqEqoa8fn5p4AaABAg,GtnF5gYUwS0,Lula,@edimilsonsilva2924,2026-07-18T16:45:34Z,❤❤❤,1,2026-08-13
UgwqFEgEDkdwaudxH9N4AaABAg,GtnF5gYUwS0,Lula,@angelagattera149,2026-07-18T14:43:26Z,Lula o melhor para o Brasil,3,2026-08-13
UgwYtgFp7IYRczcfsPB4AaABAg,GtnF5gYUwS0,Lula,@biancanevesdasilvaneves5975,2026-07-18T14:30:39Z,Presidente Lula ❤❤❤❤❤❤❤,4,2026-08-13
Ugwwm6gRHsIMtjgS4Rl4AaABAg,GtnF5gYUwS0,Lula,@marcialugao3188,2026-07-18T14:22:16Z,O presidente Lula é super inteligente. Vamos reeleger Lula no primeiro turno ❤️,1,2026-08-13
UgyGFjWCnAww00_EuX54AaABAg,GtnF5gYUwS0,Lula,@marcialugao3188,2026-07-18T14:19:55Z,Viva o SUS ❤️,1,2026-08-13
UgzuasjCQYuty3wjaxh4AaABAg,GtnF5gYUwS0,Lula,@marcialugao3188,2026-07-18T14:19:01Z,"Parabéns presidente Lula, ministro Padilha. Vamos reeleger Lula no primeiro turno ❤️",2,2026-08-13
Ugz4jMcNuQZdDA2aGnB4AaABAg,GtnF5gYUwS0,Lula,@WebertonRodriguesDeCastro,2026-07-18T09:42:39Z,Bom                  13       2026                     simmmmmmm       ...,1,2026-08-13
UgwWNJJxjFtGNNR3KHZ4AaABAg,GtnF5gYUwS0,Lula,@joaopaulo-vz4ny,2026-07-18T06:42:57Z,"E por essa humildade que nosso presidente tem, que o tornará tetra presidente , Deus está com ele para lutar contra todas as dificuldades interna e externa como vemos na geopolítica de hoje ,  presidente está de parabéns Lula tetra já  ganhou 🎉🎉🎉🎉",1,2026-08-13
UgwdfaYSKjZ8_pafIrp4AaABAg,GtnF5gYUwS0,Lula,@janderson_moyses,2026-07-18T04:52:53Z,"Sem sacanagem!]
E pq vc não vai ser tratado no sus, em um hospital publico?",1,2026-08-13
UgzDULx6sBTIt3bR3aR4AaABAg,GtnF5gYUwS0,Lula,@franciscajosaniraviana706,2026-07-18T04:34:37Z,"É Lula tetra e acompanhado de Deputados e Senadores progressistas,é 13,13,13,13 de ponta a ponta.Avante !",1,2026-08-13
Ugy_5coG19NzLeJ8xnB4AaABAg,GtnF5gYUwS0,Lula,@Terezinha-l3m,2026-07-18T03:10:18Z,"Este é!...E continuará sendo o nosso presidente  !!! 
Lula outra vez a partir de 2026!!!
Graças a Deus !!! ❤",3,2026-08-13
UgwrAzhmzqYBtt3DP5B4AaABAg,GtnF5gYUwS0,Lula,@gustavobraga-b6m,2026-07-18T03:03:58Z,"Lula é o tipo de político que transformou a própria biografia em propaganda e a política em um grande teatro de narrativas.

Ele se vende como o “pai dos pobres”, mas vive repetindo versões convenientes da realidade. Chegou a afirmar que o PT teria acabado com a fome no Brasil em 2014 — uma afirmação classificada como falsa, porque milhões de brasileiros ainda estavam em insegurança alimentar grave. E mesmo assim ele continua repetindo a história como se o povo fosse obrigado a esquecer os números.

O problema de Lula não é apenas errar. É a facilidade com que ele transforma meia-verdade em propaganda. Na ONU, disse que sempre condenou a invasão russa da Ucrânia, mas omitiu declarações anteriores em que colocou Rússia e Ucrânia no mesmo nível de responsabilidade. Isso não é transparência: é contar a história do jeito que interessa no momento.

E aí vem a velha promessa da picanha, da cervejinha e da vida melhor. Lula sabe falar com o trabalhador, sabe explorar a esperança de quem está apertado e sabe transformar desejo popular em slogan eleitoral. Mas governar não é fazer discurso bonito nem posar de salvador dos pobres. Governar é entregar resultado — e não ficar eternamente culpando o passado, o mercado, o Congresso ou qualquer outro por tudo que dá errado.

Lula também tem uma habilidade impressionante: quando a realidade é favorável, ele diz que foi mérito dele; quando é ruim, a culpa nunca é dele. É o político que quer crédito por tudo e responsabilidade por quase nada.

E não, chamar isso de crítica não é “ódio”. É cobrança. Lula já teve décadas de política, três mandatos presidenciais e tempo de sobra para provar que é mais do que um excelente vendedor de narrativas. O que ele não pode exigir é que o brasileiro aceite propaganda no lugar de resultado.

No fim, a grande mentira de Lula talvez nem seja uma frase específica. É a tentativa permanente de vender a imagem de que ele é o único político capaz de salvar o povo — enquanto usa o próprio povo como plateia, eleitorado e escudo político.

Lula não é um mito. É um político. E político deve ser cobrado, questionado e desmentido quando distorce os fatos — principalmente quando passa a vida inteira dizendo que está falando em nome da verdade.",0,2026-08-13
UgwK1cDFZe22Y5v6xA54AaABAg,GtnF5gYUwS0,Lula,@franciscorosemirocarneirob8300,2026-07-18T02:06:54Z,Lula 2026 e todos os candidatos de esquerda. Acorda Brasil!,3,2026-08-13
UgyzY8LGE_lVsGkwmRR4AaABAg,GtnF5gYUwS0,Lula,@analuciafiedler9063,2026-07-18T01:46:35Z,O desembargador Ricardo Couto está fazendo a limpa no Rio de Janeiro!!!! Que Deus o abençoe!!!,4,2026-08-13
Ugxx865-Xlo4hfj6Gcp4AaABAg,GtnF5gYUwS0,Lula,@analuciafiedler9063,2026-07-18T01:16:05Z,"Querido Lula, venha conversar nos canais independentes como o Portal do José, o Historiador, Ricardo Mello e outros, assim  mais pessoas ficarão sabendo de tudo que você tem feito!!! Um beijo, TE AMO!!! ❤❤❤",1,2026-08-13
UgwxcnWbNWH9e--2JVJ4AaABAg,GtnF5gYUwS0,Lula,@CECILIAMARIA1956,2026-07-18T00:57:49Z,"Lula2026 mas temos que focar no senado e no parlamento, votar em aliados do presidente, isso é o mais importante.",3,2026-08-13
UgyM_4PNl-2TptbvDrN4AaABAg,GtnF5gYUwS0,Lula,@malvinavedoya8416,2026-07-18T00:46:43Z,"Ole. Olé, ole,ole, ole  Ola...Lula❤",8,2026-08-13
Ugz_Fx0h9NOYwYVk1MZ4AaABAg,GtnF5gYUwS0,Lula,@jutainoseuc,2026-07-18T00:39:15Z,Dá-lhe Presidente Lula,11,2026-08-13
Ugw-myeMrM30cfEMeqB4AaABAg,aMCGzCT8yVU,Lula,@andersonbastos858,2026-08-06T12:55:45Z,Sempre faltaram  médicos no interior do Brasil. Em vez de abrirem mais cursos de medicina no interior brasileiro contratam médicos cubanos e validam formados no Paraguai.,0,2026-08-13
Ugxl72QPeY1SMYmME4d4AaABAg,aMCGzCT8yVU,Lula,@ericajubarte9205,2026-08-02T06:10:49Z,Lula para Presidente 13.,0,2026-08-13
UgxQ2TUSlAyqjYB4STd4AaABAg,aMCGzCT8yVU,Lula,@luana6401,2026-08-01T17:55:25Z,TETRAAAAAAA,0,2026-08-13
UgxOFilldvcgyB3Bqcp4AaABAg,aMCGzCT8yVU,Lula,@alucianepereiradecarvalho4343,2026-08-01T17:07:47Z,Obrigada ❤PRESIDENTE ❤ministro e equipe médica,0,2026-08-13
UgyzmG4arYp6QM2VV3N4AaABAg,aMCGzCT8yVU,Lula,@MariaFátimaSoares-i5e,2026-08-01T10:41:12Z,A minha mãe  tem  94ano  meu neto e  especial estão  recebendo. Médico  dos  sus. Em casa  obrigado meu Deus obrigado Lula. 70x7 Lula,0,2026-08-13
Ugzy3sx5JrX0Bl5ZY1x4AaABAg,aMCGzCT8yVU,Lula,@ValdelicedosSantos-g7z,2026-07-28T01:28:00Z,Deus abençoa todas as pessoas do mundo,0,2026-08-13
Ugy5r_hxILVdTsr6UoV4AaABAg,aMCGzCT8yVU,Lula,@kellsil8006,2026-07-26T20:50:40Z,LULA TETRA PRESIDENTE DO POVO 🇧🇷🌻❤️,0,2026-08-13
UgzFW0l169uJNbBSSsV4AaABAg,aMCGzCT8yVU,Lula,@adrianamacedo-gb2fm,2026-07-23T15:07:27Z,2026 e Lula  e 13 e PT  e Esquerda  rumo  à  Vitória ❤❤❤❤,0,2026-08-13
Ugz0d1oObk3M63uVPKh4AaABAg,aMCGzCT8yVU,Lula,@Solange-Sol-13,2026-07-22T21:41:20Z,UAU 👏🏻👏🏻👏🏻👏🏻👏🏻👏🏻👏🏻👏🏻✨️,1,2026-08-13
UgwAVIO4SYXe4PAXetl4AaABAg,aMCGzCT8yVU,Lula,@CiceroAlves-p2h,2026-07-22T21:16:51Z,😂😎😎😎🤗👨🏾‍✈️👨🏾‍✈️👨🏾‍✈️👨🏾‍✈️👨🏾‍✈️👨🏾‍✈️,0,2026-08-13
Ugylu2IPDkTeOdf9E1h4AaABAg,aMCGzCT8yVU,Lula,@edmilzapoetisa4852,2026-07-22T18:53:43Z,""""""""""""""""""""""""""""""""""""""""""""""""""""""""""""""""""""""""""""""""""""""""""""""""""""""""""""""""""""""""""""""""" ### A M É M !!!!!!!, A L E L U I A !!!!!!!⭐⭐⭐⭐⭐❤️❤️❤️❤️❤️🙏🙏🙏🙏🙏😇😇😇😇😇😀😀😀😀😀😘😘😘😘😘🤝🤝🤝🤝🤝👋👋👋👋👋🙌🙌🙌🙌🙌💯💯💯💯💯🇧🇷🇧🇷🇧🇷🇧🇷🇧🇷🙏🙏🙏🙏🙏",1,2026-08-13
Ugw5UVmCeRA0WXdRjpR4AaABAg,aMCGzCT8yVU,Lula,@isacristina2,2026-07-21T19:12:42Z,"Lula reeleito no primeiro turno, sem medo de ser feliz ⭐",1,2026-08-13
UgwyC1rEEKI4UvtO08V4AaABAg,aMCGzCT8yVU,Lula,@paulasantana273,2026-07-21T10:39:06Z,❤️❤❤❤❤❤,0,2026-08-13
Ugz74kyiGXw_ErLKI0h4AaABAg,aMCGzCT8yVU,Lula,@Ricardo-ov3zo,2026-07-20T20:58:12Z,"Dr LULA GÊNIO 
2026🎉",0,2026-08-13
UgyAG1YeCCZ9JsqXMCx4AaABAg,aMCGzCT8yVU,Lula,@osmarpaulinodecarvalho6235,2026-07-20T18:27:40Z,Lula eleito no primeiro turno!,0,2026-08-13
UgyKW4rwf_8IFFqshxB4AaABAg,aMCGzCT8yVU,Lula,@nilsonvaz6007,2026-07-20T18:17:50Z,Presidente Lula faça uma medida provisória para aprovar o PL 4434 ou o PL 5130 aumento igual para todos os aposentados e pensionista urgente 🇧🇷🇧🇷,0,2026-08-13
UgxHsZb-pU34Nww6tDx4AaABAg,aMCGzCT8yVU,Lula,@ingridrenata7080,2026-07-20T14:32:15Z,Isso é o que eu chamo de DESENVOLVIMENTO ❤,1,2026-08-13
UgwHUqZbrMDk1Xqpzhl4AaABAg,aMCGzCT8yVU,Lula,@acormogai,2026-07-20T10:23:39Z,Janja!!! 🥰❤️❤️,0,2026-08-13
Ugy_hZjC6oqyLBLOC_B4AaABAg,aMCGzCT8yVU,Lula,@Fredykitty-yy5uo,2026-07-20T00:54:57Z,Com Lula a Saúde só melhora.,0,2026-08-13
UgwKUAoegdqN9yaYRFB4AaABAg,aMCGzCT8yVU,Lula,@helenamariamoraesdossantos9370,2026-07-19T21:49:45Z,LULA MELHOR PRESIDENTE DO BRASIL,0,2026-08-13
UgxeLbDyELlLcle24aN4AaABAg,aMCGzCT8yVU,Lula,@helenamariamoraesdossantos9370,2026-07-19T21:49:31Z,LULA MELHOR PRESIDENTE DO BRASIL,0,2026-08-13
UgzGbuOUeUu7m7KAqbh4AaABAg,aMCGzCT8yVU,Lula,@helenamariamoraesdossantos9370,2026-07-19T21:49:17Z,LULA É O MELHOR PRESIDENTE DO BRASIL.,1,2026-08-13
UgySyiLPGgCEaA56DHV4AaABAg,aMCGzCT8yVU,Lula,@marciaamericano5878,2026-07-19T19:42:28Z,Viva o SUS.,0,2026-08-13
UgxcwkA77xWfVk0nAIR4AaABAg,aMCGzCT8yVU,Lula,@adilson3453,2026-07-19T13:35:23Z,"Daqui a pouco a direita vai dizer que é um aborto premeditado, que é pecado! 😂😂😂😂",0,2026-08-13
Ugw8VUdtO5hwwwBTpbl4AaABAg,aMCGzCT8yVU,Lula,@alinateixus861,2026-07-19T12:16:56Z,❤❤❤❤❤,0,2026-08-13
UgwpviywfUoEITfL6s54AaABAg,aMCGzCT8yVU,Lula,@capixabacaiaque4308,2026-07-19T11:46:49Z,Lula 2026. Sempre Lula. Lula 2026.🎉🎉🎉,0,2026-08-13
UgwEv6k2bB3_Mj7V2JN4AaABAg,aMCGzCT8yVU,Lula,@CarmelitaSouza-w4b,2026-07-19T10:42:48Z,Lulia com deus na frente trabalha pra todos,1,2026-08-13
UgwqgYZqP9K2HLc9_Il4AaABAg,aMCGzCT8yVU,Lula,@Luis-l1m6l,2026-07-19T10:42:18Z,"Quando agente tem um presidente que trabalha,o país cresce r fica cada vez melhor 
Parabéns presidente Lula e Janja",0,2026-08-13
UgzksGhpuZpeTRVc8DZ4AaABAg,aMCGzCT8yVU,Lula,@19845169,2026-07-19T10:13:55Z,Viva o SUS e o Governo do Brasil ❤❤❤❤.... Tá chegando o dia do tetra,0,2026-08-13
UgwTcUGnJpwC6LOQJ_F4AaABAg,aMCGzCT8yVU,Lula,@PalmeirasPalmeiras-n2h,2026-07-19T09:22:03Z,LULA O MELHOR ❤13,0,2026-08-13
Ugztu1aUxjJK8uChmpB4AaABAg,aMCGzCT8yVU,Lula,@elieuridenespaivaandradema1348,2026-07-19T06:44:44Z,Parabéns yoda equipe. Por isso que eu faço L❤,1,2026-08-13
UgyB_yH5G4xu0ReDrvd4AaABAg,aMCGzCT8yVU,Lula,@evanildedasilva5750,2026-07-19T02:47:04Z,O SUS é vida! Salve Lula!,0,2026-08-13
UgysFvaWv2UxLN7QwzZ4AaABAg,aMCGzCT8yVU,Lula,@zeldamartins9332,2026-07-19T02:46:06Z,"GRAÇAS! ADEUS! UMA NOVIDADE ABENÇOADA PARA TODAS .
MULHERES ! SOFREM COM PROBLEMAS DE SAÚDE QUANDO USAM PÍLULAS.",1,2026-08-13
Ugxcd9Q54Gb5fYPfpeh4AaABAg,aMCGzCT8yVU,Lula,@anagomes4237,2026-07-18T23:40:41Z,Lulão gigante é tetra junto com parlamentares progressistas democráticos e amigo do povo brasileiro ❤🎉❤,0,2026-08-13
UgxRjyYFiTbTI8ErHZN4AaABAg,aMCGzCT8yVU,Lula,@edeildenascimento9892,2026-07-18T22:13:26Z,"Tenho uma amiga que colocou esse implante.
Ela está amando. 
Exatamente nessa região do braço. 
Parabéns presidente, ministro Padilha e todos da equipe médica do SUS!
Boa sorte para as mulheres por mais essa conquista!
VIVA O SUS! 👏👏👏😍❤️🇧🇷❤️🇧🇷❤️🇧🇷❤️🇧🇷",0,2026-08-13
Ugw-GLZOqvV5m4OtBDl4AaABAg,aMCGzCT8yVU,Lula,@mariacirinodasilva7254,2026-07-18T21:35:26Z,🎉🎉🎉🎉🎉🎉,0,2026-08-13
UgzSN7V0-Bhvu_7IgLp4AaABAg,aMCGzCT8yVU,Lula,@cristinalanes4007,2026-07-18T19:15:32Z,"Lula Presidente guerreiro e amado do povo brasileiro 💖 💖💖💖
Viva o SUS 🎉🎉🎉🎉🎉",0,2026-08-13
UgxT7yPLBe0N90ITCIx4AaABAg,aMCGzCT8yVU,Lula,@cristinafrancisca3131,2026-07-18T19:13:33Z,Lula até 2030!!!!!,0,2026-08-13
UgyG9C0eNxdPZRxMwCJ4AaABAg,aMCGzCT8yVU,Lula,@MariaTorres-oz1qu,2026-07-18T19:06:34Z,Viva o SUS . Viva o Presidente Lula da Silva o melhor Presidente do Brasil 🌹🌹🌹🇧🇷🇧🇷🇧🇷🚩🚩🫶🫶🫶♥️♥️💪🤗🤗🤗✊🌟🤜😍😍😍😊😊🙏🙏🙏👏👏👏,0,2026-08-13
Ugy4IRhROpVkUyzGFYp4AaABAg,aMCGzCT8yVU,Lula,@SergioScopel-x7j,2026-07-18T19:05:11Z,"Lula mentiroso !!
Flávio presidente em 2026 com certeza.
O Brasil vai sair da miséria e do papo furado e falastrão.",0,2026-08-13
UgwHIuPLaIS8iajVdFd4AaABAg,aMCGzCT8yVU,Lula,@SergioScopel-x7j,2026-07-18T19:02:40Z,O Lula falou que ele inventou a vacina !!,0,2026-08-13
UgzDRb4zu9luogefikZ4AaABAg,aMCGzCT8yVU,Lula,@Monteiro-i4x,2026-07-18T18:57:26Z,Renan Santos 14,0,2026-08-13
Ugzy0yjB2anXyDEp4fl4AaABAg,aMCGzCT8yVU,Lula,@cleliadossantos2380,2026-07-18T18:12:16Z,VIVA o SUS. VIVA Lula.,0,2026-08-13
Ugzob3BS-of2Ua5_u7h4AaABAg,aMCGzCT8yVU,Lula,@haroldoeugenio6907,2026-07-18T17:57:10Z,👏👏👏👏👏👏👏👏,0,2026-08-13
UgytbDZ-mX-Ll1dYdT14AaABAg,aMCGzCT8yVU,Lula,@lucasfluar6618,2026-07-18T17:26:22Z,Trabalho é o nome de Lula !,0,2026-08-13
UgwZrvsyqyMqJA14KRt4AaABAg,aMCGzCT8yVU,Lula,@jehsousa3256,2026-07-18T17:08:18Z,Ô glóriaaaaa👏🇧🇷❤😁 Lula...valew. viva o SUS. Viva a todas as mulheres,0,2026-08-13
UgxhMqDOBOG52xseTOl4AaABAg,aMCGzCT8yVU,Lula,@CaioBB-h2i,2026-07-18T17:02:19Z,O MAIOR ESTADISTA DO MUNDO 🌎 LULA 13,0,2026-08-13
Ugx2KDgDg56NdX-f1_14AaABAg,aMCGzCT8yVU,Lula,@MariaElisaGuimarães-f2h,2026-07-18T16:45:29Z,Viva o presidente e janja que ajudam isso acontecer pelo suss,0,2026-08-13
Ugyz_MUe_dh6Xww4_354AaABAg,aMCGzCT8yVU,Lula,@junioralmeidalins616,2026-07-18T16:32:49Z,Esse meu Presidente é foda !,0,2026-08-13
UgyxbFSbuS-FSpkzJ9p4AaABAg,aMCGzCT8yVU,Lula,@MariaSousaFarias-w3k,2026-07-18T16:19:16Z,Vivaaaaaaaa o SUS e viva nosso presidente tetra Lula,0,2026-08-13
Ugzq02_l4w5KYRnX31h4AaABAg,ADANRRFjZVA,Lula,@amandafautino9754,2026-08-13T05:13:11Z,❤❤❤❤❤,0,2026-08-13
UgyYBQAqks4IeRxjOGp4AaABAg,ADANRRFjZVA,Lula,@antifazombeteiro,2026-08-05T19:56:20Z,"Parabéns, presidente! Estamos no caminho certo!! 
Povo brasileiro, não mexa nesse time vencedor, mas ajude o próximo mandato do presidente Lula, elegendo parlamentares do campo progressista. Temos que tirar a extrema-direita do congresso e das assembleias legislativas.",0,2026-08-13
Ugxwfo3Ve6pVc_Vmse54AaABAg,ADANRRFjZVA,Lula,@DonizetiRodrigues-p9g,2026-07-31T22:14:13Z,"Realizações só governo do Presidente Lula sempre reeleito pela 6a vez até 2226,Deus é maior",0,2026-08-13
Ugzj1Snky-l8lTvvTHh4AaABAg,ADANRRFjZVA,Lula,@venanciomiranda576,2026-07-30T18:37:02Z,"❤❤❤❤❤ é 13, é 13",0,2026-08-13
UgwH4JmbwIWqMK-QoVZ4AaABAg,ADANRRFjZVA,Lula,@MariadoCarmo-hl7fd,2026-07-26T18:24:14Z,Bênçãos  Lula e janja❤❤,0,2026-08-13
Ugyfnf6-5rcgpKR_UcV4AaABAg,ADANRRFjZVA,Lula,@rosangelacamargocatafesta,2026-07-25T22:56:00Z,brilhante e gigante presidente Lula e uma equipe exemplar ❤❤❤❤❤❤❤❤❤❤❤❤,0,2026-08-13
UgwELooeQtN0F4JSy9V4AaABAg,ADANRRFjZVA,Lula,@cesarpaulinho2824,2026-07-25T21:18:19Z,Nesse país aqui quem manda os brasileiros quem tem neguinho de fora mandar aqui não quem manda aqui é nós❤,0,2026-08-13
Ugx69T14HRlEqzCgsOl4AaABAg,ADANRRFjZVA,Lula,@cesarpaulinho2824,2026-07-25T20:13:21Z,Ou seja a banda tem que ser de raça não pode ser comum não entendeu tem que ser rastreado eu só gosto para mim só dá certo se for rastreado porque eu sou rasgado,0,2026-08-13
UgzDVH87efbNFMu0cBd4AaABAg,ADANRRFjZVA,Lula,@cesarpaulinho2824,2026-07-25T20:12:54Z,Agora é o seguinte seu presidente tirar uma feinha aí daquela top tem que salva aí é top né qualquer coisa reserva aí para mim que eu que eu que eu é comigo mesmo viu porque eu vou falar com ela bem direitinho❤,0,2026-08-13
Ugz-M2PjigxCbqM0kA14AaABAg,ADANRRFjZVA,Lula,@cesarpaulinho2824,2026-07-25T20:01:34Z,Senhor Costa tá bagunçando eu não gosto não eu só gosto de trabalhar com franga negócio de frango eu tô fora,0,2026-08-13
UgxKoK3BKdWcdPjx8Pl4AaABAg,ADANRRFjZVA,Lula,@cesarpaulinho2824,2026-07-25T20:01:16Z,Ei boa tarde você é muito sangue aí tem❤,0,2026-08-13
Ugx7R_JjNLOkiB3rr_t4AaABAg,ADANRRFjZVA,Lula,@JoséFernandesPandolfi-n7q,2026-07-25T16:20:44Z,Não tem coisa melhor num país gui seja melhor que o SUS SAMU às UP me savarom do efeito da COVID figuei almejado por uns três anos mais ó SUS fes com gui eu voltasse ao normal novamente.,0,2026-08-13
UgwTNOviVvj9HScaT054AaABAg,ADANRRFjZVA,Lula,@mariajoseliradonascimento7127,2026-07-24T22:06:55Z,Parabéns Presidente Lula por se preocupar com as mulheres e com o Brasil,0,2026-08-13
UgyH2q4V-wKBjYRbh1N4AaABAg,ADANRRFjZVA,Lula,@funerariajpax,2026-07-24T17:29:53Z,"O SUS foi criado pela Constituição Federal de 1988 e regulamentado pela Lei nº 8.080/1990, fruto da mobilização do Movimento da Reforma Sanitária e de lideranças como o médico Sergio Arouca.
O presidente era José Sarney e Lula não teve nada a ver com a criação do SUS.",0,2026-08-13
UgyPO3eOzsRP4W3m73R4AaABAg,ADANRRFjZVA,Lula,@Adonay-r4j,2026-07-24T09:16:34Z,Parabéns o nosso presidente Luiz Inácio Lula da Silva melhor presidente do Brasil!,0,2026-08-13
Ugy5m5wVv8BliB4dV5h4AaABAg,ADANRRFjZVA,Lula,@raquelmota9619,2026-07-23T21:40:38Z,⭐️⭐️⭐️⭐️⭐️⭐️⭐️⭐️⭐️⭐️⭐️⭐️⭐️,0,2026-08-13
UgwlpCdGUjSq75MLpAJ4AaABAg,ADANRRFjZVA,Lula,@raquelmota9619,2026-07-23T21:40:27Z,❤️❤️❤️❤️❤️❤️❤️❤️❤️❤️,1,2026-08-13
UgxVX38_8c_j5otLTSN4AaABAg,ADANRRFjZVA,Lula,@AntonioBarbosa-d3n5j,2026-07-23T08:19:33Z,Godevedavameqcanutimasigucaluiagovenanuabadepao6uredapolaeta,0,2026-08-13
Ugxh1qFS-GOH_0ySBat4AaABAg,ADANRRFjZVA,Lula,@nairtavares6585,2026-07-22T18:43:07Z,Em primeiro lugar Deus! Abençoe grandemente a vida do nosso presidente Lula! Está pessoa maravilhosa Que tem essa bondade de ajudar às pessoas mais umilde maís pobre nosso presidente Lula!Jesus está ao Lado Lula  por que Jesus tem umidade do presidente também tenta ajudar a todos principalmente as pobres! Divino Espírito santo Elumine a todos os momentos o p Lula pôr onde andar hoje e sempre!!! 🙏🙏🙏❤,0,2026-08-13
Ugx4q5XXLbsZw--GDEV4AaABAg,ADANRRFjZVA,Lula,@FranciscoSilvajulio-w8u,2026-07-22T17:16:58Z,Oi,0,2026-08-13
UgybfzgfF1Tu_nNVzjB4AaABAg,ADANRRFjZVA,Lula,@Mariaggh345,2026-07-22T16:53:39Z,Janja tem meu respeito.,0,2026-08-13
Ugw4cKSD-5quTYBoc4N4AaABAg,ADANRRFjZVA,Lula,@cesarpaulinho2824,2026-07-21T14:45:39Z,Vamos supor na parte de dentro nessa parte de dentro vocês não funciona ok o seu é o melhor governo do planeta mas porém tem umas partes que não funciona ok e quando não funcionar tentei ser criticado ok porque o nosso imposto é o imposto mais alto do planeta ok tem muito dinheiro em caixa e tem que fazer muita obra ok quando o senhor diz quando a gente se cuida da gente se cuida diz senhor porque só tem um tem nós de dinheiro de reais ok não é a pessoa que vai comer para vender o café para comer a janta não é diferente a dica é trabalho demais fale menos ok,0,2026-08-13
UgxeNq-e3v7NhCXwoCZ4AaABAg,ADANRRFjZVA,Lula,@marleidealves9004,2026-07-21T13:05:06Z,1313lula o melhor presidente   e sua equipe  janja  falou tudo ❤❤❤,0,2026-08-13
UgzWlFRXmH_wYt8Aivh4AaABAg,ADANRRFjZVA,Lula,@LuciaMendonça-v8l,2026-07-20T16:59:53Z,"Amém, a Sagrada Família acompanhe o senjor nosso Presidente Lula, Luiz Inácio da Silva 🎉😊",0,2026-08-13
Ugz7WqkPU4BaYYR4gAh4AaABAg,ADANRRFjZVA,Lula,@LuciaMendonça-v8l,2026-07-20T16:58:51Z,"Governador do Rio de Janeiro puramente honesto e pessoa de coração nobre,assim igual ao nosso Presidente Lula 🎉😢",0,2026-08-13
UgyeTR_2_FJY3q6H9FN4AaABAg,ADANRRFjZVA,Lula,@LuciaMendonça-v8l,2026-07-20T16:57:39Z,"Parabéns nosso Presidente, homem honesto",1,2026-08-13
Ugzat7BC0iuhjtfbNlR4AaABAg,ADANRRFjZVA,Lula,@LuciaMendonça-v8l,2026-07-20T16:37:29Z,"Nosso Presidente Lula é muito normalcom suas ações e sentimentos ,é  natural até na honestidade inerente a todos nós  porque Deus criou em nós, pena que tantos não a usam. Que pena, poderíamos ser todos felizes",0,2026-08-13
UgyGjCRjR6LP8VAGDrV4AaABAg,ADANRRFjZVA,Lula,@ronaldoarruda7108,2026-07-20T16:14:56Z,Lula é o nosso Pelé da política,0,2026-08-13
UgxG5LP13cNU_Qt8bQZ4AaABAg,ADANRRFjZVA,Lula,@marcosamadeu-t4d,2026-07-20T12:07:03Z,👏👏👏,0,2026-08-13
Ugz4UXynY7pNpSo8hPx4AaABAg,ADANRRFjZVA,Lula,@marcosamadeu-t4d,2026-07-20T12:01:04Z,Isso e um presente mas tá bom de mais o que se acha rico não gosto de igualdades não eles querem o mundo todo pra eles só ele pode ter o melhores médicos melhores em tudo aí e aonde tá as dores de cotuvelos de querer humilhar e não poder os fracos de condições,0,2026-08-13
UgzKH8CUS-k3FWrnvgN4AaABAg,ADANRRFjZVA,Lula,@marcosamadeu-t4d,2026-07-20T11:40:18Z,Os adolescentes e de resposabidades da família mas não acham acolhimentos então as autoridades problicar ajuda ao irresponsável desses tipos de não dá assistência ao seus filhos os erros da vida alguém tem que ser responsável isso os que se acha certo não gosta,0,2026-08-13
UgymSwVMewScJCaqlRB4AaABAg,ADANRRFjZVA,Lula,@marcosamadeu-t4d,2026-07-20T11:30:02Z,Presente lula dois mil e vinte e sete faz o L Brazil,0,2026-08-13
UgyaObXK55conMdt9iV4AaABAg,ADANRRFjZVA,Lula,@marcosamadeu-t4d,2026-07-20T11:28:14Z,👏👏👏👏,0,2026-08-13
UgxxKJzaqV18ci7wmUd4AaABAg,ADANRRFjZVA,Lula,@janjachupapau,2026-07-20T00:58:27Z,😊,0,2026-08-13
UgwUEXu2tAZRtMoQjiF4AaABAg,ADANRRFjZVA,Lula,@odairantoniodasilva4510,2026-07-19T19:26:44Z,"Agora que uma jornalista me enviou um vídeo, dizendo que o presidente do Senado, até o fim da campanha política vai colocar para votação os projetos de políticas públicas de maior importância para os brasileiros e é claro que a PEC 18/2025 será a primeira na fila das prioridades, sendo assim trégua por enquanto nas cobranças de aprovação de projetos de leis de maior relevância para o Brasil. Levando em consideração que a observância é o maior laboratório de políticas públicas contemplativas (com equidade, integralidade) tenho observado de perto o projeto para o jovem tirar a CNH e o observar   não é só aprovar um projeto de lei, mais os projetos que não devem ser aprovados e analisando os riscos e benefícios os prós e os  contras e o projeto de lei do Deputado do Solidariedade que permitirá que menor de idade possa tirar a CNH, não devem ser aprovado,  para não perder tempo já barra na Câmara dos Deputados. Não vejo motivos para aprovar um  projeto que só vai trazer gastos para o SUS, aumento nas filas do INSS para pericias médicas  perdas de vidas, sofrimentos para os pais e responsáveis dos menores de idade, gastos para a previdência social etc. Aproveito para parabenizar os esforço do governo do Presidente Lula para zerar a fila do INSS, só esse mês num fim de semana teve dezoito mil atendimentos. Esse projeto de lei é um projeto cheio de conflitos, paradoxos, veja: Se o adulto é mal educado no transito, pensa o adolescente, e se vir matar alguém, o adolescente responde pelo o crime? E se responder ao ter a maior idade zera sua ficha criminal, já a família que perdeu o parente como fica? Vocês acham que um jovem ao ficar sabendo de um baile funk de Ki Ki e pancadão ele vai querer que o pai ou responsável vai com ele, é claro que vai pegar o carro e sair escondido e vai voltar alcoolizado dando pancada em tudo que encontrar pela a frente ou empinando a moto e passando por cima das pessoas. Há cinco anos, eu perguntei para uma vendedora de plano funerário no jd. Santo André na cidade de SP, se estava vendendo muito plano no bairro, fiquei surpreso com a resposta que ouvi, ela disse que os pais que compravam para os filhos que saiam para as noitadas na cidade de SP. Se a pessoa não valoriza sua própria vida, vai valorizar de quem está no transito? Antes de mais nada, busca indicadores sobre  mortes de jovens no transito, nos hospitais, até mesmo nos planos funerários, baseado  nessa maluquice de plano funerário para jovem e não esqueça de levar em consideração as desigualdades socais que há no Brasil e meios que os jovens busca para divertir. Ao aprovar um projeto de lei, não é só olhar numa direção única na linha do horizonte, pensando no próximo mandato ou na captura de eleitores, temos que olhar nas vertentes perigosas e curvas sinuosas que poderá abalar negativamente nossa economia e a vida humana. Estou um pouco sem entender o que é a política. A pessoa faz de tudo para eleger um candidato, para ele se sentir realizado ao ajudar os brasileiros realizar seus sonhos e agora não quer  que a pessoa possa conhecer o político, será que a política é um pouco excludente?",2,2026-08-13
UgxPL_t9yRqHIc_ZIlB4AaABAg,ADANRRFjZVA,Lula,@RicP-c4v,2026-07-19T19:14:11Z,LULA TETRA !!!,0,2026-08-13
Ugym1hHhzi3O2I0_7fV4AaABAg,ADANRRFjZVA,Lula,@marlenefroes7051,2026-07-19T14:27:02Z,Outro dia não tinha dicionário na upa de Rocha Miranda,0,2026-08-13
UgwJf_2g9-Ur7cOuF5l4AaABAg,ADANRRFjZVA,Lula,@rubenssilva2828,2026-07-19T11:46:21Z,Lula eleito no primeiro turno,0,2026-08-13
UgywV-3BsulR2Df7U494AaABAg,ADANRRFjZVA,Lula,@marcio-od9xl,2026-07-19T11:34:55Z,"Esse é o nosso presidente 
Parabéns !",1,2026-08-13
UgwwFBFIP1VBhwL_fcZ4AaABAg,ADANRRFjZVA,Lula,@RoqueJanuáriodeJesus,2026-07-19T11:14:21Z,Esse é nosso LULA,1,2026-08-13
UgyZUrm1mHN3fyaMmfF4AaABAg,ADANRRFjZVA,Lula,@lucielmalima3597,2026-07-19T03:59:50Z,Estar certíssimo  ministro  padinha  parabéns  meu abraço  moro em Osasco.,1,2026-08-13
UgyoHjqzSF7rRjQyqJZ4AaABAg,ADANRRFjZVA,Lula,@analuizasoares3525,2026-07-19T03:37:31Z,"Ótimo trabalho do Presidente Lula , parabéns !!!",1,2026-08-13
UgxMnh8vEGnLiqOoEcF4AaABAg,ADANRRFjZVA,Lula,@lucielmalima3597,2026-07-19T03:35:18Z,Parabéns meu querido presidente Lula Parabéns meu abraço.,0,2026-08-13
UgxdPR25FxHyP82P0Ct4AaABAg,ADANRRFjZVA,Lula,@nenamedeiros6188,2026-07-19T00:51:21Z,Viva Lula!! Nosso presidente.,0,2026-08-13
Ugy0zROaFL_wWGLuCFZ4AaABAg,ADANRRFjZVA,Lula,@antonia2639,2026-07-19T00:32:28Z,👏👏👏👏❤️❤️❤️,1,2026-08-13
UgytGA4h93xUwTyDXv94AaABAg,ADANRRFjZVA,Lula,@adalgizadasilvarocha5589,2026-07-18T23:40:45Z,Lula2026 🎉🎉🎉🎉🎉,0,2026-08-13
UgyJHbl_dFvjendrAap4AaABAg,ADANRRFjZVA,Lula,@adalgizadasilvarocha5589,2026-07-18T23:00:37Z,"Lula2026 🎉🎉🎉🎉🎉
Lula e Alckmin reeleitos em 2026🎉🎉🎉🎉🎉",0,2026-08-13
UgyHtb3G04a1KRyqdid4AaABAg,ADANRRFjZVA,Lula,@allankardeck7055,2026-07-18T20:05:58Z,"AGORA COMO NÃO EXISTE CONCURSO PÚBLICO !!
        ESSE GIGANTISMO E QUANTIDADE DE FUNCIONÁRIOS
   (   SÃO CABOS ELEITORAIS D EDUARDO PAES E ESSE XEROX. ALTÃO AÍ DO LADO !!
     OLHEMMM O PERIGOOO !
          TODOS MEIO Q ADESTRADOS PRA VOTAR NELES Q ENTREGAM TUDO PRA (  O S).  E FUNDAÇÕES COMO ESSA  TRÁGICA EBSHER  PRIVATISAÇÃO DE TUDO MESMO !!).
        ORTOPEDIA TÁ UMA CALAMIDADEEE !   CIRÚRGIA GERAL E CARDIOLÓGICA ???
            COMO.  ELES SÓROUBAM !!).
       CONCURSO PÚBLICO REGIME ESTATUTÁRIO !!
         AÍ.  SIM. VOLTARÁ A FUNCIONARR !!",0,2026-08-13
UgzXXxQyxRYj6hoVxId4AaABAg,ADANRRFjZVA,Lula,@allankardeck7055,2026-07-18T19:51:53Z,"TEM Q TIRAR AS (OS).
       Q GANHAM DINHEIRO COM OS HOSP FEDERAIS E FAZER CONCURSO PÚBLICO .
     (   ALÉM D ATRASAREM SEMPRE DE 3  A 4 MESES OS PAGAMENTOS.  FUNCIONAM COM.      DE 2%  A1%  DA SUA CAPACIDADE .
         MANDEM FISCALISAR !!
     LIGUE A TELEVISAO E VERÁ !
          (  SR.ALBA VALÉRIA CARVALHO ENTRO NO HOSP. DA PREFEITURA COM FÊMUR QUEBRADO FICOU 3 MESES INTERNADA PEGOU PNEUMONIA E MORREU .).
         NÃO ESTÁ INFORMATISADOOO ???
       INVESTIGUEEE !!!",0,2026-08-13
UgxoncaeYd_nWgpnTIB4AaABAg,ADANRRFjZVA,Lula,@allankardeck7055,2026-07-18T19:47:21Z,"10.000 MULHERES ESPERANDO POR TRATAMENTO DE CANCÊR 
      INCLUSIVE CIRÚRGIAS E QUIMIOTERAPIA !!
           É PRECISO Q ESTES HOSP. DA PREFEITURA Q FUNCIONAN SÓ. COM. 2%  DE SUA CAPACIDADE !  OS CENTROS CIRÚRGICOS COM 1%  DE SUA CAPACIDADE .
       (    A PREFEITURA D RJ ESTÁ FECHADA COM.O LOBBY DS PLANOS DE SAÚDE).",0,2026-08-13
UgwVorwlmqfqf_T2BcB4AaABAg,gvcPENTPcDU,Lula,@JoséPimentel-j3u5c,2026-07-29T18:01:50Z,Fiel a Nação Cujo Deus E O Senhor  Ele e Fiel  e Justo.  Creia. Somente O Melhor   Presidente   do Brasil de Todos os Tempos. O Brasil e dos Brasileiros  Um País Democrático E Soberano  Parabéns  Presidente Lula  Pela  Equipe Capacitada Que o Senhor Escolheu  Estamos Confiante em Que For. Feito Para o Bem Do Povo Brasileiro Deus Abençoe  A Todos Um Boa Tarde a Todos    Lula Treze treze treze treze treze treze treze treze treze treze  Treze treze treze treze treze treze ❤❤❤ Tetra tetra tetra tetra,0,2026-08-13
Ugx-waoJWCdvmnJdZdd4AaABAg,gvcPENTPcDU,Lula,@jaquelinesantos22222,2026-07-23T17:57:49Z,"O Brasil te agradece, Lula!❤",0,2026-08-13
UgwxLORhobTRCG_VW_d4AaABAg,gvcPENTPcDU,Lula,@jaquelinesantos22222,2026-07-23T17:57:18Z,"Que DEUS abençoe, o Meu Presidente e todas aquelas e aqueles que lutam por um Brasil Democrático e Soberano e por Marcos Civilizatórios Edificantes!❤❤",0,2026-08-13
UgwHkthAUXsDyoWCmzB4AaABAg,gvcPENTPcDU,Lula,@iranicruzsantos8055,2026-07-22T12:55:03Z,"Temos que ajudar o presidente Lula a governar dando maioria na câmara e senado, isso depende exclusivamente de nós eleitores, não vendam seus votos,saibam que ao fazer isso você classe média pobre será o maior prejudicado, vamos votar em candidatos progressistas , só assim o nosso presidente conseguirá fazer as mudanças necessárias para o país continuar crescendo",0,2026-08-13
UgwCm-9oUtQxCd5Bc1d4AaABAg,gvcPENTPcDU,Lula,@iranicruzsantos8055,2026-07-22T12:45:37Z,"Temos um governo que luta pelo povo, não fica chorando,vai atrás de novos mercados, agora sim temos um presidente em nosso país",0,2026-08-13
UgxZNUzqKWstY4dU4WZ4AaABAg,gvcPENTPcDU,Lula,@luisgranemandemelo6252,2026-07-20T14:33:47Z,Parabéns Tri Presidente Lula e vice Alkimin,0,2026-08-13
UgxIWDGW0lWMegKdLN54AaABAg,gvcPENTPcDU,Lula,@marcialeonel4111,2026-07-20T11:38:18Z,É preciso conseguir novos mercados e deixar os EUA para lá. Não são confiáveis!,0,2026-08-13
UgxxpHdE_s2rKj3j5sF4AaABAg,gvcPENTPcDU,Lula,@AnamariaOliveira-c2f,2026-07-19T23:57:32Z,Lula você é o melhor,0,2026-08-13
Ugwfz7yhrGOFNarTWJV4AaABAg,gvcPENTPcDU,Lula,@simonedecassiasoares7826,2026-07-19T20:53:58Z,🇧🇷💪👏👏,0,2026-08-13
UgyiyisSh38gtqbF9O14AaABAg,gvcPENTPcDU,Lula,@maribpires,2026-07-19T17:42:23Z,gentinha capacho golpista. não me defendam! defendam mesmo essa gente. obrigada!,0,2026-08-13
UgxHdzWNn7bCKGiIZvV4AaABAg,gvcPENTPcDU,Lula,@AlexandrePantera,2026-07-19T16:49:20Z,"um novo Brasil, limpeza no congresso políticos da extrema direita bosonalista inimigo do povo pobre, trabalhadores",0,2026-08-13
Ugz-0XBGx_C3RonaIY14AaABAg,gvcPENTPcDU,Lula,@AlexandrePantera,2026-07-19T16:48:20Z,Parabéns não lambam botas do Trump igual essa família Bolsonaro e seus aliados traidores da pátria,0,2026-08-13
Ugz0KmNJRr8B0UBMqZR4AaABAg,gvcPENTPcDU,Lula,@cristinalanes4007,2026-07-19T14:51:00Z,Lula Presidente guerreiro e amado do povo brasileiro 💖 💖 💖,0,2026-08-13
Ugx_olOEgpFC-fpkYf54AaABAg,gvcPENTPcDU,Lula,@gilcineialeal1654,2026-07-19T13:38:07Z,Lula sempre 👆🏼,0,2026-08-13
UgxDmwwNfit4Oo5Qkf94AaABAg,gvcPENTPcDU,Lula,@eliascosta5346,2026-07-19T13:25:23Z,"O governo do presidente Luiz Inácio Lula da Silva, é um governo de primeira categoria e essa realidade ninguém pode negar.
🇧🇷Por isso, em 2026, é Lula13 presidente outra vez🇧🇷",1,2026-08-13
Ugw3XIJ4hItBC6-Hsd54AaABAg,gvcPENTPcDU,Lula,@terlicenovais5003,2026-07-19T13:18:23Z,2026 É LULA Outra Vez E Com Um Congresso Nacional De Esquerda PT 13 ⭐❤️ Neles De Ponta A Ponta Ou Seja De Prefeitos A Presidente Acorda Brasil 🇧🇷 Vamos Derrotar Os Fascistas E Golpistas Conspiradores Traidores E Lesadores Da Pátria,0,2026-08-13
UgyINhRsYxnSZKa3Q2J4AaABAg,gvcPENTPcDU,Lula,@cristianovieiradasilva8670,2026-07-19T12:50:15Z,Esse Geraldo Alkimin e o melhor vice presidente que o pais já teve é padrão Marcos Marciel da era FHC,0,2026-08-13
UgyTOR7VKcD42AhVso94AaABAg,gvcPENTPcDU,Lula,@adalgizadasilvarocha5589,2026-07-19T10:26:00Z,Lula e Alckmin reeleitos em 2026🎉🎉🎉🎉🎉🎉,0,2026-08-13
UgwIdFvrepcKeH-7NsZ4AaABAg,gvcPENTPcDU,Lula,@danielpaciulo,2026-07-19T08:11:39Z,na cena do crime,0,2026-08-13
Ugww9BjM5FEH5M4o-IV4AaABAg,gvcPENTPcDU,Lula,@elieuridenespaivaandradema1348,2026-07-19T06:45:01Z,Parabéns,0,2026-08-13
UgzZ-wsAlIR6bb4B8tl4AaABAg,gvcPENTPcDU,Lula,@usuario1700017,2026-07-19T04:29:44Z,"Absurdo um candidato a presidente apoiar taxação dos produtos brasileiros! 

Graças a Deus temos o presidente LULA lutando pela sobrevivência das nossas indústrias! ❤",0,2026-08-13
UgwIDSxPokvFlZFP0Id4AaABAg,gvcPENTPcDU,Lula,@wilsonferreira5197,2026-07-19T01:24:25Z,Nem fica mais vermelho,0,2026-08-13
UgzUOARrgNFpxo4Gg5R4AaABAg,gvcPENTPcDU,Lula,@iwaipedro001,2026-07-19T01:11:01Z,Isso nos tranquiliza. Isso nos deixa seguros,0,2026-08-13
UgwQPPtHdYPL8s5BvO94AaABAg,gvcPENTPcDU,Lula,@mariadivinapereira8230,2026-07-18T23:56:28Z,Bravos 🎉🎉❤❤,0,2026-08-13
Ugy66xjw4KIv7Jgim-l4AaABAg,gvcPENTPcDU,Lula,@ElissonGarcia-v8i,2026-07-18T22:18:27Z,Parabéns melhor vice,0,2026-08-13
UgyVv9tu93ZcHjHMUbp4AaABAg,gvcPENTPcDU,Lula,@jorgeluizcostadasilva7003,2026-07-18T18:29:42Z,Brasil para os brasileiros. Vamos juntos governo Lula.,0,2026-08-13
Ugw3LCvR9daLmlldORB4AaABAg,gvcPENTPcDU,Lula,@januariodanielnetojanuario9848,2026-07-18T17:24:22Z,Trump e Rubio q vão pescar sapos nos pântanos da flórida !😂,1,2026-08-13
Ugymk1FiEk_Z271NtaF4AaABAg,gvcPENTPcDU,Lula,@diogoagostinho8321,2026-07-18T17:23:42Z,Se tivesse no lado do povo brasileiro... iliminava vários impostos desnecessário...os cidadãos tem que dividir seu salário com o governo...paga uma pensão pro estado,0,2026-08-13
Ugw2NHZCU-zZ1UjnxrN4AaABAg,gvcPENTPcDU,Lula,@januariodanielnetojanuario9848,2026-07-18T17:23:01Z,Esse timaço será tetra campeão com lula lá ❤,1,2026-08-13
UgwGZHwy2rmudspHChF4AaABAg,gvcPENTPcDU,Lula,@CaioBB-h2i,2026-07-18T17:19:57Z,O melhor GOVERNO DE TODOS OS TEMPIS,0,2026-08-13
UgyPwqPEIAJcRQ-r4dV4AaABAg,gvcPENTPcDU,Lula,@JoséAdaltoGaldino,2026-07-18T16:48:52Z,Lamber bota de tramp,0,2026-08-13
UgwtJhF5sA32HrjX0ep4AaABAg,gvcPENTPcDU,Lula,@JoséAdaltoGaldino,2026-07-18T16:48:19Z,Vamos pra cima deles bosonaristas lalau é safados,0,2026-08-13
UgzNUng1HL-o9A8RJnJ4AaABAg,gvcPENTPcDU,Lula,@Le.daOliveira,2026-07-18T16:39:32Z,Todos os cuidados e medidas sendo tomadas pelo Excelente Governo Lula 😍🫶 e sua equipe de governo agindo em defesa do setores industriais brasileiro injustiçados e perseguidos pelas taxas ilegais postas pelos malditos EUA 🤮🤮,0,2026-08-13
UgxASW93y7DwVHFWhgt4AaABAg,gvcPENTPcDU,Lula,@silvanamachado2167,2026-07-18T16:33:47Z,"O Brasil é gigante, ele cresce com tarifaço ou não. Seu povo é soberano e o Brasil é dos brasileiros.",0,2026-08-13
UgxzXqoRRSwSFELkC2B4AaABAg,gvcPENTPcDU,Lula,@aparecidadias4842,2026-07-18T16:19:36Z,parabéns o Brasil esta sofrendo com essa turma da direita Flávio Bolsonaro mentiroso 13❤123'❤❤❤❤❤❤❤ pra presidente lula❤,0,2026-08-13
Ugx7M545SEBPP8rNkwJ4AaABAg,gvcPENTPcDU,Lula,@aparecidadias4842,2026-07-18T16:18:24Z,Lula pra presidente ❤,0,2026-08-13
Ugy4RCt8Ah7zX8AKeJF4AaABAg,gvcPENTPcDU,Lula,@noemizorzal4720,2026-07-18T15:49:07Z,Obrigada presidente o Brasil é dos brasileiros e soberano,0,2026-08-13
Ugxnqwabapq21-DLqRx4AaABAg,gvcPENTPcDU,Lula,@neidevital548,2026-07-18T15:31:00Z,O centrao PSDB adora cargos e pedagios,0,2026-08-13
Ugz2S3ibRaL0OFFWKOt4AaABAg,gvcPENTPcDU,Lula,@AlbertinaPinheiro-s6q,2026-07-18T15:21:41Z,parabéns meu presidente Lula chora direita maldita metralha,0,2026-08-13
UgwwUF5_PRL3jlTDYY14AaABAg,gvcPENTPcDU,Lula,@MarigloriaNunesdasilva-w7m,2026-07-18T15:14:35Z,"QUE POSTURA FIRME, GOSTEI GERALDO 
ALKIMIM E PRESIDENTE LULA REPONDO
AS PERDAS  DA TARIFAÇÃO, SE  RESPEITANDO SEM MENDIGAR. O BRASIL É 
LIVRE E SOBERANO.🌺🌺🌺🇧🇷",0,2026-08-13
UgxHWJP6o_-p_v5oJ5B4AaABAg,gvcPENTPcDU,Lula,@carolinnecosta341,2026-07-18T15:12:50Z,"POR ISSO VAMOS ELEGER LULA TETRA-PRESIDENTE NO 1° TURNO E ACABAR COM ESSA EXTREMA DIREITA BAIXO CLERO GOLPISTA E QUE JAMAIS VOLTEM A GOVERNAR O NOSSO BRASIL, E TAMBÉM ELEGER SOMENTE, SENADORES DEPUTADOS FEDERAIS E ESTADUAIS E GOVERNADORES DEMOCRATAS E PROGRESSISTAS QUE APOIAM O PROJETO DE NAÇÃO DO PRESIDENTE LULA ❤😊😍 VAMOS LIMPAR OS ESTADOS E O CONGRESSO NACIONAL DA DIREITA GOLPISTA E DA EXTREMA DIREITA FASCISTA 💪🏻🙅🏻‍♀️🤬👎🏻🤮🤡👎🏻",1,2026-08-13
UgytdXaUnBK3QgkoSvx4AaABAg,gvcPENTPcDU,Lula,@selmaaparecida6022,2026-07-18T15:07:40Z,"Não vejo a hora depois das eleições, chegar na minha janela e gritar bem alto. LULAAA TEEETRAAAA....uhuuuu...Bora Brasil...Bora Lula ...
Campeão dinovo. 
E eu vou fazer isto.❤Divinópolis MG",0,2026-08-13
UgwCw3aqNR_V_oQvKWp4AaABAg,gvcPENTPcDU,Lula,@MatusalemFreitas,2026-07-18T14:54:15Z,"PRECISAMOS LIMPAR O CONGRESSO DE PARLAMENTARES TRAIDORES DA PÁTRIA.
FLÁVIO BOLSONARO É UM TRAIDOR DA NOSSA PÁTRIA.
LULA NO PRIMEIRO TURNO.
DEUS SEJA LOUVADO.",0,2026-08-13
UgxCb70cK0qL9AJggXx4AaABAg,gvcPENTPcDU,Lula,@fatimaotaviano6746,2026-07-18T13:59:37Z,"A equipe do nosso governo está de olho na nossa grandeza,terra amada Brasil....❤",0,2026-08-13
Ugx5n5Fb-ndrgd1Fw3F4AaABAg,gvcPENTPcDU,Lula,@luciafatima1437,2026-07-18T13:49:18Z,PARABÉNS A SOBERANIA DO BRASIL. NUNCA DESISTIR. POIS É JOGO POLÍTICO.,0,2026-08-13
UgxP91o4BS-_B4zK4714AaABAg,gvcPENTPcDU,Lula,@JoaoCarlosVictal,2026-07-18T13:30:31Z,É isso aí vende pra outros países vamos ser grande parabéns governo do Brasil 🇧🇷.,0,2026-08-13
UgwA6_QbPTJTlxspkop4AaABAg,gvcPENTPcDU,Lula,@BeneditamarilzaBenne,2026-07-18T13:14:57Z,22 22,0,2026-08-13
Ugw9dB0edshhX3a7dK54AaABAg,gvcPENTPcDU,Lula,@josemariarodriguesmatos5008,2026-07-18T13:14:56Z,Muito bom.,0,2026-08-13
UgzlsK37k9uyZMB9-qB4AaABAg,gvcPENTPcDU,Lula,@antoniav.r.schmitz1987,2026-07-18T13:04:30Z,Amem,0,2026-08-13
Ugw4eH9bbOEsoDltYjF4AaABAg,gvcPENTPcDU,Lula,@PHD-s1z,2026-07-18T13:04:03Z,"Manda o Trump e tariflavio catar coquinho, para não falar outra coisa.",0,2026-08-13
Ugx8h0VYm2fiFP9Qwup4AaABAg,vurBudCaFL0,Lula,@58helena-t3y,2026-08-13T15:39:23Z,DEUS CONTINUE ABENÇOANDO O PRESIDENTE LULA PODEROSAMENTE EM NOME DE JESUS CRISTO ❤❤DEUS ACIMA DE TUDO E DE TODOS ❤❤ A direita surta😂😂,0,2026-08-13
UgxincMxGFh6ati_PXB4AaABAg,vurBudCaFL0,Lula,@pauloramosdeandradeandrade8815,2026-08-13T10:31:37Z,Excelente,0,2026-08-13
UgxK36AV9Ae01WXDHi94AaABAg,vurBudCaFL0,Lula,@josehenriques3301,2026-08-10T11:45:46Z,"Ele falou que eram 5 países que produzem turbinas e citou somente 4 (França, China, Reino Unido e Rússia), ele esqueceu de citar os Estados Unidos e agora o BRASIL entrou para esse seletissimo grupo.",0,2026-08-13
UgwmQ81QtPvRFL9AXdd4AaABAg,vurBudCaFL0,Lula,@roseliacamara4977,2026-08-06T10:42:21Z,Inútil para o Brasil e o lula fora Lula já,0,2026-08-13
Ugwv6Rw520AzrZhu0K54AaABAg,vurBudCaFL0,Lula,@estadoanarquista,2026-08-04T15:34:52Z,Brasil!!!,0,2026-08-13
UgzBJvl29sm_-qPiSa94AaABAg,vurBudCaFL0,Lula,@rosinetecostabastos8967,2026-08-03T16:53:47Z,Por isso sou 1000% presidente Lula tetra ❤❤❤❤❤❤❤❤❤❤❤❤❤❤❤❤❤,0,2026-08-13
Ugx2mQ1HXp4wV9qRb854AaABAg,vurBudCaFL0,Lula,@MarcosVinicius-cz3sn,2026-08-03T13:02:37Z,"Se o Rachadinho for eleito, vai acabar com tudo isso! Aliás, se a direita voltar nos próximos anos, com certeza isso não terá continuidade!",0,2026-08-13
Ugy7LMysIlZ0bw7mHIF4AaABAg,vurBudCaFL0,Lula,@Marcilio-Leal-Singer-Brazil,2026-08-02T19:08:42Z,"E os invejosos e arrogantes argentinos dizem serem superiores aos Brasileiros, eles não fazem músicas, não tem cantores, danças, filmes, etc, nem mesmo novelas como as mexicanas fazem!, enfim, não fazem nada, não são criativos e nem inovadores como nós, Brasileiros! Sinto pena da argentina, o quintal do Brasil!",1,2026-08-13
UgyBgulJV1Dosv0YHxp4AaABAg,vurBudCaFL0,Lula,@fabio828,2026-08-02T16:40:40Z,O Brasil tem um presidente.,0,2026-08-13
Ugxr6RMHCZ4zQiVEXkt4AaABAg,vurBudCaFL0,Lula,@thesentencerepeater,2026-08-02T15:58:53Z,Parabéns Brasil❤Lula Tetra.,1,2026-08-13
UgyPQ3bN8Al13isrs_14AaABAg,vurBudCaFL0,Lula,@noslinsx,2026-08-02T13:15:20Z,"Desde que o Lula foi presidente pela primeira vez e o povo experimentou um governo com olhar social, nunca mais o presidente perdeu uma eleição. Ganhou todas e vencerá novamente, podem colocar Michelle, Carluxo, Chupetinha, Bananinha, Malafaia, Caneta Azul ou qualquer outra coisa, o Lula será reeleito! 13 ❤🌵🇧🇷🚀",1,2026-08-13
UgwtEYFNcEhgbcCCH5d4AaABAg,vurBudCaFL0,Lula,@ManoelNerydoNascimentoJúnior,2026-08-02T10:03:56Z,Eu contei cinco,0,2026-08-13
UgymEk5LViQj821upgR4AaABAg,vurBudCaFL0,Lula,@francisconacelionacelio7709,2026-08-01T14:36:27Z,Parabéns mesmo orgulho,0,2026-08-13
UgyDiW_V3rCJ5DmIo0l4AaABAg,vurBudCaFL0,Lula,@magalybarbosa1280,2026-08-01T14:09:20Z,ISSO AÍ! INVISTA TODO O NOSSO IMPOSTO EM NÓS.,0,2026-08-13
UgxEnb89LRPg4WIeWKR4AaABAg,vurBudCaFL0,Lula,@rodrigobaptista7031,2026-08-01T13:08:05Z,Frutos dos 4 anos de motociatas do capitão Pinóquio,0,2026-08-13
Ugy_t666XBJKKurgCgR4AaABAg,vurBudCaFL0,Lula,@JoseCarvalho-u5j,2026-08-01T08:55:58Z,"Lula,,vai",0,2026-08-13
UgzvhP-KtiWEVggV9YZ4AaABAg,vurBudCaFL0,Lula,@elisangelapires5114,2026-08-01T01:41:11Z,Lula Nosso Presidente 🇧🇷❤️,0,2026-08-13
UgzrVxAzfX1amFGY-b54AaABAg,vurBudCaFL0,Lula,@elisangelapires5114,2026-08-01T01:41:03Z,Brasil Soberano 🇧🇷❤️,0,2026-08-13
Ugzs8n9CBkj1aMJb-Ed4AaABAg,vurBudCaFL0,Lula,@valdecirmoreira2034,2026-07-31T22:59:45Z,Parabéns,0,2026-08-13
Ugx94HUKRXcIvSEwwuN4AaABAg,vurBudCaFL0,Lula,@fatimamelicio7980,2026-07-31T20:41:08Z,"Parabens  Brasil,  Deus te Abençoe",0,2026-08-13
UgzgXKxdGH5wV0x8M2J4AaABAg,vurBudCaFL0,Lula,@Joaomarcos-w4s,2026-07-31T20:30:25Z,O TRAMP VAI TE PEGAR…,0,2026-08-13
UgzCMcLhf4Hxi8Wo9RB4AaABAg,vurBudCaFL0,Lula,@pecuarianordestina5173,2026-07-31T11:49:42Z,"O etanol pode ser produzido de tudo que tem amido, desde mandioca, arroz, batata, cenoura, batata-doce, trigo. O amido é um monte de glicose junta. Quando se quebra o amido por meio da enzima amilase você libera a glicose para produzir etanol. Dá para produzir etanol até da casca do cacau. A casca do cacau tem celulose e a celulose também é um monte de glicose junta. A celulose também é um polímero de glicose.",0,2026-08-13
Ugxbbj_4ORVSzOPCRDt4AaABAg,vurBudCaFL0,Lula,@joaopaulosouza516,2026-07-30T21:16:17Z,Muito melhor com Lula!,0,2026-08-13
Ugwj51WF0YVjnSE8zMB4AaABAg,vurBudCaFL0,Lula,@khallobo,2026-07-30T05:25:43Z,"Com Lula o Brasil está no caminho certo.
Não votem mais na direita entreguista pelo amor de Deus",0,2026-08-13
UgyZEp8ZGcRi8fQ6fzp4AaABAg,vurBudCaFL0,Lula,@AldoFerreira-v6h,2026-07-29T23:38:20Z,"QUE OTIMA NOTICIA..
PARABENS A TODOS..",0,2026-08-13
UgwcijoUqJ9fhSKn7vF4AaABAg,vurBudCaFL0,Lula,@OzeiasWanderosfky,2026-07-29T21:14:45Z,Se o brasil domina a tecnologia quando teremos turbinas para nossos caças genuinamente nacional ou vamos parar por aqui,0,2026-08-13
UgyZ_xH7QYbSveGor_d4AaABAg,vurBudCaFL0,Lula,@arielsuter.musicai,2026-07-29T15:15:36Z,Sigamos contigo Lula!,0,2026-08-13
Ugx0qwzk8L6u87apDFB4AaABAg,vurBudCaFL0,Lula,@LindamarMartinsdaSilva,2026-07-29T12:16:51Z,Lindamar  martins da silva  influciadora verdadeira Goiatuba goias interior  melh e president  lula,0,2026-08-13
Ugzt4_VpSEjo7mTFbex4AaABAg,vurBudCaFL0,Lula,@danielramos5335,2026-07-29T10:31:25Z,"Parabéns à Aeronáutica, ao ITA, às empresas parceiras e ao Senhor Presidente. Acreditar na Indústria Brasileira é a solução para a próxima geração! Saudações de Taguatinga/DF.",0,2026-08-13
UgwxCe80zn5faAnMzPV4AaABAg,vurBudCaFL0,Lula,@minhaopiniaomeupontodevista,2026-07-28T20:14:44Z,🦅🦤♈️🇧🇷💛,0,2026-08-13
UgwqCS-gZqUulJFQvKp4AaABAg,vurBudCaFL0,Lula,@minhaopiniaomeupontodevista,2026-07-28T20:14:34Z,👏🏻👏🏻👏🏻👏🏻👏🏻,0,2026-08-13
Ugwdh1lQJe8FQis4Sol4AaABAg,vurBudCaFL0,Lula,@BeneditamarilzaBenne,2026-07-27T04:08:46Z,KKKKKK22KKKK2222KKK222K22KK22,0,2026-08-13
UgxyMOGe8uAungBaX-N4AaABAg,vurBudCaFL0,Lula,@marytomas3370,2026-07-27T01:07:32Z,...  Maravilha logo pertinho e vamos fazer um avião ❤❤🎉🎉,0,2026-08-13
UgxQ5R0n-fLsuFJJKjZ4AaABAg,vurBudCaFL0,Lula,@haroldoeugenio6907,2026-07-26T19:35:52Z,👏👏👏👏👏👏👏👏👏,0,2026-08-13
Ugw07796gp0fyBblIG14AaABAg,vurBudCaFL0,Lula,@maictactical7208,2026-07-25T21:31:54Z,❤❤❤❤,0,2026-08-13
Ugwp0IpEfwPIIsmGohV4AaABAg,vurBudCaFL0,Lula,@aurinetelimadasilva1996,2026-07-25T18:41:30Z,LULA PRESIDENTE PELA QUARTA VEZ,0,2026-08-13
Ugz_NLsC91tK8nFas_54AaABAg,vurBudCaFL0,Lula,@Nazaregomes555,2026-07-25T16:33:06Z,👏🏾👏🏾👏🏾👏🏾👏🏾👏🏾👏🏾👏🏾,1,2026-08-13
UgyaxofD2OGt7K3yQ4B4AaABAg,vurBudCaFL0,Lula,@massa_ito_65,2026-07-24T20:43:06Z,👏👏👏👏👏⭐⭐⭐⭐🇧🇷❤,0,2026-08-13
UgxhROZWMlyNC9spnCt4AaABAg,vurBudCaFL0,Lula,@eduardodesa5479,2026-07-24T19:42:02Z,É tetra !!!!,0,2026-08-13
UgzeSzUg6Cqyf67RIfd4AaABAg,vurBudCaFL0,Lula,@nazaretenorio5487,2026-07-24T12:23:26Z,Lula melhor Presidente!👏👏👏👏❤,0,2026-08-13
UgywhKGp_nre5-7RAE54AaABAg,vurBudCaFL0,Lula,@ersonluisdefreitas9578,2026-07-24T09:35:02Z,"Paim, além de escelente estadista, virou repórter.  Te cuida Mônica Bergamo.  😂",1,2026-08-13
Ugy0OZ7erZt35e5C8iV4AaABAg,vurBudCaFL0,Lula,@fillferz,2026-07-24T03:24:36Z,Fora Lula,1,2026-08-13
UgxpS28sQF7ll-xwajx4AaABAg,vurBudCaFL0,Lula,@vaniafiocca620,2026-07-24T03:19:13Z,China taxou em 55%,0,2026-08-13
UgyUvmuQ3xzfbygmfn54AaABAg,vurBudCaFL0,Lula,@PauloJuniorGomes-d4m,2026-07-24T02:13:00Z,"Parabéns ao ita, a todos os técnicos e parabéns ao governo Lula por apoiar.",0,2026-08-13
UgwgWxycB_ve3KfU8Xp4AaABAg,vurBudCaFL0,Lula,@PauloJuniorGomes-d4m,2026-07-24T02:11:33Z,Que notícia maravilhosa,0,2026-08-13
UgxRvZ20kcULyaa46al4AaABAg,vurBudCaFL0,Lula,@MariaFátimaSoares-i5e,2026-07-23T23:08:27Z,70x7 Lula 13 13 13 13,0,2026-08-13
UgwNFx9YNFdKMmw8jAB4AaABAg,vurBudCaFL0,Lula,@honeysonhayes9129,2026-07-23T23:03:28Z,"Parabéns Aeronáutica, e todos os envolvidos neste projeto. Parabéns Presidente Lula, por defender nossa democracia e soberania, e nunca se curvar aos interesses estrangeiros",0,2026-08-13
UgzKTcK4NLDCijP1Rhh4AaABAg,vurBudCaFL0,Lula,@correa5424,2026-07-23T22:45:32Z,Esse cara nao e o lula é fake,0,2026-08-13
UgznXTUCAARXyXIMOCV4AaABAg,vurBudCaFL0,Lula,@thd5544,2026-07-23T21:39:07Z,❤❤❤😊😊😊🎉🎉🎉,0,2026-08-13
UgzI9xfADerTMYvas5Z4AaABAg,vurBudCaFL0,Lula,@triz8399,2026-07-23T21:10:41Z,"Tão bom ver o Brasil avançando em todos os setores 🇧🇷🚀 Parabéns ao governo Lula, que trabalha em prol do Brasil, e a todos os profissionais que estão nessa empreitada pelo nossos país.",0,2026-08-13
UgyNxQji4oszOFNJ5M94AaABAg,jrBEOdaLG70,Lula,@celesteoliveira7882,2026-07-31T18:05:05Z,👏🏽👏🏽👏🏽👏🏽👏🏽👏🏽👏🏽👏🏽👏🏽👏🏽,0,2026-08-13
Ugxy3vtpzVtYaPnP9sd4AaABAg,jrBEOdaLG70,Lula,@CelsoSantana-to6ff,2026-07-31T11:36:01Z,Isso mesmo verdade não somos quintal de ninguém e noiz cria gado p comer 😅😅😅,0,2026-08-13
UgyTwmvQUPLQ3r_mXoJ4AaABAg,jrBEOdaLG70,Lula,@adilsoncaldeira564,2026-07-30T14:37:47Z,LULA 2026,0,2026-08-13
Ugx1pUmBr7ttvzO41-14AaABAg,jrBEOdaLG70,Lula,@celiamig,2026-07-30T13:01:16Z,❤❤❤❤❤❤❤❤❤❤❤❤❤❤,0,2026-08-13
UgyKtsL-duywmcng5r54AaABAg,jrBEOdaLG70,Lula,@rosinetecostabastos8967,2026-07-30T09:48:14Z,Esse é o verdadeiro presidente do Brasil. O maior presidente do planeta e o maior estadista do mundo. Tetra ❤❤❤❤❤❤❤❤❤❤❤❤❤❤❤❤❤ homem trabalhador,0,2026-08-13
UgzOErhvBsN8BGdUt2J4AaABAg,jrBEOdaLG70,Lula,@nilsons4356,2026-07-30T09:41:34Z,Parabéns Presidente. Excelente iniciativa e trabalho!!!,0,2026-08-13
UgyZ0yAHdMdm_wB6eIx4AaABAg,jrBEOdaLG70,Lula,@aparecidaassis6391,2026-07-30T06:51:59Z,"Lula, um presidente com a visão do presente, para o futuro! Lula primeiro turno!!!",0,2026-08-13
Ugz7gWYNd-TDxMKMNlJ4AaABAg,jrBEOdaLG70,Lula,@mariaauxiliadoradesousa272,2026-07-29T21:14:05Z,Falou tudo é o meu sonho também  que o povo valorize onosso países nossa riquezas o nosso povoÉ assim que se governa um país tão  grande em extinção  e valores e riquezas😅😊❤😂Amuuuuu e Uhuuuuul,1,2026-08-13
Ugwe7VkrEgQ_3azqX3t4AaABAg,jrBEOdaLG70,Lula,@elviomelquiades3161,2026-07-29T13:36:49Z,Meu Presidente!!!,0,2026-08-13
Ugx5htEajvExQ7xmpJ14AaABAg,jrBEOdaLG70,Lula,@antonioconceicao4803,2026-07-29T13:35:00Z,Faltou combinar com os entreguistas da Direita...,0,2026-08-13
Ugwz6Gb7FR6Ydxo8I7d4AaABAg,jrBEOdaLG70,Lula,@FingerStyleTension,2026-07-29T12:28:52Z,É muito diferente quando é um verdadeiro estadista resolvendo assuntos do país. Voltamos a ter orgulho do Brasil. 🇧🇷,0,2026-08-13
UgxikttnvSCOK7b8Iil4AaABAg,jrBEOdaLG70,Lula,@soniamf7925,2026-07-29T11:22:15Z,👏🏻👏🏻👏🏻  ❤️🇧🇷❤️  💯💯💯,1,2026-08-13
Ugw1IHad7Eeuko2aD9d4AaABAg,jrBEOdaLG70,Lula,@edivaldojoaquimsantos4249,2026-07-29T10:48:12Z,👏👏👏👏Esse é o nosso Presidente Lula.,0,2026-08-13
Ugw-rvYEoXyzzYGkxNZ4AaABAg,jrBEOdaLG70,Lula,@miralvamaia5432,2026-07-29T10:38:23Z,"Presidente Lula ❤ Como a CHINA nos dá um EXEMPLO DE AUDÁCIA❤....recentemente a CHINA fechou 12 mil cursos Universitários, onde a IA já faz melhor que os humanos.  E abriu 10 mil curso Universitários  onde as Novas Tecnologias, abrem novos campos de conhecimento tecnológico.❤ Encorajado as Novas gerações à INOVAR. ❤ Outro avanço na área de EDUCAÇÃO é que a IA vai está integrada como ferramenta na Metodologia do Ensino...❤❤❤",0,2026-08-13
UgxhWcYT-jDGaVfJ1B14AaABAg,jrBEOdaLG70,Lula,@rootsvip,2026-07-29T10:32:19Z,E o único Presidente que defende seu Povo seu País,0,2026-08-13
UgzQ1l8XTv063wJKV7F4AaABAg,jrBEOdaLG70,Lula,@rootsvip,2026-07-29T10:31:24Z,Falou tudo certinho Presidente Parabéns pelo seu trabalho e sua inteligência!,0,2026-08-13
Ugw5csSngRYKDxrEH0B4AaABAg,jrBEOdaLG70,Lula,@miralvamaia5432,2026-07-29T10:26:40Z,"Parabéns Presidente Lula ❤ Se o Brasil deseja SUCESSO no seu desenvolvimento tecnológico precisa INVESTIR NA EDUCAÇÃO  ❤ Olha a Estratégia da China...em todos os Países o maior ORÇAMENTO é na área MILITAR...sabe qual é o Orçamento de EDUCAÇÃO NA CHINA? Quatro vezes maior  do que na área MILITAR. Por isto, a China é a POTÊNCIA DO SÉCULO XXI. Só de Engenheiros em Cursos Superiores  a China tem mais Engenheiros do que toda População do Brasil,  230 milhões de Engenheiros...veja que Visão de País....",0,2026-08-13
UgydaVkn62p-k9yZvE54AaABAg,jrBEOdaLG70,Lula,@analinacorrea4604,2026-07-29T10:18:31Z,👏👏👏👏👏👏👏,0,2026-08-13
UgyzF3fJV9uaOLOTfnx4AaABAg,jrBEOdaLG70,Lula,@italosilva2898,2026-07-29T09:28:07Z,É Lula ❤,0,2026-08-13
UgzcV-f-hCj3dgszL4Z4AaABAg,jrBEOdaLG70,Lula,@danielramos5335,2026-07-29T05:23:48Z,"Muito Obrigado, Senhor Presidente.",0,2026-08-13
UgxFfhlNI_Ol-X__BQ14AaABAg,jrBEOdaLG70,Lula,@UniversoQuântico-z5k,2026-07-28T21:55:06Z,👏👏👏👏,0,2026-08-13
UgwKCH-XycyVp23EyNJ4AaABAg,jrBEOdaLG70,Lula,@antoniomoreira2738,2026-07-28T21:36:14Z,Soberania ! ...No primeiro turno!,0,2026-08-13
UgxcGDXJOVR6rRB8qup4AaABAg,jrBEOdaLG70,Lula,@luizchagas7394,2026-07-28T21:14:09Z,Parabéns meu presidente Lula reeleito no primeiro turno,0,2026-08-13
Ugz7b7clqc3iI89SEvJ4AaABAg,jrBEOdaLG70,Lula,@noemesilva4314,2026-07-28T20:48:21Z,13 2026 para o melhor presidente do Brasil maravilhoso ❤❤❤,0,2026-08-13
Ugxssl0xuT5ztfuUwAt4AaABAg,jrBEOdaLG70,Lula,@margaridahonorio4775,2026-07-28T20:47:39Z,Obrigada Lula..homem de verdade que pensa nos brasileiros no país respeitado❤❤❤,0,2026-08-13
Ugx2kLMDmniAb7KAoLV4AaABAg,jrBEOdaLG70,Lula,@alexandrecamargodecarvalho,2026-07-28T19:37:52Z,Esse é meu Presidente ! 13 para 🇧🇷vencer !!!,0,2026-08-13
UgxDEzDztfvC837i4h54AaABAg,jrBEOdaLG70,Lula,@laurolopes3894,2026-07-28T17:56:44Z,O Amazonas está fechado com Luiz Inácio Lula da Silva é o melhor presidente do Brasil volta Lula já no primeiro turno,0,2026-08-13
Ugz0D4HWr82bAJfwJSd4AaABAg,jrBEOdaLG70,Lula,@laurolopes3894,2026-07-28T17:56:32Z,Luiz Inácio Lula da Silva é o melhor presidente do Brasil,0,2026-08-13
UgxCikyTXBN0L_l65yZ4AaABAg,jrBEOdaLG70,Lula,@laurolopes3894,2026-07-28T17:56:20Z,Lula só sai da presidência em 2030,0,2026-08-13
Ugx1f5MCfgTEE05V2HV4AaABAg,jrBEOdaLG70,Lula,@laurolopes3894,2026-07-28T17:56:09Z,Lula só sai da presidência em 2030,0,2026-08-13
UgxQXQvqLzAVfhLH2U14AaABAg,jrBEOdaLG70,Lula,@Petistasempre,2026-07-28T17:30:11Z,"Isso sim é um presidente, Luiz Inácio Lula da Silva... ❤🙏❤🙏❤🙏❤🙏",0,2026-08-13
Ugw8WE4DJ_qtKTYettl4AaABAg,jrBEOdaLG70,Lula,@AlcidesRodriguesPastor,2026-07-24T10:48:07Z,Lula...um Homem cm Nobres ideais defendendo o Brasil rico em matéria prima,0,2026-08-13
Ugy5P6TKdiD6kpNO0uB4AaABAg,jrBEOdaLG70,Lula,@Selma-q2q,2026-07-22T04:11:27Z,"Lula, grande estadista! 👏👏👏👏",0,2026-08-13
UgzruYJydzRY0wKnNIV4AaABAg,jrBEOdaLG70,Lula,@RibamarGomes-fn8ph,2026-07-21T20:34:16Z,❤❤❤👍🏼,1,2026-08-13
UgyOmJqaMk-U-Kmwfj14AaABAg,jrBEOdaLG70,Lula,@JoseCarvalho-u5j,2026-07-21T16:11:01Z,"Lula,,,toaku",0,2026-08-13
UgxMk2HL3vhYDktTowJ4AaABAg,jrBEOdaLG70,Lula,@clovisreis8606,2026-07-21T10:29:34Z,Novo escrito,0,2026-08-13
UgwX1fmGL2JYCxegOUh4AaABAg,jrBEOdaLG70,Lula,@rosanacabral1048,2026-07-20T22:00:22Z,"As terras raras é do Brasil, viva ao nosso querido Presidente Lula 🙏",0,2026-08-13
Ugzr66_yA3tI7sBMClt4AaABAg,jrBEOdaLG70,Lula,@MariaAparecida-rf6th,2026-07-20T21:27:42Z,LULA VENCE NO PRIMEIRO TURNO!❤❤❤❤❤❤❤❤❤❤❤❤❤❤❤❤❤,0,2026-08-13
UgyxmEzZmE_PWyk8RPR4AaABAg,jrBEOdaLG70,Lula,@SebastiãoJose-j3o,2026-07-20T20:36:24Z,Parabéns meu presidente Luiz Inácio lula da Silva.,0,2026-08-13
UgzzJsyXnWqeEX7jqE54AaABAg,jrBEOdaLG70,Lula,@Carlosmeigue-c7q,2026-07-20T19:49:12Z,Presidente faça um decreto nacional contra a mentira na política nós somos enganados por esses políticos que mentem na democracia,0,2026-08-13
UgzHsknY355KIOqZmdN4AaABAg,jrBEOdaLG70,Lula,@evertonvale3773,2026-07-20T17:10:27Z,Soberania Nacional brasileira e a Democracia são inegociáveis.,0,2026-08-13
UgyqpJTQ2aivGgh-9Ap4AaABAg,jrBEOdaLG70,Lula,@NiravaGulabo,2026-07-20T15:53:24Z,"De qualquer forma, se as terras raras brasileiras foram avaliadas em 3 trilhões e pouco de dólares, pergunta-se quanto , quanto de propina sobre esse valor Trump prometeu a Jair, Eduardo  e Flávio Bolsonaro? Porque o empenho dos citados em entregar de qualquer modo e jeito as terras raras brasileiras para tio Sam e assim  fazer grande a América novamente.  Não é só amor a ideologia e imperialismo americano. Eduardo,em vídeo,chegou chamar Trump  de patrão.",0,2026-08-13
UgzLyHFqgkl3LdvLmyh4AaABAg,jrBEOdaLG70,Lula,@ingridrenata7080,2026-07-20T15:52:30Z,Esse é o melhor estadista q o Brasil precisa pra continuar se desenvolvendo ❤,2,2026-08-13
Ugw7UabToCGFtevxtCh4AaABAg,jrBEOdaLG70,Lula,@anisiomadureira5284,2026-07-20T14:05:15Z,"Pra isso que fiz o L, e vou fazer sempre",0,2026-08-13
Ugzt6kN4Vj_2-0NEMKt4AaABAg,jrBEOdaLG70,Lula,@AnamariaOliveira-c2f,2026-07-19T23:58:47Z,Lula presidente ❤❤❤,0,2026-08-13
UgyD75RKF5shVbV2BNx4AaABAg,jrBEOdaLG70,Lula,@gilmarbatistadossantos5381,2026-07-19T16:52:04Z,O Brasil é um país Soberano. Fora os Lambe Botas do país Yankee.,0,2026-08-13
UgwWx37cwDoX5MyB3hh4AaABAg,jrBEOdaLG70,Lula,@nenamedeiros6188,2026-07-19T16:50:31Z,Lula é um estadista e um patriota.,0,2026-08-13
UgxwxEKhRqcREs29ABF4AaABAg,jrBEOdaLG70,Lula,@VASH-z4s,2026-07-19T16:40:27Z,"Como não amar um presidente tão verdadeiro, tão simples e cheio de força de vontade e muito amor
❤❤❤.",1,2026-08-13
UgwEBYnn6FLpvM33Fyx4AaABAg,jrBEOdaLG70,Lula,@carmelitacarvalho7836,2026-07-19T16:01:11Z,"Lula tetra!!!!!
Haddad logo em seguida pra mais oitão!!!!!!!!",1,2026-08-13
Ugzn9gxrMA8y8Y-FFux4AaABAg,jrBEOdaLG70,Lula,@JoséArnaldo-i1n,2026-07-19T15:37:31Z,Parabéns presidente Lula melhor,0,2026-08-13
Ugxm78p0Kk4k2ZuazDt4AaABAg,-BgM-VMHd_g,Lula,@vivianerapozo8097,2026-08-06T17:59:16Z,Que maravilha! ❤,0,2026-08-13
UgyieFOWyLoC6_61Sb54AaABAg,-BgM-VMHd_g,Lula,@PaulaIrma-u9q,2026-08-05T19:31:51Z,Sou Lula e 13 13 13 13 13 13 13 13 lula,0,2026-08-13
UgxXoLZID2-QihHu7bV4AaABAg,-BgM-VMHd_g,Lula,@arletealves745,2026-07-31T23:39:11Z,"Deus Pátria família e liberdade. Flávio Presidente. BOLSONARO sempre. Que vergonha. Parabéns  ao agro, além  de alimentar o Brasil  alimenta o mundo. PT jamais.",0,2026-08-13
Ugyb2emH_DlQnrhrCi54AaABAg,-BgM-VMHd_g,Lula,@PauloOliveira-ki4iy,2026-07-31T23:35:18Z,"Lula é tetra
❤❤❤",0,2026-08-13
Ugw1clsHhNR2x4f2NvZ4AaABAg,-BgM-VMHd_g,Lula,@CiceroAlves-p2h,2026-07-31T17:57:06Z,😂❤😎😎🤗👨🏽‍✈️👨🏽‍✈️👨🏽‍✈️👨🏽‍✈️👨🏽‍✈️👨🏽‍✈️👨🏽‍✈️,0,2026-08-13
UgyAlYPOttv6RFvZvkx4AaABAg,-BgM-VMHd_g,Lula,@terezinhamaia7104,2026-07-31T17:00:59Z,⚖️🇧🇷✨️💛✨️🌿,0,2026-08-13
Ugz7v3pWPoVXtOxSqsF4AaABAg,-BgM-VMHd_g,Lula,@negratina-vm9uh,2026-07-31T15:05:42Z,"Bora meu presidente!
Porque o nosso Brasil não pode parar. 🌽",0,2026-08-13
Ugx9AIUdPyxLh2rQvNd4AaABAg,-BgM-VMHd_g,Lula,@joseivosantosnascimento80,2026-07-31T13:44:24Z,Lula e um paí obrigado Deus 🙏👍❤️😂,0,2026-08-13
Ugx-saHWbyIVNIquIlt4AaABAg,-BgM-VMHd_g,Lula,@ivonedeva165,2026-07-30T22:03:53Z,AMÉM,1,2026-08-13
Ugy__4duN4Ep36oHAPV4AaABAg,-BgM-VMHd_g,Lula,@elizabethsouza4616,2026-07-30T21:55:30Z,LULA GIGANTE PARABÉNS,0,2026-08-13
UgyFHdJUWu4y0YSxOuR4AaABAg,-BgM-VMHd_g,Lula,@professoraalcieneluiz7131,2026-07-30T17:10:00Z,Lula é maravilhoso demais!,0,2026-08-13
Ugzx1tBkI4ep3oxziP14AaABAg,-BgM-VMHd_g,Lula,@anacristinacruz7149,2026-07-30T13:31:43Z,RUMO AO TETRA!!! JÁ! ❤🎉,1,2026-08-13
Ugxe-cAjlKmk8EZ76Wt4AaABAg,-BgM-VMHd_g,Lula,@LuisReiBatista,2026-07-30T11:55:52Z,Etreze❤❤❤❤❤❤❤❤❤❤❤❤❤❤❤,1,2026-08-13
UgxeVWjHgF6jisrGLo54AaABAg,-BgM-VMHd_g,Lula,@lurdescamargo9436,2026-07-30T00:22:12Z,Parabéns 👏🏼👏🏼👏🏼👏🏼,0,2026-08-13
UgyJWfdzy3xjViR4vVx4AaABAg,-BgM-VMHd_g,Lula,@HelenildaClementepeixoto,2026-07-29T23:37:55Z,😍😉🫶👏👏👏😘,1,2026-08-13
Ugxs3t6MZOnlzhos4gx4AaABAg,-BgM-VMHd_g,Lula,@danielbrito8433,2026-07-29T21:43:41Z,FALEM O QUE QUISER  QUANDO VOTO NO LULA MI SINTO FELIZ,0,2026-08-13
UgzgojtPwzKrsNE3AVN4AaABAg,-BgM-VMHd_g,Lula,@danielbrito8433,2026-07-29T21:42:52Z,LULA É SIMPLESMENTE UM ÍCONE!!!,0,2026-08-13
UgzqnNset5pd1gK3DoN4AaABAg,-BgM-VMHd_g,Lula,@AlinyRúbiadaSilvaSantana,2026-07-29T14:37:23Z,Muito satisfeita com o governo Lula ❤,0,2026-08-13
Ugx1aiXxm4pQfYwCeT14AaABAg,-BgM-VMHd_g,Lula,@cesarpaulinho2824,2026-07-29T09:39:11Z,Unetv❤😊,0,2026-08-13
UgyrrZoSlS-Da62noUh4AaABAg,-BgM-VMHd_g,Lula,@cesarpaulinho2824,2026-07-29T09:33:54Z,Upnetv❤😊,0,2026-08-13
UgzhcOFf6UcifAEsfi94AaABAg,-BgM-VMHd_g,Lula,@genivalmelodossantosmelo3730,2026-07-29T08:11:28Z,Este é o exemplo para acabar de vez com a fome no mundo!🌎,0,2026-08-13
UgwbmU0RF6wT2EIJrit4AaABAg,-BgM-VMHd_g,Lula,@JoséPereiradeSousa-l4h,2026-07-28T20:00:21Z,E nosso Brasil é 13 o melhor presidente do Brasil Lula,1,2026-08-13
UgwAcEkJD2oMicIdSfN4AaABAg,-BgM-VMHd_g,Lula,@AnaMaria-j8m2i,2026-07-28T12:25:10Z,🇧🇷PA🇧🇷RA🇧🇷BE🇧🇷NS🇧🇷 AGRICULTURA FAMILIAR ♥️♥️♥️♥️♥️♥️♥️♥️♥️♥️,0,2026-08-13
Ugyv0K1KBh6qriJ_LPp4AaABAg,-BgM-VMHd_g,Lula,@sergiolopes8379,2026-07-28T03:06:23Z,👏👏👏👏👏👏👏👏👏👏👏👏👏👏👏👏👏👏👏👏,0,2026-08-13
UgzZcp3rfQumwkjKZQ54AaABAg,-BgM-VMHd_g,Lula,@Vieira-w1d,2026-07-27T09:55:38Z,"Os ricos produz para exportar, Quem produz para nossa sobrevivência são Os pequenos agricultores.",0,2026-08-13
UgyhK9cAuphldVYH77V4AaABAg,-BgM-VMHd_g,Lula,@lucianoviana8675,2026-07-26T19:10:34Z,E lula,0,2026-08-13
UgyIIcKAt9_LFNee3qF4AaABAg,-BgM-VMHd_g,Lula,@adrianocarvalhomelo7890,2026-07-26T18:40:47Z,"Vem pra Lauro de Freitas, Lula! ♥️🇧🇷",0,2026-08-13
Ugz0uF0cn_DoGZf-Zv94AaABAg,-BgM-VMHd_g,Lula,@MariaJose-fq3rh,2026-07-26T16:28:27Z,Esse é  meu presidente,0,2026-08-13
Ugw6AH1ZeXLdpQqfgIF4AaABAg,-BgM-VMHd_g,Lula,@cirleyroberto2987,2026-07-26T16:18:12Z,Como nao VOTAR NESSE  NOSSO EXCELENTÍSSIMO COMPETENTE E EXPERIENTE pra CONTINUAR GOVERNANDO NOSSO BRASIL? Treta com CERTEZA 🎉🎉,1,2026-08-13
UgxomDfjI3fzpU5tAr54AaABAg,-BgM-VMHd_g,Lula,@anatil4,2026-07-26T15:12:29Z,"Vamos reeleger Lula pessoal e também governador, deputado e senadores de esquerda. vamos limpar esse congresso e senado inimigo do povo brasileiro",0,2026-08-13
Ugzo6tLTheoNBjIn8Qt4AaABAg,-BgM-VMHd_g,Lula,@eversonbielavski8516,2026-07-26T13:29:13Z,Sabe quem rouba do povo brasileiro???? O Governo .,0,2026-08-13
UgzdSl_fKTqTnPHu_hp4AaABAg,-BgM-VMHd_g,Lula,@leonantavaresbarbosa2157,2026-07-26T12:34:46Z,Lula é o cara o resto é conversa ✊👆🙏,0,2026-08-13
Ugw4Jmjm4FJgk60HITR4AaABAg,-BgM-VMHd_g,Lula,@oswaldocafebrasil1962,2026-07-26T07:35:38Z,"Agricultura familiar é fantástico, vai ser também o futuro bem próximo da humanidade, ou seja, no mundo inteiro.
A China é a maior importadora de alimentos, soja e carne por exemplo, mas estamos ouvindo falar que está se tornando autossuficiente. Acredito que isso está acontecendo em outros países, que não tenham mentalidade nazifascista.
Então os gigantes do agronegócios vão ter que se voltar para o mercado interno, tomando medidas em sintonia com o nosso grande LULA.",0,2026-08-13
UgycqVWlIV6C71YIEax4AaABAg,-BgM-VMHd_g,Lula,@anasiqueira5920,2026-07-26T02:00:07Z,🎉👏✨️👏✨️👏✨️👏,0,2026-08-13
Ugyebucl4d0T6ndj1MV4AaABAg,-BgM-VMHd_g,Lula,@joaobatista3574,2026-07-26T00:37:22Z,Parabéns,0,2026-08-13
Ugw_lJs6VJH3ed6QeBh4AaABAg,-BgM-VMHd_g,Lula,@joaosabino-mn7rk,2026-07-25T23:27:59Z,😂 EU  ESTOU   RINDO  ATOA   FELIZ  COM.  PRESIDENTE   LULA,0,2026-08-13
UgzINyUs7tLI65oyvkJ4AaABAg,-BgM-VMHd_g,Lula,@fatimamelicio7980,2026-07-25T19:07:33Z,"Graças  a Deus 🌼🌄🌍🌄Deus Te Abençoe  Sr President,  os Governantes,  OS Agricultores  e  o Povo👏👏🏿👏🏼",0,2026-08-13
UgygSEgsiqlOC1CFWWd4AaABAg,-BgM-VMHd_g,Lula,@adalbertoantonio9830,2026-07-25T19:05:29Z,"Senhor do Universo por favor nos oriente a fazer JUSTIÇA ⚖️ JUSTA contra esses seres humanos que odeia a própria nação brasileira 😔 
Parabéns para todas as Agricultura Familiar😌👏🏿👏🏿👏🏿👏🏿👏🏿",0,2026-08-13
UgzfBekndhAJp1AWswp4AaABAg,-BgM-VMHd_g,Lula,@ClovisAlvesdaCunha,2026-07-25T17:18:40Z,Lula de novo no 1 turno em 👍👍🙏🙏😇😇😁😁❤️❤️ e tetra e até 2030 em😂😂😮😮😅😅😊😊,1,2026-08-13
Ugwz71Oubsw8xIn-Gap4AaABAg,-BgM-VMHd_g,Lula,@carloscamposdefigueiredo4087,2026-07-25T15:51:25Z,L L L L L ❤🇧🇷❤️🇧🇷❤️🇧🇷❤️🇧🇷,0,2026-08-13
UgxaTpzSScNfaxzTzCF4AaABAg,-BgM-VMHd_g,Lula,@LuisAmoury,2026-07-25T15:07:10Z,"Que Deus continue abençoando grandemente..O nosso presidente Luiz Inácio Lula da Silva amém ❤
Obrigado senhor ❤por ter colocado Lula ❤",0,2026-08-13
UgyHZCoqSh4_tBIzT1F4AaABAg,-BgM-VMHd_g,Lula,@joaomelquias2334,2026-07-25T11:54:16Z,Arrasou 👏👏👏,0,2026-08-13
UgyInPHLcPBhWklEdeh4AaABAg,-BgM-VMHd_g,Lula,@loiltonaraujo4840,2026-07-25T09:55:24Z,Viva Lula e a democracia brasileira!,0,2026-08-13
Ugz16BdlYxUC3FgSBFh4AaABAg,-BgM-VMHd_g,Lula,@luisjosedaviamaral5215,2026-07-25T09:15:28Z,Que Deus abençoe o pequeno produtor e também o presidente Lula que abençoado por Deus,0,2026-08-13
UgxJ18A-oxPXduoKHjh4AaABAg,-BgM-VMHd_g,Lula,@alanferreira2074,2026-07-24T19:30:04Z,E a mais pura verdade nós vivemos da agricultura familiar os grandes latifundiário Esporta suas produções para fora que Deus abençoe sempre todos nós,0,2026-08-13
UgyqCyO3N_OfqKDt8Zt4AaABAg,-BgM-VMHd_g,Lula,@maykonalmeida667,2026-07-24T18:54:06Z,💕🐉🇧🇷🐉💕,0,2026-08-13
UgxpkBn6oPQq2-8auBR4AaABAg,-BgM-VMHd_g,Lula,@EdsonSabino-h5k,2026-07-24T17:42:40Z,Eu faço o L,0,2026-08-13
Ugy6l8qhVfIIpnTOCYN4AaABAg,-BgM-VMHd_g,Lula,@mariadelourdesdossantossou5981,2026-07-24T14:47:36Z,Lula e o melhor  parabéns  nosso querido presidente,0,2026-08-13
UgyQfhKFuM3-0RrIaEN4AaABAg,-BgM-VMHd_g,Lula,@mariadelourdesdossantossou5981,2026-07-24T14:45:45Z,Isso é  munto bom ver esta alegrias  do povo brasileiro,0,2026-08-13
UgxhJ4KPt0ZjNHbcL7F4AaABAg,-BgM-VMHd_g,Lula,@tarcisiosansaosilva9699,2026-07-24T01:45:28Z,👏🏻👏🏻👏🏻👏🏻👏🏻👏🏻👏🏻👏🏻,0,2026-08-13
UgwapvADjZ1d5GNg3e14AaABAg,ARBOj7jCp8k,Lula,@MAntonioMoreira-v4k,2026-07-29T21:26:25Z,Oibd v pcima Vit é nossa.,1,2026-08-13
UgzRTs5YoX---VG5VsR4AaABAg,ARBOj7jCp8k,Lula,@cladjondeazevedovieiraviei6598,2026-07-26T11:41:45Z,"Os bolsoloides ainda fala , kkkk",0,2026-08-13
Ugx_eNUm5nH8WjFiWJ14AaABAg,ARBOj7jCp8k,Lula,@marcossobral8624,2026-07-25T17:35:30Z,Orgulho de você nosso presidente,0,2026-08-13
UgzG227l3CdBXUo8Y4h4AaABAg,ARBOj7jCp8k,Lula,@surfilosofiareggae,2026-07-25T12:40:17Z,"O carro popular ainda está caro, para o povo adquirir.  O salário de 80% do povo é de dois salários mínimos em média. O preço ideal seria no máximo 50 mil a juros baixos.",0,2026-08-13
Ugw4VK2QexmkCLtX6s54AaABAg,ARBOj7jCp8k,Lula,@JoséPimentel-j3u5c,2026-07-24T22:57:46Z,Fiel e Nação Cujo Deus e o Senhor  Ele e Fiel  e. Justo Creia Somente  Esse e o Nosso  Oresidente do Brasil de Todos o Tempos. Luis Inácio Lula da Silva  Democrático bPateiota de Verdade   Lula Treze treze treze treze treze. Treze treze  ❤❤❤ Tetra tetra tetra tetra tetra Boa Noite Povo Brasileiro Abençoado Por Deus,0,2026-08-13
UgwGDHJ7cxpKXYVfkLB4AaABAg,ARBOj7jCp8k,Lula,@antonioferreira4525,2026-07-23T18:18:33Z,Parabéns presendete valeu lula fase obir anos nu Brasil valeu lula,0,2026-08-13
UgzHvWXmUF_rgcXpadB4AaABAg,ARBOj7jCp8k,Lula,@Selma-q2q,2026-07-23T11:05:21Z,Parabéns presidente Lula!🎉🎉,0,2026-08-13
UgxHbXtvMyFpnL32baV4AaABAg,ARBOj7jCp8k,Lula,@joaosabino-mn7rk,2026-07-23T00:12:46Z,👍🇧🇷,0,2026-08-13
UgxB5oHqRQ4eFLXDYIN4AaABAg,ARBOj7jCp8k,Lula,@Araguaia-natural,2026-07-22T18:57:13Z,Agora serão os veículos elétricos.,0,2026-08-13
Ugy8rW0zuDSchimSXJd4AaABAg,ARBOj7jCp8k,Lula,@JNiltonCorreiaJacintolima,2026-07-21T21:58:07Z,👍👍👍👍👍👍👍👍👍👍👍👍👍👍👍⭐⭐⭐⭐⭐⭐⭐⭐⭐⭐⭐⭐⭐⭐⭐,0,2026-08-13
UgzYdML0tT92c7Dxc6t4AaABAg,ARBOj7jCp8k,Lula,@AlexandreAlmeida-n6h,2026-07-21T07:59:59Z,❤ 13 sempre lula 13 sempre ❤❤,0,2026-08-13
UgwoK4lycojDl2-YCUJ4AaABAg,ARBOj7jCp8k,Lula,@capixabacaiaque4308,2026-07-21T03:04:57Z,É Lula! Sempre Lula! Lula 2026 🎉🎉🎉🎉,0,2026-08-13
UgwRRp66Vzu__VESu394AaABAg,ARBOj7jCp8k,Lula,@ManoelMessiasSantos-iv3oq,2026-07-20T15:35:50Z,Glória Deus.,1,2026-08-13
UgwzH-lquTz4REwiutB4AaABAg,ARBOj7jCp8k,Lula,@iolandar312,2026-07-19T19:15:24Z,"Depois dizem q a única coisa q Lula faz é dar bolsa família. Olha quantos empregos foram gerados, inclusive, na minha Bahia, com a implantação da BYD aqui.",0,2026-08-13
UgxIyxdHWykti3PzT-V4AaABAg,ARBOj7jCp8k,Lula,@douglasdasilva5560,2026-07-19T15:39:49Z,Apoio o governo sim mais ainda e muito difícil o problema ter a condição de compra um carro zero no Brasil muita burocracia o pobre não que nada de graça ele só que te a condição de adquirir ele vai pagar com o suor do seu trabalho,0,2026-08-13
UgyyvzZJkhvv87uQ3J94AaABAg,ARBOj7jCp8k,Lula,@ritacassiabarretodesousa1493,2026-07-19T13:53:41Z,❤❤❤❤❤❤❤❤❤❤,0,2026-08-13
UgwVbbWhOVJlfYd24U14AaABAg,ARBOj7jCp8k,Lula,@NeidedejesusPedrosa-oz5xu,2026-07-19T13:02:31Z,Tetraaaaa,0,2026-08-13
Ugyy7NT2sOWUQmPwKt94AaABAg,ARBOj7jCp8k,Lula,@josericardo2306,2026-07-19T11:17:03Z,Parabéns presidente Lula. .,0,2026-08-13
UgxI2NX3KCiOeBOoshV4AaABAg,ARBOj7jCp8k,Lula,@BIAJARDIM-kk9bm,2026-07-19T02:32:43Z,Que Deus abençoe a todos 🙏,2,2026-08-13
UgzhgU-4Dg9zpUTGCi94AaABAg,ARBOj7jCp8k,Lula,@silvaniapimentel7466,2026-07-18T22:12:05Z,"E melhor, já com tecnologia menos poluente. Graças a Deus!",0,2026-08-13
Ugy-ZPmXJmx_VBYJvCR4AaABAg,ARBOj7jCp8k,Lula,@joaopedroBorges-ri1ec,2026-07-18T12:15:59Z,Grande lulaaaa show de estadista internacional e soberano rumo ao Tetra 😂😂😂😂😂😂😂😂😂😂😂😂😂😂😂😂,1,2026-08-13
UgxLceHVj0pU8U2nK7J4AaABAg,ARBOj7jCp8k,Lula,@EdsonSabino-h5k,2026-07-18T11:40:21Z,Eu faço o L,0,2026-08-13
UgzBRxg7iJUKW46xd494AaABAg,ARBOj7jCp8k,Lula,@gilsongomes2110,2026-07-18T08:38:23Z,É isso aí é legal,1,2026-08-13
UgwDccAcxdSQQHJGqd94AaABAg,ARBOj7jCp8k,Lula,@djoell-y8r,2026-07-18T04:16:34Z,O presidente Lula é um homem honrado. Meus parabéns presidente Lula,0,2026-08-13
Ugy03924AtzdMoBINMx4AaABAg,ARBOj7jCp8k,Lula,@eliasvicente5735,2026-07-18T02:10:25Z,100 milhões de veículos com mais de 50% do valor só de impostos. Grandes merdas!,0,2026-08-13
UgzGugYp1larOgCWEGh4AaABAg,ARBOj7jCp8k,Lula,@DaniloMafra-t1p,2026-07-18T01:44:55Z,Deus abençoe.,3,2026-08-13
UgyOAtoB6uh7TUR6lcV4AaABAg,ARBOj7jCp8k,Lula,@izenildagusmao1921,2026-07-18T01:25:16Z,"PRA FRENTE BRASIL! DEUS CONOSCO, COM LULA E COM O POVO BRASILEIRO!",0,2026-08-13
UgzQnbi0wAFEynedfOF4AaABAg,ARBOj7jCp8k,Lula,@dolaniertoeinrac6933,2026-07-18T00:45:14Z,Sensacional - atingimos a marca de 1 veiculo para pouco mais de 2 habitantes no país.,5,2026-08-13
UgytGPSd8TM6CG4DhXJ4AaABAg,ARBOj7jCp8k,Lula,@NilFerreira-mg2up,2026-07-17T22:41:33Z,Máfia da praca de vouta,0,2026-08-13
UgzqHls9yfxDkvd1dfp4AaABAg,ARBOj7jCp8k,Lula,@AnaPaula-n2r1m,2026-07-17T19:09:57Z,Papai e lula e 13 Hexa campeão primeiro TURNO sempre voltei em lula minha família toda graça a Deus lula primeiro deus segundo lula fez muitas coisas vai fazer muito mais e lula nosso presidente de novo,1,2026-08-13
UgwsVm_Jeod_y1VvOXF4AaABAg,ARBOj7jCp8k,Lula,@pauloribeiro9126,2026-07-17T17:51:22Z,Lula,1,2026-08-13
UgyZ29D3UuEMcbVA2NF4AaABAg,ARBOj7jCp8k,Lula,@HéliaSantana-o9v,2026-07-17T05:45:27Z,PARABÉNS PRESIDENTE - LULA TETRA NO PRIMEIRO TURNO,0,2026-08-13
UgzVfMpmUP546K_FLvp4AaABAg,ARBOj7jCp8k,Lula,@DaviSilva-u8m-u8m,2026-07-17T02:41:18Z,Bolsonaro ❤,2,2026-08-13
UgxuskQ6N_0QfbopmM94AaABAg,ARBOj7jCp8k,Lula,@lucianooliveira1041,2026-07-17T02:25:57Z,"O Lula e tao gente boa, o Brasil e melhor  com seu governo",0,2026-08-13
UgzvB_O8YUe3yB8A_7Z4AaABAg,ARBOj7jCp8k,Lula,@LindamarMartinsdaSilva,2026-07-17T02:16:51Z,Adoro nosso  president   bom humild  com  povo     gost ajuld brasil   el da paz  pprque segui deus  muit bom  viver ond tem muit brig da depressão   fic cabec rum  mund  estrangeiros  povo ir psicólogo   aqui na minh tenh filh surt me agrid fic rum cerebro  brig imagina la meio  barrulh bomba    muit trist  tempo escravo cabou jagunc fic,1,2026-08-13
Ugx9Gf42NQ1QXM6dLZF4AaABAg,ARBOj7jCp8k,Lula,@LindamarMartinsdaSilva,2026-07-17T02:12:03Z,President  lula e melh ate agora   povo gal mas fome,1,2026-08-13
UgxEvMcs5U-mqnb6rD54AaABAg,ARBOj7jCp8k,Lula,@tereza8955,2026-07-17T01:04:44Z,Eita glória 🙏,2,2026-08-13
UgytaFv-Rq6wPSu3E054AaABAg,ARBOj7jCp8k,Lula,@lucianafortes4290,2026-07-16T23:49:07Z,<3 Lula,1,2026-08-13
UgyxB9U_0ogvL3P-toV4AaABAg,ARBOj7jCp8k,Lula,@Celia-t1x5e,2026-07-16T23:31:30Z,Lula treta  vem air Luls de novos  13 13 13 13 13 13 13 13 13 13 13 13 13 13 13 13 13 13 13 13 13 13 13 13 13 13 13 13 13 13 13 13 13,0,2026-08-13
UgxX5BWUnMGEEBTXHFV4AaABAg,ARBOj7jCp8k,Lula,@miguelbarbosa4870,2026-07-16T23:01:32Z,"Você é diferenciado, PAPAI LULA ❤️❤️❤️ 💪🇧🇷🇧🇷🇧🇷💪.",1,2026-08-13
Ugzb4tXP8EJTDLk5X9d4AaABAg,ARBOj7jCp8k,Lula,@josewilson2245,2026-07-16T21:58:05Z,Grande presidente lula parabéns Deus abençoe sua vida sempre e de todos que fazem parte do seu governo,0,2026-08-13
UgxR5E8Z90RCi-kfka14AaABAg,ARBOj7jCp8k,Lula,@aencezra79,2026-07-16T21:02:02Z,❤❤❤❤🎉🎉🎉🎉,1,2026-08-13
Ugy_wuxC58saxsRbJy54AaABAg,ARBOj7jCp8k,Lula,@erikalucena5406,2026-07-16T19:19:17Z,Lula reeleito em 1° é tetra para o Brasil!!! 🎉,0,2026-08-13
UgxQm1pnltTDBpzdQJx4AaABAg,ARBOj7jCp8k,Lula,@neymeiderosjc,2026-07-16T18:15:14Z,Lula 2026 rumo ao tetra,1,2026-08-13
UgyP9GcAePgg-9t3lwh4AaABAg,ARBOj7jCp8k,Lula,@AndreaA113,2026-07-16T17:39:41Z,Toma essa Skaf covardão BRASIL SOBERANO 🇧🇷,0,2026-08-13
UgwmHpGz3g97qxRYcqx4AaABAg,ARBOj7jCp8k,Lula,@luizabarbosa7243,2026-07-16T17:21:49Z,Deus abençoem poderosamente todos vcs e todos computadores de carros todos gostam de um carro primeiro uma casa própria depois um carro nem  desses mais baratinhos acho eu não intendo nada de carro mas tem um carro no meu nome um Siena mas e do meu filho casulo deixou comigo...esse  que já foi um carro de luxo fortek parece uma baratinha rondando acho que e um carro que foi mais barato quando saiu novo ..meu sobrinho muito muito anos atrás queria um carro novo aí ele comprou um fortek o primeiro carro do Vagner calas pereira trabalhou de torno 🗜️ mecânico da Cofap hoje não e mais Cofap e malhe..aí trabalhou muitos hoje ele trabalha na fabriqueta da sogra .. fábrica de fazer pão de queijo.piranguinho.. fãs pão pra muitos supermercados de Itajubá MG Piranguinho e outras cidades vizinhos.sempre foi um estudioso travador bom marido Vagner calas pereira e camila.e o filho Guilherme.....,0,2026-08-13
Ugy-YcsRjprvN58oPid4AaABAg,ARBOj7jCp8k,Lula,@kleberveridianogoncalvesde6293,2026-07-16T17:07:57Z,👍👍👍👍👍,1,2026-08-13
UgyZhKgW6OauwUWkIZJ4AaABAg,ARBOj7jCp8k,Lula,@Ronaldocalçados-s3q,2026-07-16T17:05:37Z,Isso é que é um governo sério melhor do mundo mesmo 🤔🤔🤔👍👍👍👍👍,1,2026-08-13
UgzlREVMBAghbTHFwP14AaABAg,ARBOj7jCp8k,Lula,@lumeguru,2026-07-16T15:45:04Z,🎉q legal só falta asfalto,0,2026-08-13
UgyExy-L7tIggYhMSHt4AaABAg,ARBOj7jCp8k,Lula,@aparecidacristina3431,2026-07-16T15:34:35Z,PARABÉNS!!!❤❤❤,6,2026-08-13
Ugwso4OP1RNKpoi0x0h4AaABAg,EVueYtvvQHA,Lula,@roselirodriguesramosdeoliv6664,2026-08-11T10:00:35Z,Parabéns Lula Parabéns hooo cloria,0,2026-08-13
Ugyq04FUWOFHn0aEdM54AaABAg,EVueYtvvQHA,Lula,@cristinaperes8988,2026-08-11T03:32:44Z,*PRESIDENTE LULA/ALKMIN REELEITOS NO PRIMEIRO TURNO COM 60% DOS VOTOS* 1️⃣3️⃣🇧🇷🇧🇷🇧🇷,1,2026-08-13
UgwOCDq6hA0g3jhs_tB4AaABAg,EVueYtvvQHA,Lula,@ericajubarte9205,2026-08-06T13:53:07Z,"Lula para Presidente 13,
João Campos Governador de Pernambuco 40,
Tabata Amaral Campos deputada Federal pelo estado de São Paulo,
Pedro Campos deputado federal por Pernambuco,
Marília Arraes senadora por Pernambuco,
Marina Silva senadora por São Paulo,
Simone Tebet senadora por São Paulo,
Haddad 13 Governador de São Paulo.",0,2026-08-13
UgxjOiX9cqByRxnwflt4AaABAg,EVueYtvvQHA,Lula,@PaulaIrma-u9q,2026-08-05T15:05:31Z,E lula e 13 13 13 13 13 13 13 13 13 13 13 e tetra campeão de virada,0,2026-08-13
UgxANyQcEApTwiHL0Xh4AaABAg,EVueYtvvQHA,Lula,@allanwebdesign,2026-08-03T18:03:50Z,BRASIL SOBERANO,0,2026-08-13
Ugy4ey6QAF0mVGWJ1vd4AaABAg,EVueYtvvQHA,Lula,@auriceiafraga8174,2026-08-02T22:35:07Z,"Presidente Lula, o melhor presidente do Brasil! ❤",0,2026-08-13
Ugw7hllkNn9XHsvs0jt4AaABAg,EVueYtvvQHA,Lula,@FernandoGimenezFerreira-j4j,2026-08-02T18:00:06Z,"DOIS MENTIROSOS, OS MOTORES NÃO FORAM FEITOS PARA FUNCIONAR COM 32 °/. DE ETANOL NA GASOLINA .
MENTIROSO",0,2026-08-13
UgyoMO4ByxQlhEd9TKx4AaABAg,EVueYtvvQHA,Lula,@luciastone710,2026-08-02T11:10:37Z,"Lula e Alckmin 2026 no Primeiro Turno!
É TETRA!❤🙌🇧🇷",1,2026-08-13
UgyozVMUtS8vSeA2Ggt4AaABAg,EVueYtvvQHA,Lula,@EdileuzaQueiroz6365,2026-08-01T22:18:23Z,Que maravilha! 👏🏻👏🏻❤,0,2026-08-13
Ugze5xP9fJ2JoMZiZXJ4AaABAg,EVueYtvvQHA,Lula,@Fernanda-ASM,2026-08-01T17:55:48Z,Que assim seja Presidente!,0,2026-08-13
UgzpJ4b0xzBMEQEJWbl4AaABAg,EVueYtvvQHA,Lula,@zenaidevaz402,2026-08-01T14:05:40Z,Bora Brasil. Parabéns,0,2026-08-13
UgyQBMj25uBzhHSYFyR4AaABAg,EVueYtvvQHA,Lula,@rosinetecostabastos8967,2026-08-01T13:50:45Z,Oor isso é Lula e Alckmin no 1o. Turnooo é 13 13 13 13 13 13 13 13 13 13 13 13 13 13 de novooooooo Lula tetra ❤❤❤❤❤❤❤❤❤❤❤❤❤❤,0,2026-08-13
UgyZN0_iA3HqFan6z5J4AaABAg,EVueYtvvQHA,Lula,@JoséCícero-m6l,2026-08-01T09:58:19Z,Vamos Brasil,0,2026-08-13
Ugx0pArBUb4j1yRmyVp4AaABAg,EVueYtvvQHA,Lula,@marcelloking9758,2026-07-31T21:51:33Z,Tmj Lula presidente,0,2026-08-13
UgzXdvVwLozd5psvXwR4AaABAg,EVueYtvvQHA,Lula,@WellingtonSantossilva-w9n,2026-07-31T11:52:53Z,"32por cento de etanol e p manter o preço no posto,que suas roubalheiras não consegue deixar",0,2026-08-13
UgwnyGsz3hcjxYAxnix4AaABAg,EVueYtvvQHA,Lula,@cirleyroberto2987,2026-07-30T17:26:06Z,"ENQUANTO  o FLÁVIOMaster  vai LADEIRA ABAIXO 😂😂LULA  CRESCE nas PESQUISAS e GANHA as ELEIÇÕES no PRIMEIRO turno, LULA TETRA 🎉🎉",0,2026-08-13
UgzPEK7tw4mbOxluD114AaABAg,EVueYtvvQHA,Lula,@josemariarodriguesmatos5008,2026-07-30T14:19:34Z,"E Brasil,e Lula.",0,2026-08-13
UgxkRacqpA8603hpsa54AaABAg,EVueYtvvQHA,Lula,@chicaoyansen930,2026-07-30T08:24:21Z,Tetra,0,2026-08-13
Ugy6-J-xHHowB4_NICd4AaABAg,EVueYtvvQHA,Lula,@bananozo-z2w,2026-07-29T22:49:05Z,T T 2027,0,2026-08-13
Ugw62iNMThFj8l2dzYB4AaABAg,EVueYtvvQHA,Lula,@Joaomarcos-w4s,2026-07-29T19:21:50Z,Trump vai te pegar 🔥🔥🔥🔥,0,2026-08-13
Ugw5qrjoXJrPpbY0AP94AaABAg,EVueYtvvQHA,Lula,@albertoc.farias7675,2026-07-29T10:35:47Z,Isto aí presidente.,0,2026-08-13
UgxQuUL0mK60EeYpzJx4AaABAg,EVueYtvvQHA,Lula,@MayaLacerda-ur9ju,2026-07-28T22:59:11Z,Parabéns lula e  só chegar perto da eleição vc fais as coisas,0,2026-08-13
Ugw2GK6v8yM_HZSvZnV4AaABAg,EVueYtvvQHA,Lula,@lucimardocarmotavares256,2026-07-28T21:04:59Z,"Esse é o meu presidente!!!
Acredita no país que governa!!!!
Parabéns !!!

Acredita no produto e no povo brasileiro, nas trabalhadoras e nos trabalhadores brasileiros❤❤👏🏾👏🏾👏🏾👏🏾",0,2026-08-13
UgyCIvq-z-1Tqy_LSud4AaABAg,EVueYtvvQHA,Lula,@HelenaFärber,2026-07-28T14:48:52Z,"Amo nosso President ❤ Lula pra sempre,gracas a Deus o melhor presidente e nosso,viva Brasil ❤❤❤❤",0,2026-08-13
UgyytYDJlxZPD56nRUx4AaABAg,EVueYtvvQHA,Lula,@mile3638,2026-07-28T12:34:46Z,Nunca tive tanto orgulho do nosso país!❤🇧🇷❤️🙏🏼🥰,1,2026-08-13
UgyASzQZk0dD1EVEt8V4AaABAg,EVueYtvvQHA,Lula,@alinateixus861,2026-07-28T12:18:37Z,Reeleitos2026. Esses dois rapazes fazem um Brasil melhor! Lula&Alckmin2026 Lula&Alckmin_até 2030❤❤❤❤❤🇧🇷,0,2026-08-13
UgxGZez8j7IWYoRhs_54AaABAg,EVueYtvvQHA,Lula,@leila-k4q4b,2026-07-28T11:06:03Z,Brasil  e muito melhor  com o  Lula. Investimento,0,2026-08-13
UgzgQwIebCc31ZMDTn94AaABAg,EVueYtvvQHA,Lula,@silsosouza6586,2026-07-28T02:53:52Z,Lula que mais ÁLCOOL. NA GOSULINA SIM SAMOS 1000MIL FRAVIO BOLSONARIO PARA PRESIDENTE 22,1,2026-08-13
Ugz4rT9jYtvlcEt4aBN4AaABAg,EVueYtvvQHA,Lula,@silsosouza6586,2026-07-28T02:53:04Z,Isso grande mentira de Lula,1,2026-08-13
Ugxnrnjc0CoCff4urYx4AaABAg,EVueYtvvQHA,Lula,@veronicafelipe3813,2026-07-28T00:46:37Z,"BRASIL, TENHO ORGULHO DE VC.
OBRIGADA PRESIDENTE LULA..❤❤❤❤❤❤❤❤❤❤❤",0,2026-08-13
UgxPA_W66Qw3swfjVjx4AaABAg,EVueYtvvQHA,Lula,@Benomatos-i6h,2026-07-27T23:49:52Z,E tu roubou o que lá??,0,2026-08-13
Ugxufr9btIJR5S1J44d4AaABAg,EVueYtvvQHA,Lula,@1CAETANO11,2026-07-27T23:43:27Z,SIX SEVENNNNN,0,2026-08-13
UgzehSqa1yp69FvxrtV4AaABAg,EVueYtvvQHA,Lula,@luciahelenagaldino7869,2026-07-27T22:30:00Z,"Nosso  Brasil,  me orgulho de ser  brasileira é meu  presidente ❤",0,2026-08-13
Ugw1HyUYp0892mhqM954AaABAg,EVueYtvvQHA,Lula,@julianapassos3713,2026-07-27T21:43:45Z,13 Lula continua presidente do brasil com fé em Deus 🙏,0,2026-08-13
UgwIQOVVlM0erwFd_nB4AaABAg,EVueYtvvQHA,Lula,@JoãoFerreira-u2f,2026-07-27T17:43:09Z,Grande bosta,0,2026-08-13
UgxO6WjJYPXB8P5gymJ4AaABAg,EVueYtvvQHA,Lula,@paulopassos3047,2026-07-27T16:52:52Z,"Não voto em vc Lula, mas vc ainda tem o que eu gostava de políticos de verdade. Muita coisa  errada mas tem coisas certas TBM, não somos vassalos e tudo isso mostra que temos como mudar nossa realidade através das nossas riquezas sendo distribuída corretamente .",0,2026-08-13
Ugy6H0wzsQBsFK7L7_B4AaABAg,EVueYtvvQHA,Lula,@CarlosFrança-g7w,2026-07-27T14:57:05Z,"Pensei que tivesse ido para provar whisky  verdadeiro! Os do Brasil, são  uma porcaria!",0,2026-08-13
UgxRqY3VM8dwfOGwcch4AaABAg,EVueYtvvQHA,Lula,@AntônioFlávioAlexandre,2026-07-27T00:47:00Z,Esse. É o meu presente ❤❤,0,2026-08-13
UgyFNcso5naBjaYaRz54AaABAg,EVueYtvvQHA,Lula,@minhaopiniaomeupontodevista,2026-07-27T00:32:13Z,"Orgulho desse presidente!
Orgulho desse homem!
Que honra pra mim ter nascido na época de vida desse ser humano íntegro e batalhador!",0,2026-08-13
UgxIPw754JEN_d-QW814AaABAg,EVueYtvvQHA,Lula,@minhaopiniaomeupontodevista,2026-07-27T00:30:42Z,"Imagina o inferno que vai virar o Brasil quando esse presidente sair da presidência e também quando ele falecer 😢!
O pobre e classe média baixa e média estão ferrados!
Por enquanto metade da população não vê isso 😢, e 30% dela não quer se envolver e pensa “ que se dane, vou cuidar só de mim e dos meus “; mas a conta vai chegar pro povo brasileiro gostem, se preocupem ou não 😢😢😢!",0,2026-08-13
UgwsGL4KO73GL4kGQ7B4AaABAg,EVueYtvvQHA,Lula,@MarcosAntonio-jb2tj,2026-07-26T23:56:11Z,Melhor presidente do Brasil,0,2026-08-13
UgwDGqdFzdpGROnC2W14AaABAg,EVueYtvvQHA,Lula,@josefataveirareis3047,2026-07-26T22:27:12Z,Nosso presidente trabalha para os brasileiros,0,2026-08-13
Ugygz2uswDelewpBxc14AaABAg,EVueYtvvQHA,Lula,@carlamancio776,2026-07-26T19:45:05Z,"TEMOS CIENTISTAS E INTELIGÊNCIA para exportar tecnologias, confiamos nos brasileiros, porque, inteligência não escolhe berços! CAPACIDADE é a nossa crença!",0,2026-08-13
UgxGIBFaSCGuvfmy3qJ4AaABAg,EVueYtvvQHA,Lula,@leonantavaresbarbosa2157,2026-07-26T16:28:21Z,Lula é diferente dos iguais grande presidente que Deus lhe ilumine sempre ✊👆🙏,0,2026-08-13
UgwAEK6i1aeI7Vazq-Z4AaABAg,EVueYtvvQHA,Lula,@leopoldo7012,2026-07-26T10:44:15Z,Obrigado nordestinos,1,2026-08-13
UgxcSCDd11JoSUTvNtp4AaABAg,EVueYtvvQHA,Lula,@willoxbr,2026-07-26T03:28:53Z,VIVA À CIÊNCIA E TECNOLOGIA NACIONAIS❤🎉,1,2026-08-13
UgxaDtQ1eX4XstuUFZl4AaABAg,EVueYtvvQHA,Lula,@almeriocosta6780,2026-07-26T02:38:58Z,Esse sim é um verdadeiro Presidente tamos juntos ❤❤❤❤❤❤❤❤,0,2026-08-13
UgysOmjoxNadKCZTrJZ4AaABAg,EVueYtvvQHA,Lula,@Raimundo-j8l,2026-07-26T00:54:31Z,Com o presidente lula o Brasil voltou a crescer.gerou emprego em todas as regiões do Brasil.,0,2026-08-13
Ugxd0Wwe8zcjwuNUyJJ4AaABAg,EVueYtvvQHA,Lula,@ATeodoro72,2026-07-25T16:34:15Z,"*Enquanto o Diabo tenta rifar o país que prometeu salvar para se safar, os que governam seguem a governar.*",0,2026-08-13
Ugye1IsTc3Yj3QhykNN4AaABAg,EVueYtvvQHA,Lula,@rafaeldemagalhaes-nn1ed,2026-07-25T16:10:36Z,Imagina um avião movido a álcool.A turbina foi desenvolvida.Menos poluição.,0,2026-08-13
UgytqEIMOpnAw2T98bB4AaABAg,ZaPuU1PJutI,Lula,@rodineyRoxo,2026-07-21T12:17:21Z,Bom dia presidente.,0,2026-08-13
Ugzm0kB2vSaaOBNQMgV4AaABAg,ZaPuU1PJutI,Lula,@analuizasoares3525,2026-07-19T03:19:09Z,"Ótimo trabalho do Presidente Lula , parabéns !!!",1,2026-08-13
Ugxrm6PS8JYsjwiGRK14AaABAg,ZaPuU1PJutI,Lula,@gustavobraga-b6m,2026-07-18T03:04:21Z,"Lula é o tipo de político que transformou a própria biografia em propaganda e a política em um grande teatro de narrativas.

Ele se vende como o “pai dos pobres”, mas vive repetindo versões convenientes da realidade. Chegou a afirmar que o PT teria acabado com a fome no Brasil em 2014 — uma afirmação classificada como falsa, porque milhões de brasileiros ainda estavam em insegurança alimentar grave. E mesmo assim ele continua repetindo a história como se o povo fosse obrigado a esquecer os números.

O problema de Lula não é apenas errar. É a facilidade com que ele transforma meia-verdade em propaganda. Na ONU, disse que sempre condenou a invasão russa da Ucrânia, mas omitiu declarações anteriores em que colocou Rússia e Ucrânia no mesmo nível de responsabilidade. Isso não é transparência: é contar a história do jeito que interessa no momento.

E aí vem a velha promessa da picanha, da cervejinha e da vida melhor. Lula sabe falar com o trabalhador, sabe explorar a esperança de quem está apertado e sabe transformar desejo popular em slogan eleitoral. Mas governar não é fazer discurso bonito nem posar de salvador dos pobres. Governar é entregar resultado — e não ficar eternamente culpando o passado, o mercado, o Congresso ou qualquer outro por tudo que dá errado.

Lula também tem uma habilidade impressionante: quando a realidade é favorável, ele diz que foi mérito dele; quando é ruim, a culpa nunca é dele. É o político que quer crédito por tudo e responsabilidade por quase nada.

E não, chamar isso de crítica não é “ódio”. É cobrança. Lula já teve décadas de política, três mandatos presidenciais e tempo de sobra para provar que é mais do que um excelente vendedor de narrativas. O que ele não pode exigir é que o brasileiro aceite propaganda no lugar de resultado.

No fim, a grande mentira de Lula talvez nem seja uma frase específica. É a tentativa permanente de vender a imagem de que ele é o único político capaz de salvar o povo — enquanto usa o próprio povo como plateia, eleitorado e escudo político.

Lula não é um mito. É um político. E político deve ser cobrado, questionado e desmentido quando distorce os fatos — principalmente quando passa a vida inteira dizendo que está falando em nome da verdade.",0,2026-08-13
Ugz2Kof_YPrtAfYl4oF4AaABAg,ZaPuU1PJutI,Lula,@jotagame3307,2026-07-17T19:42:18Z,"Lula, você não precisa de coroa ou trono, seu maior titulo é ser amado pelo povo.",1,2026-08-13
UgzbcafST-gixdERwhF4AaABAg,ZaPuU1PJutI,Lula,@DiegoSantos-cg9pn,2026-07-17T17:03:47Z,"3 milhões de veículos emplacados, com muitos vindos da China sem ser produzidos aqui",0,2026-08-13
Ugx42Z3qGeXKjt6g3R14AaABAg,ZaPuU1PJutI,Lula,@DaltonJose-bq8jr,2026-07-17T13:17:59Z,Brasil.sil.sil.sil...,0,2026-08-13
Ugyq2YC2f7k6cBXcD8p4AaABAg,ZaPuU1PJutI,Lula,@neirilucymaquine2384,2026-07-17T01:37:38Z,O que é Anfavea ? Nunca ouvi falar !,0,2026-08-13
UgxuZRjr8VW0b800oFJ4AaABAg,ZaPuU1PJutI,Lula,@chencheng2183,2026-07-17T00:39:46Z,♥️♥️♥️♥️♥️♥️,2,2026-08-13
Ugy-yBj7EHAQmWCU3kJ4AaABAg,ZaPuU1PJutI,Lula,@edsondeoliveira5136,2026-07-16T22:52:29Z,Sucesso e competências coletivas,2,2026-08-13
Ugx8VLv7AHdCmb24wSR4AaABAg,ZaPuU1PJutI,Lula,@Pdepix-e3r,2026-07-16T22:37:40Z,Lula esse move brasil não funciona pra trabalhador da vida real no Brasil. Os bancos só dificultam a vida do povo Lula acordaaa,0,2026-08-13
UgwXcElkFRpnVrDTLNN4AaABAg,ZaPuU1PJutI,Lula,@koutth,2026-07-16T21:14:15Z,RENUNCIA LOGO SEU MENTIROSO !!!,1,2026-08-13
UgzYH1nQQTkQZYt2D_94AaABAg,ZaPuU1PJutI,Lula,@EmersonCastilho-e8s,2026-07-16T19:46:24Z,"30 ANOS da esquerda governando o nordeste e ainda temos milhares de analfabetos, ausência total do Estado na saúde e segurança, insegurança alimentar, falta de saneamento básico, uma região desenhada por Deus e destruída pelos políticos corruptos da esquerda, como o Lula. Se os nordestinos soubessem a força que tem, jamais trocaria o seu precioso voto em detrimento de receber um vale gás!! Acorda Brasil!!",1,2026-08-13
UgwXI2s4cQV7qWUke_B4AaABAg,ZaPuU1PJutI,Lula,@fernandoo19716,2026-07-16T16:55:08Z,me agrada un presidente culto del pueblo y para el pueblo dialoga con todos. TODO mi  rechazo a la cantidad de presidentes autoritarios,0,2026-08-13
Ugxgnm2gAKr8iY6My2t4AaABAg,ZaPuU1PJutI,Lula,@Dnnacelly,2026-07-16T16:08:01Z,Não fique calado por favor se manifeste por favor 😢😢😢😢😢😢,0,2026-08-13
UgzTl-H-963BwegOIEd4AaABAg,ZaPuU1PJutI,Lula,@Dnnacelly,2026-07-16T16:06:29Z,"PRESIDENTE LULA😢😢😢😢??????? Urgente…. Decrete uma pena maior para esses estrupa@dor de mulheres e de crianças…. POR FAVOR NÃO DEIXE QUE ESSE POVO DO MAL FALEI QUE O SENHOR PRESIDENTE LULA É CONIVENTE A ESSAS COISAS HORENDAS  AJUDA FAÇA JUSTIÇA PELA PEQUENA HELENA POR FAVOR 😢😢😢😢 VIR AQUI LHE PEDIR POR JUSTIÇA. 
O SENHOR PRESIDENTE LULA TEM NETAS, filhas, mulhere e etc 😢😢😢😢 por favor HELENA NÃO E OUTRAS CRIANÇAS NÃO 😢😢😢😢😢",0,2026-08-13
UgymzdOsB7OPvdmdYMN4AaABAg,ZaPuU1PJutI,Lula,@rafaelaraujo9806,2026-07-16T15:21:40Z,Quem manda no Brasil ?!,0,2026-08-13
Ugxf2OXvQr8DzFp7_2d4AaABAg,ZaPuU1PJutI,Lula,@nenamedeiros6188,2026-07-16T13:37:43Z,"Sucesso, presidente!!",1,2026-08-13
UgxTapxpzY0P6hSCyYp4AaABAg,ZaPuU1PJutI,Lula,@FioDaMarlene,2026-07-16T13:14:10Z,"Outubro é 14 neles, fora Lula!!!",0,2026-08-13
Ugy5b91boaCIfquQx914AaABAg,ZaPuU1PJutI,Lula,@herminiusnature,2026-07-16T10:52:30Z,Salve Lula!!!,1,2026-08-13
UgyA4mMJVwNwH0RfrG94AaABAg,ZaPuU1PJutI,Lula,@AnaBezerra-mi2br,2026-07-16T07:10:36Z,❤,0,2026-08-13
UgxMl_sJSq5wht3t9gZ4AaABAg,ZaPuU1PJutI,Lula,@rodolfopierola7899,2026-07-16T05:40:44Z,"Boa noite hermano Presidente Lula, parabens para voce, muito obrigado por la Informação. Atte. Rodolfo Pierola Ergueta Presidente del Consejo Internacional de Residentes Bolivianos en el Exterior.",1,2026-08-13
UgyMu2Of42KwLDMvKf54AaABAg,ZaPuU1PJutI,Lula,@gilvadasilva1178,2026-07-15T22:52:45Z,É isso mesmo levantar e trabalhar mostrar seu produto levar até aos consumidores PARABÉNS PRESIDENTE LULA 🇧🇷👏🇧🇷👏🇧🇷🇧🇷,4,2026-08-13
Ugy5Zsp6wVorjkkuQyl4AaABAg,ZaPuU1PJutI,Lula,@nilsonvaz6007,2026-07-15T22:35:59Z,VCS tem que aprovar o PL 4434 ou o PL 5130 aumento igual para todos os aposentados e pensionista urgente 🇧🇷🇧🇷,0,2026-08-13
UgxZ8fIG4J1vTAkmev94AaABAg,ZaPuU1PJutI,Lula,@nenamedeiros6188,2026-07-15T22:02:33Z,Viva Lula!!,1,2026-08-13
Ugzzd6tNEHDh6dhbTip4AaABAg,ZaPuU1PJutI,Lula,@genilsondaconceicaodejesus7940,2026-07-15T21:46:50Z,RE-5D Façam carros a Reatores hoccan 5D antipoluentes,0,2026-08-13
UgxgQQCuoazgZ92Hth54AaABAg,ZaPuU1PJutI,Lula,@anaceliassb6008,2026-07-15T20:25:28Z,"Parabéns ao Brasil, parabéns ao excelente governo que temos",1,2026-08-13
Ugwea7Mbr7Tjwi1vgTl4AaABAg,ZaPuU1PJutI,Lula,@constantinosateles1420,2026-07-15T18:21:06Z,"O  Flávio Bolsonaro foi para os Estados Unidos conspirar contra o Brasil  e pedir para o Trump tarifar o agro brasileiro e jogar a culpa no Lula, ele é fraudulento e traídor da pátria e os bobaiados concordam com ele não tem noção das consequências !",0,2026-08-13
Ugy5X7k_goB9yNiXjFZ4AaABAg,ZaPuU1PJutI,Lula,@ItamarDossantos-e2i,2026-07-15T18:20:35Z,AMOR MEU PRESIDENTE LULA PRA CIMA 13 13 13 ❤❤❤❤❤,2,2026-08-13
UgxdCvxLak3A7hG1Oq54AaABAg,ZaPuU1PJutI,Lula,@dederecife,2026-07-15T17:45:04Z,Os idiotas bolsonaristas não se cansam de passar vergonha!!!!,0,2026-08-13
UgzoQ3f4PvaTw44-g7V4AaABAg,ZaPuU1PJutI,Lula,@andredamiaokavalli,2026-07-15T16:12:21Z,"Sabemos todos nós que o presidente Lula não posta nada neste canal e muito menos lê os comentários. Ele tem uma equipe para isso. Pois bem: que os responsáveis por este canal informe o presidente deste comentário e o orientem para que aplique a reciprocidade das tarifas dos Estados Unidos e demonstre, de fato, a nossa soberania. Se não fizer, demonstrará, tanto quanto os seus oponentes, neste caso os  bolsonaros, que é tão traidor da pátria quanto eles. E mais: eles, ao menos, tem coragem em vender a pátria. E o presidente, terá covardia em defendê-la?

É isso.

Abraços fraternos,
André.",0,2026-08-13
UgzJQvbY1iuDnc67uiJ4AaABAg,ZaPuU1PJutI,Lula,@JosePaulo-pt5hi,2026-07-15T15:26:56Z,Parabéns Presidente 😢🎉🎉🎉🎉🎉,1,2026-08-13
UgxBvaOVgeO2iQFcVe14AaABAg,ZaPuU1PJutI,Lula,@JoseAntonio-q7s1s,2026-07-15T15:20:17Z,"Bota pa' tora', companheiro Lula.❤🎉",8,2026-08-13
Ugxi0XCTiDZabI6c7t54AaABAg,ZaPuU1PJutI,Lula,@josedosreisdesousa10,2026-07-15T15:02:50Z,"Enquanto o governo Federal vai batendo recordes no desenvolvimento da indústria e nos mais diversos setores, com entregas nas mais variadas áreas, gerando realizações para o povo brasileiro enquanto a grande mídia ignora tudo de bom que está acontecendo, por ser servis aos sistemas fascistas, nefastos, desprezíveis e ficam colocando em destaques em seus noticiários, repletos de inverdades sempre tendenciosos, tentando de todas as formas brindar, defender descaradamente toda corja pervertida que acumulam uma enormidade de crimes e os já criminosos e presos, mas o LULA segui muito superior a todas estás Mazelas e o Brasil vai de vento em popa confirmando toda a sua soberania com LULA presidente e pronto!😂🎉❤",0,2026-08-13
UgxOdf2Un5Xm1TDZudl4AaABAg,ZaPuU1PJutI,Lula,@telmareginavilasboas2945,2026-07-15T15:00:56Z,Boa tarde❤❤,2,2026-08-13
Ugy8g22prR4gvxT7rXR4AaABAg,ZaPuU1PJutI,Lula,@marcosamadeu-t4d,2026-07-15T14:12:07Z,👏👏👏👏,1,2026-08-13
Ugz7K-WjENLtJ8etm054AaABAg,ZaPuU1PJutI,Lula,@IsaqueRochadeSá,2026-07-15T13:23:21Z,Francisco Sá Rua uvanio número 362,0,2026-08-13
Ugy2yDbyddU3SHiVVGV4AaABAg,ZaPuU1PJutI,Lula,@DOCfe6555,2026-07-15T13:02:02Z,Campanha antecipada nesse caso pode,1,2026-08-13
UgzMU0IrN5r-cUSXT1R4AaABAg,ZaPuU1PJutI,Lula,@eliasereis,2026-07-15T12:19:33Z,"Equipe Lula, vamos INOVAR !!!
Por favor, vcs podem furar a BOLHA.
Pensem em usar a internet para fazer CONSULTAS de opinião pública (deixem quem quiser extravasar só ódio e tolice soltar sua maldade).
Sei que o lobby das b.i.g   t3cx é gigante. Afinal, elas levaram R$ 1 TRILHÃO em lucro em 4 anos. 
Mas vocês podem e devem driblar o lobby, pois se a extrema-direita voltar vocês correm sérios riscos.



Criar redes melhores que as dominantes é fácil para Gov+Universidades, mas estas estão cooptadas. Vamos acordar, por favor!",0,2026-08-13
Ugzi1xWKA-DSbfQddUx4AaABAg,ZaPuU1PJutI,Lula,@marileidemelo519,2026-07-15T09:12:00Z,"Em 2030 Alkimin como nosso presidente da República,a vez e sua presidente Alkimin.",1,2026-08-13
UgzxCzsarG5WmwIh2st4AaABAg,ZaPuU1PJutI,Lula,@LucasS.Collodetti,2026-07-15T03:13:18Z,"Lula , único estadista no Brasil",4,2026-08-13
Ugwc2WV2jhmx44SXAiR4AaABAg,ZaPuU1PJutI,Lula,@LindamarMartinsdaSilva,2026-07-15T02:47:47Z,President  lula  vem salv viral verdadeira  e x lindamar influciadora vetdadeira mae jelvis Cláudinho     faz picanh nos  comer fest,0,2026-08-13
UgwHxqT1ehAJanJRZ2Z4AaABAg,ZaPuU1PJutI,Lula,@LindamarMartinsdaSilva,2026-07-15T02:46:00Z,Meu president  te amo vc e melh  brasil  sou fa mesm  del     el bom gerencia,0,2026-08-13
UgwVEUpRv4U6FbecjLB4AaABAg,ZaPuU1PJutI,Lula,@Brasill7769,2026-07-15T02:00:13Z,E o splity payment?? É presidente 😂😂😂,1,2026-08-13
UgxCAG_GOyMomJr9ubB4AaABAg,ZaPuU1PJutI,Lula,@pauloandrepress,2026-07-15T01:35:40Z,"Professor não vota em professor, por isso Haddad ainda não foi eleito, mas se aprendessem com os metalúrgicos que tem um dos melhores salários da categoria pois metalúrgico vota em metalúrgico, quiçá um dia terão salários dignos. Será que já aprenderam a lição?",0,2026-08-13
Ugx3lo4XAt67Ih4zPvN4AaABAg,ZaPuU1PJutI,Lula,@antoniorodriguesdasilva1116,2026-07-15T01:25:05Z,Parabéns presidente Lula,4,2026-08-13
UgyRYCrAk4gdtuv4ViN4AaABAg,ZaPuU1PJutI,Lula,@lzfranca,2026-07-15T01:19:13Z,"Com Nosso Presidente , o sucesso é garantido.",1,2026-08-13
Ugx_YQLTX00P3NDmFXh4AaABAg,ZaPuU1PJutI,Lula,@RobertoSilva-kz2zp,2026-07-15T00:48:52Z,Viva o Brasil,4,2026-08-13
UgykH8sy-K7fwqKm5054AaABAg,ZaPuU1PJutI,Lula,@marques_da_vk,2026-07-15T00:38:06Z,Parabéns Presidente Lula 🇧🇷,4,2026-08-13
UgykH8sy-K7fwqKm5054AaABAg.AZGIoEm-nNWAZH5oKw4Rul,ZaPuU1PJutI,Lula,@user-jk6yv1oy4n,2026-07-15T08:03:46Z,👏👏👏👏👏👏👏,0,2026-08-13
UgxtyOm2I-_tLDbcIeF4AaABAg,ZaPuU1PJutI,Lula,@SaiaDoSofaConsultoria,2026-07-15T00:09:22Z,"Maravilhoso Presidente Lula! Informado, antenado com as inovações e conversa com todos os setores visando o crescimento produtivo e aumento da renda do trabalhador!",5,2026-08-13
Ugz4nV5ckZP46hMZ7vB4AaABAg,ju2tJlSaGkI,Lula,@fatimamelicio7980,2026-08-11T04:58:43Z,"Deus te Abençoe e o seu Povo Sr President Lula, incentivando os Jovens🙏🏼  A Ciência  um dos dos do Espirito  Santo , Emprega-o da Forma correcta,  A Ciência  transforma  o  mundo da forma positiva, facilitando a vida das pessoas. 👏👏🏿👏🏻",0,2026-08-13
UgyZmvSZB8Sg-VbkksN4AaABAg,ju2tJlSaGkI,Lula,@claudiogalvani1336,2026-07-30T16:11:15Z,❤❤❤❤❤,0,2026-08-13
UgxKt0Tdt1VgPYMfcbt4AaABAg,ju2tJlSaGkI,Lula,@PeraMascarenhas,2026-07-27T00:20:43Z,"Lula é uma figura, um exemplo a seguir, um estadista nos fóruns mundial e uma criança quando o momento permite.Que homem é esse?❤❤❤❤❤❤",0,2026-08-13
Ugy_IcQYyk_1enOzNTx4AaABAg,ju2tJlSaGkI,Lula,@juliomarques4813,2026-07-26T16:55:26Z,😂😂😂😂😂🎉,0,2026-08-13
UgyGNb189HDmrT_iJ7x4AaABAg,ju2tJlSaGkI,Lula,@PauloHungaro-q1g1m,2026-07-26T15:02:32Z,Tudo que um imbecil queria destruir....será que os idiotas que votaram na direita ainda estão dormindo....,0,2026-08-13
UgwMnnywRE0iXJ6EuSx4AaABAg,ju2tJlSaGkI,Lula,@Raimundo-j8l,2026-07-26T01:06:42Z,Com o presidente lula o Brasil voltou a crescer.getou emprego em todas as regiões do Brasil.,0,2026-08-13
UgyzFWTVOcvq08dxgT54AaABAg,ju2tJlSaGkI,Lula,@edmilsonmontenegro5129,2026-07-25T02:13:53Z,😂😂😂😂😂,0,2026-08-13
UgzIZxV99IENmqWZbX54AaABAg,ju2tJlSaGkI,Lula,@LuciaCarvalho-i4g,2026-07-24T21:05:11Z,"Viva a Educação e a Ciência! 
Viva o Presidente Lula!",0,2026-08-13
UgwOTRnQl7s_SDZkvdR4AaABAg,ju2tJlSaGkI,Lula,@João_patriota,2026-07-24T20:13:36Z,"Lula sempre Lula, melhor presidente do mundo!!!",0,2026-08-13
UgyM5lzo1u8Bo1JC3r14AaABAg,ju2tJlSaGkI,Lula,@jair5882,2026-07-23T21:25:35Z,Obrigado Painho por ser tão gente boa.,0,2026-08-13
UgxPcEPgzvD-cGEGfVN4AaABAg,ju2tJlSaGkI,Lula,@henriquetok-kg5xh,2026-07-22T17:24:18Z,"Viva lula , viva a ciência ,viva a educação, viva as universidades públicas",0,2026-08-13
Ugwmvh2M6jSgZAAd4pt4AaABAg,ju2tJlSaGkI,Lula,@3ddmdclxvi,2026-07-21T14:30:49Z,"Eleger papito , e questão de sobrevivência, se Tar1flav10 ou R3nan ganhão isso tudo vai pro ...",0,2026-08-13
UgwkM25XQLy5cC8oTBF4AaABAg,ju2tJlSaGkI,Lula,@isacristina2,2026-07-20T19:30:12Z,"Lula reeleito no primeiro turno, sem medo de ser feliz ⭐",1,2026-08-13
UgxTXK-6fMCECwXEC0p4AaABAg,ju2tJlSaGkI,Lula,@Gênio-e5b,2026-07-19T11:29:10Z,PT NUNCA MAIS,1,2026-08-13
UgxGy1Dz1m0mL96bVzt4AaABAg,ju2tJlSaGkI,Lula,@ManoelMessiasSantos-iv3oq,2026-07-18T16:25:15Z,"Esse é o governo que trabalha para  crescimento, desenvolvimento e tecnologia. É tetra.",2,2026-08-13
Ugz8Fn3_1r-C2m_BhT14AaABAg,ju2tJlSaGkI,Lula,@mariadaguiaassis2683,2026-07-18T16:15:57Z,MELHOR PRESIDENTE DO MUNDO TODIM,0,2026-08-13
UgzXC70g3jWqcWL5jRJ4AaABAg,ju2tJlSaGkI,Lula,@socorroleal4566,2026-07-18T14:34:58Z,LUla o melhor presidente do mundo ❤,0,2026-08-13
UgxT14KXWVdlzIpiA1t4AaABAg,ju2tJlSaGkI,Lula,@genilsondaconceicaodejesus7940,2026-07-18T12:05:43Z,RE-5D Envio artigo 120 para Resolução tecnológica.,0,2026-08-13
UgxeSmiD3U4EqnjqcWl4AaABAg,ju2tJlSaGkI,Lula,@Brasilmelhor-LT,2026-07-17T23:06:35Z,Viva o Brasil! Viva a educação!,8,2026-08-13
UgxUfqvWV73ixQsCwrh4AaABAg,ju2tJlSaGkI,Lula,@rosanacabral1048,2026-07-17T12:39:35Z,"É maravilhoso parabéns a Ciência, tomara que essa geração ame a Ciência .",14,2026-08-13
UgzlmXxK_KatqUYGUVt4AaABAg,ju2tJlSaGkI,Lula,@gianeyamashita4306,2026-07-17T09:51:08Z,"Lula, os alunos do Instituto Maua amaram a sua visita. Que seja a primeira de muitas para ver novos projetos que enriquecem o Bras. O caminho da educação é investir em projetos e laboratórios para os alunos criarem novas tecnologias em benefícios do povo.",0,2026-08-13
UgyV3ZqdplXZY1xA6Id4AaABAg,ju2tJlSaGkI,Lula,@mariaadailde403,2026-07-17T01:38:21Z,Deus abençoe nosso presidente Lula.,0,2026-08-13
UgxuWyKp0dZCopRsh9J4AaABAg,ju2tJlSaGkI,Lula,@LuisPauloGomes-s2s,2026-07-16T15:55:22Z,"GENTE, nossa obrigação é sugerir coisas para o presidente ter força da opinião pra fazer",0,2026-08-13
UgwRmOesOlp6s5hEApl4AaABAg,ju2tJlSaGkI,Lula,@LuisPauloGomes-s2s,2026-07-16T15:54:31Z,"PRESIDENTE, o Trump quer taxar a carne e prejudicar.  Sugestão:  faça o que o senhor fez durante a vaca-louca.  SE O TRUMP NAO QUER CARNE E LARANJA E CAFÉ nós QUEREMOS!!!!!!!!   (  Carne para o brasileiro com o mesmo INCENTIVOS e ISENÇÕES que tem pra exportacao",0,2026-08-13
UgwVl1AHLISElgbJsft4AaABAg,ju2tJlSaGkI,Lula,@ritacassiabarretodesousa1493,2026-07-16T10:01:37Z,❤❤❤❤❤❤❤❤❤❤,1,2026-08-13
UgwHvZk6L_p43p6TVpJ4AaABAg,ju2tJlSaGkI,Lula,@Jackson_Mendes,2026-07-16T07:25:25Z,Lula Tetra Presidente! 🏆🇧🇷,0,2026-08-13
Ugx8aWvJ5pKEBco8zHR4AaABAg,ju2tJlSaGkI,Lula,@lucienequintal7838,2026-07-15T23:11:30Z,"Vamos estudar, povo brasileiro! Depois do 13, nós podemos !",0,2026-08-13
Ugz85GCsVJgtja18okJ4AaABAg,ju2tJlSaGkI,Lula,@nilsonvaz6007,2026-07-15T18:29:48Z,Presidente Lula faça uma medida provisória para aprovar o PL 4434 ou o PL 5130 aumento igual para todos os aposentados e pensionista urgente 🇧🇷🇧🇷,0,2026-08-13
UgxUmAXU9HmPxD_ue1N4AaABAg,ju2tJlSaGkI,Lula,@osvaldodasilva631,2026-07-15T17:33:09Z,"Como pode um presidente como Lula, só tem 40 porcento nas pesquisas.?",0,2026-08-13
UgxdvFZorg5-N7z1-W54AaABAg,ju2tJlSaGkI,Lula,@rosemarieferreira635,2026-07-15T16:48:01Z,❤❤❤❤❤❤,0,2026-08-13
UgyF7R89nl4O9IzEFhp4AaABAg,ju2tJlSaGkI,Lula,@marielzatiscate7787,2026-07-15T16:24:16Z,Meu presidente alegre e carinhoso!❤❤❤,5,2026-08-13
UgzhfxNobKrWW5UMiad4AaABAg,ju2tJlSaGkI,Lula,@ire5791,2026-07-15T13:50:14Z,"Nossa como o Lula investe em tecnologia , vede quanto ganha de salário os professores Brasil afora",0,2026-08-13
UgyYxntdZbZwhoK53ah4AaABAg,ju2tJlSaGkI,Lula,@ire5791,2026-07-15T13:49:01Z,"e da da lhe china , os chineses produzindo seus elétricos aqui porque isso importa mais ao governo brasileiro do que investir em tecnologia  brasileira",0,2026-08-13
UgyYxntdZbZwhoK53ah4AaABAg.AZHiK6m5lCMAZI-__y_At9,ju2tJlSaGkI,Lula,@marielzatiscate7787,2026-07-15T16:28:34Z,Esse jovem inventou esse robô! Que parte do título do vídeo você não leu?,0,2026-08-13
Ugxn0tPj1SRTZny0BjV4AaABAg,ju2tJlSaGkI,Lula,@ire5791,2026-07-15T13:48:05Z,"O governo Lula é inimigo número um da produção de tecnologia , esses jovens se formam e vão para longe do Brasil",0,2026-08-13
Ugxn0tPj1SRTZny0BjV4AaABAg.AZHiDD9t346AZHyFGnjj31,ju2tJlSaGkI,Lula,@FernandoGraça-h2t,2026-07-15T16:08:10Z,A fuga de cérebros é por conta de governos estaduais e do Congresso com relação às universidades...,1,2026-08-13
Ugx8WHhh7MJvRyREc214AaABAg,ju2tJlSaGkI,Lula,@ire5791,2026-07-15T13:48:00Z,"O governo Lula é inimigo número um da produção de tecnologia , esses jovens se formam e vão para longe do Brasil",0,2026-08-13
UgwAzXq56kUPlbm8NE54AaABAg,ju2tJlSaGkI,Lula,@ire5791,2026-07-15T13:47:56Z,"O governo Lula é inimigo número um da produção de tecnologia , esses jovens se formam e vão para longe do Brasil",0,2026-08-13
UgxbRcFeS1-XNmORc694AaABAg,ju2tJlSaGkI,Lula,@ire5791,2026-07-15T13:47:51Z,"O governo Lula é inimigo número um da produção de tecnologia , esses jovens se formam e vão para longe do Brasil",0,2026-08-13
UgwNSOrRkKlGEYlABrh4AaABAg,ju2tJlSaGkI,Lula,@ire5791,2026-07-15T13:47:41Z,"O governo Lula é inimigo número um da produção de tecnologia , esses jovens se formam e vão para longe do Brasil",0,2026-08-13
UgyJb11wV7x1CRS7Hhp4AaABAg,ju2tJlSaGkI,Lula,@ire5791,2026-07-15T13:47:36Z,"O governo Lula é inimigo número um da produção de tecnologia , esses jovens se formam e vão para longe do Brasil",0,2026-08-13
Ugyv-shVc_hfDinXPuV4AaABAg,ju2tJlSaGkI,Lula,@ire5791,2026-07-15T13:47:31Z,"O governo Lula é inimigo número um da produção de tecnologia , esses jovens se formam e vão para longe do Brasil",0,2026-08-13
UgyWmh5IyNIoAcElx-l4AaABAg,ju2tJlSaGkI,Lula,@ire5791,2026-07-15T13:47:24Z,"O governo Lula é inimigo número um da produção de tecnologia , esses jovens se formam e vão para longe do Brasil",0,2026-08-13
UgzI9us0G7erGiuRKl14AaABAg,ju2tJlSaGkI,Lula,@kenshin-j4x,2026-07-15T12:42:46Z,Parabéns presidente Lula pelo seu discurso suas palavras colocar na estrutura de comprar novos equipamentos na área da saúde pública contratar médicos profissionais bastante enfermeiros investir nas medicinas da Saúde focar para estudar para medicina das doenças investir nos hospitais criar novos hospitais e criar comprar equipamentos focar nas ditas berbas e projetos resultados para a população mudar e cortar as pílulas para reduzir a área da saúde trazer investimento letra zimbu estrutura para área da saúde trazer mais resultado na secretaria da área da saúde trazer mais profissionais o destino nos na área da saúde nas farmácias funcionários e médicos e cirurgias reduzir a fila de espera melhorar a qualidade de saúde do povo trazer mais qualidade reduzindo reduzindo os impostos reduzindo os preços dos alimentos no mercado trazendo mais qualidade na área dos empregos na área do trabalho trazendo evolução criando criando qualidade e evolução investindo nas escolas investindo na industria das escolas investindo vestir nas bibliotecas investir em informática investindo no laboratório de pesquisa fazer saneamento nos banheiros na salas na área do refeitório e trazer saneamento e estrutura na área da diretoria investir em cursos técnicos investir em faculdades técnicas de profissões ensinos investir investir em cultura arte para ter estrutura e avanços investir na segurança pública treinar o batalhão para proteger a população investir em escolas de futebol para ter para jogadores em escolas que possam viajar por fora e poder ser um profissional crack no jogo de futebol ter paz investir para as escolas de passeios visitando museus e visitando também zoológicos e ter passeios para cinemas para os alunos poder assistir filmes de ações sobre trabalho sobre um profissional sobre a sua própria como ser um imperativo engraçado em telas de filmes investir na área da qualidade dos trabalhadores para os trabalhos ter mais qualidade e avanços nas empresas e melhorar a qualidade dos transportes públicos gerar mais bicos para os trabalhadores ter mais renda extra investir que o país tenha auto instrutores equilibrar as contas públicas e vestir mas aonde a população precisa de investimento e crescimento,1,2026-08-13
UgzK92iU7pkxMkhRgid4AaABAg,ju2tJlSaGkI,Lula,@SoniaaugutodonascimentodaSilva,2026-07-15T12:05:35Z,Lula sempre. 🇧🇷❤🇧🇷❤,0,2026-08-13
Ugz0RIphguRVVZ6Wk5h4AaABAg,ju2tJlSaGkI,Lula,@ConceiçãoBonilho,2026-07-15T11:16:10Z,O AMOR VAI VENCER! NO PRIMEIRO TURNO!  LULAAAA TETRAAAAA ALCKMIN HADAD GOVERNADOR! FÉ PAZ CORAGEM JUSTIÇA DEMOCRACIA UNIÃO GRATIDÃO DIGNIDADE RESPEITO TRABALHO COMPETÊNCIA TRANSPARÊNCIA PROGRESSO BRASIL SOBERANO LIVRE E FORTE!!😂❤😂❤,0,2026-08-13
Ugwnm4IB3U-eeYAzx6t4AaABAg,ju2tJlSaGkI,Lula,@cidalima7349,2026-07-15T10:52:27Z,MUITO POPULAR O NOSSO PRESIDENTE!❤❤😂,1,2026-08-13
UgwdUE8INE2iAEkVk414AaABAg,ju2tJlSaGkI,Lula,@Brasill7769,2026-07-15T09:53:11Z,Se o PT ganhar de novo nós brasileiros estamos perdidos.,0,2026-08-13
UgxBtDZ5rlWrwKhebCh4AaABAg,ju2tJlSaGkI,Lula,@NubiaSantos-c9f,2026-07-15T09:21:32Z,E o presidente que cuida do povo. ❤❤❤❤❤❤❤,0,2026-08-13
UgzfeDAhhrFfn4Lf8jV4AaABAg,ju2tJlSaGkI,Lula,@JaneteAparecida-p6h,2026-07-15T09:20:33Z,Lula com muito orgulho 🏆 o melhor presidente do Brasil Joinville SC presente,0,2026-08-13
UgxF0XbVEou6lO0yyQt4AaABAg,cqNLARIyqK8,Lula,@somviolaesportevariedade9079,2026-07-23T21:57:15Z,Verdade 😊 meu e nosso presidente 🙏 o nosso governador Gerônimo teve aqui no nossa querida Eunápolis BA 🇧🇷🙏🤝,0,2026-08-13
Ugxlbn5kX0sKRwNpGQp4AaABAg,cqNLARIyqK8,Lula,@vanderluiz7336,2026-07-22T14:49:32Z,"Engraçado como todos só pensam em guerra e deixam todos os países do mundo sofrer seus impactos,só mostra a falta de compromisso com o próximo. Neoliberais em Israel,terroristas trancando frotas petrolíferas,estadunidenses taxando todo mundo e o putin,que não chega a um acordo de paz. Tá feio,o governo deve seguir pela linha diplomática,mas se não houver solução devem aplicar a lei da reciprocidade",0,2026-08-13
UgyjujAb2CtQVkw9DAB4AaABAg,cqNLARIyqK8,Lula,@paulasantana273,2026-07-21T10:40:28Z,❤️❤❤❤❤,0,2026-08-13
Ugy_1swLNt5HsqDx5Bd4AaABAg,cqNLARIyqK8,Lula,@antoniodesouzabatista3621,2026-07-21T06:04:48Z,Luiz Inácio Lula da Silva esse sim nós representa nosso velinho querido e amado presidente nois te amamos 👍❤🙏🏼,0,2026-08-13
Ugx_lyiJUWb0T_WWATx4AaABAg,cqNLARIyqK8,Lula,@ManoelMessiasSantos-iv3oq,2026-07-20T15:38:20Z,"Com certeza, nāo devemos aceitar mesmo. Parabéns presidente.",1,2026-08-13
UgxZAGJXfvA2nsLVLvl4AaABAg,cqNLARIyqK8,Lula,@lizluz4335,2026-07-20T13:41:40Z,Gratidão Lula por tudo que o Sr fez e faz pelo Brasil!,0,2026-08-13
UgyBfNa8bMIdtoy9vI94AaABAg,cqNLARIyqK8,Lula,@AnamariaOliveira-c2f,2026-07-20T00:00:56Z,Brasil Lula presidente vota 13,0,2026-08-13
UgzI-OugIPCSv4Lg5oh4AaABAg,cqNLARIyqK8,Lula,@gilferreira8126,2026-07-19T18:45:59Z,❤❤❤❤❤🎉🎉🎉 parabéns ao meu presidente Lula que Deus te dê saúde meu filho pensar no seu povo pobre que precisa alimentar,0,2026-08-13
Ugxya6QGnao5kpnGmJR4AaABAg,cqNLARIyqK8,Lula,@ricdobg,2026-07-19T17:29:29Z,"Pior é ver os patriotários colocarem a culpa no Lula. O gado não enxerga um palmo a frente do nariz. 
Lula 2026. É tetra",0,2026-08-13
Ugyv9dVtgnBGle0BGGh4AaABAg,cqNLARIyqK8,Lula,@danielpaciulo,2026-07-19T08:09:59Z,a culpa agora é do Trump...,0,2026-08-13
UgyACtVdsM3TonpITct4AaABAg,cqNLARIyqK8,Lula,@MarleneVargas-q8d,2026-07-18T14:42:11Z,Todo poderoso criador que nos criou abençoe grandemente o presidente Lula por tanto amor ao povo Brasileiro,0,2026-08-13
UgxGKK55TRim7bP3J2p4AaABAg,cqNLARIyqK8,Lula,@jhow4049,2026-07-17T08:05:51Z,E continua mentindo e deixando o povo mais miserável e pobre quantos mais miserável e pobre o brasileiro for mais ele acredita em mentiras . Assim o pt fez com o povo anos e anos,0,2026-08-13
Ugz5yF5ZZvOFCXin5jh4AaABAg,cqNLARIyqK8,Lula,@EdmirsonNunes,2026-07-16T17:59:52Z,Presidente LULA 👍 pode LUTAR PELO BRASIL ESTAREMOS SEMPRE JUNTOS E APOIANDO O SEU TRABALHO  AVANTE BRASIL COM LULA,1,2026-08-13
UgzBOGQkNcTF4YJLqp94AaABAg,cqNLARIyqK8,Lula,@almircesar9015,2026-07-16T11:09:58Z,❤️❤❤❤❤❤❤❤❤❤❤❤oi,1,2026-08-13
Ugw2ZlgBhe0nII9Ftu14AaABAg,cqNLARIyqK8,Lula,@Sofí-d7j,2026-07-16T04:32:42Z,"NEM O POVO AMERICANO,😮AGUENTA MAIS TRUMP 😮 ATÉ O USA ESTÁ EM CRISE , POR CONTA DESSA QUERRA INSANA QUE ELE E INSRAEL CAUSARAM PARA O MUNDO TODO 😮😢 TROUSERAM ESCASSEZ PARA MUITOS PAISES😢 PARA O BRASIL 🇧🇷 PARA O USA ,PARA TODA EUROPA, É SÓ PESQUISAREM, UM LÍDER,QUE SO PENSA EM QUERRAS , MATANÇAS , SÓ PODE SER PSICOPATAS😢😮 QUE DESTRÓI SEU PRÓPRIO PAÍS E O PAÍS DOS OUTROS😢😮",0,2026-08-13
UgyAnFavbKPNxWJ72ad4AaABAg,cqNLARIyqK8,Lula,@Sofí-d7j,2026-07-16T04:23:45Z,"O TARIFAÇO Do PSICOPATA TRUMP, está afetando o BRASIL E EUROPA , 😮😢😢😮😢😮😢",0,2026-08-13
UgzkbNjqZ1vFW2dvBYZ4AaABAg,cqNLARIyqK8,Lula,@rebecaa1894,2026-07-15T16:02:01Z,ola,0,2026-08-13
Ugwd-SK5qcVKrpSaGDB4AaABAg,cqNLARIyqK8,Lula,@rebecaa1894,2026-07-15T16:01:56Z,bom dia,1,2026-08-13
Ugz7AqKoVEj2r1V38wB4AaABAg,cqNLARIyqK8,Lula,@rebecaa1894,2026-07-15T16:01:52Z,oi,0,2026-08-13
Ugw6RW_oZdWPf6qZ5mR4AaABAg,cqNLARIyqK8,Lula,@josemauro5754,2026-07-15T15:48:33Z,Lula o melhor presidente da história!,0,2026-08-13
UgxDs-2f7qD09c00agN4AaABAg,cqNLARIyqK8,Lula,@santoswatcher,2026-07-15T15:39:46Z,Olha que bosta isso larga mão,0,2026-08-13
UgyiGewEf1pmlAyV_8p4AaABAg,cqNLARIyqK8,Lula,@sandraregina1368,2026-07-15T12:50:26Z,"COM LULA SEMPRE PORQUE É O MELHOR PRESIDENTE DO BRASIL PORTANTO, LULA 2026 ! VIVA A SOBERANIA DO BRASIL  !",0,2026-08-13
UgyqoScYjM1I_sT-DD14AaABAg,cqNLARIyqK8,Lula,@fgmserpa1,2026-07-15T11:09:36Z,Tem muitos brasileiros que não sabe o que é um almoço.,2,2026-08-13
UgxWJI0i9MPLX5tDB214AaABAg,cqNLARIyqK8,Lula,@carlaofelix,2026-07-15T09:32:27Z,Esse cara é um comediante,0,2026-08-13
UgwcsI0-UDVjeDX5WWB4AaABAg,cqNLARIyqK8,Lula,@FelixBahia,2026-07-15T09:31:18Z,"Tá na hora da humanidade fazer um banco 🏦 mundial onde pagar prós soldados 🪖 do mundo inteiro atacar qualquer líder que começa uma guerra com outro país! Já que é o dinheiro que começa a guerra, o dinheiro pode acabar a guerra, porque o povo que não quer a guerra acaba pagando do mesmo jeito pós sobe o preço de tudo!",0,2026-08-13
UgyJrXTRr5dqiwVcdfZ4AaABAg,cqNLARIyqK8,Lula,@mtsbr78,2026-07-15T04:49:55Z,Essa lógi a perversa em q o brasileiro paga caro por resto e nunca vê reduções de preços consideráveis. Nossa moeda está fraca. O povo já não compra tanto quanto comprava.,0,2026-08-13
UgwCBE6_CZydKSFIgKh4AaABAg,cqNLARIyqK8,Lula,@elieuridenespaivaandradema1348,2026-07-15T03:18:43Z,L❤❤❤,0,2026-08-13
Ugycds4YkRjHs4hvRYB4AaABAg,cqNLARIyqK8,Lula,@geraldopeixoto4831,2026-07-15T00:13:36Z,é nos Lula 13 na cabeça ribeirão das Neves ❤❤❤❤❤,0,2026-08-13
Ugz7mVHmzhuGXOuZVsx4AaABAg,cqNLARIyqK8,Lula,@danielaantunescorreia938,2026-07-14T23:54:47Z,A guerra e necessário para prender os corruptos igual você lula,0,2026-08-13
UgyAurRA6rQnlX4HLbh4AaABAg,cqNLARIyqK8,Lula,@danielaantunescorreia938,2026-07-14T23:54:15Z,Fora lula fora Alexandre,0,2026-08-13
UgxqpD0QmUaNMKh-5254AaABAg,cqNLARIyqK8,Lula,@aencezra79,2026-07-14T23:36:52Z,❤❤❤❤🎉🎉🎉🎉,1,2026-08-13
Ugw_lctKbHnMMtShbjl4AaABAg,cqNLARIyqK8,Lula,@izabelpantaleao8196,2026-07-14T22:31:03Z,"Lula reeleito, 13 13 13 🇧🇷 🤩",0,2026-08-13
UgwYbnR4ai55Odox7i94AaABAg,cqNLARIyqK8,Lula,@izabelpantaleao8196,2026-07-14T22:30:31Z,"Esse é o meu presidente Lula, o resto é FAkE",0,2026-08-13
Ugzh6UC-_3SAvWIlU9x4AaABAg,cqNLARIyqK8,Lula,@marciaamericano5878,2026-07-14T21:47:52Z,Grande homem. Lula será tetra ❤,0,2026-08-13
UgwEmrKxymSnivjS8BF4AaABAg,cqNLARIyqK8,Lula,@rogeriosilva1646,2026-07-14T21:26:53Z,Famoso Pinóquio 😂,0,2026-08-13
UgzVb8qao01wgpQigg14AaABAg,cqNLARIyqK8,Lula,@simonedasilvahounsell2139,2026-07-14T21:02:15Z,A guerra não mas o El Niño vai aumentar o preço dos alimentos. Se preparem. Enchente pra um lado e seca pro outro.,0,2026-08-13
Ugw1sq7wsmc7U3ZUOZ54AaABAg,cqNLARIyqK8,Lula,@osmarpaulinodecarvalho6235,2026-07-14T20:35:38Z,Lula 2026 no primeiro turno!,0,2026-08-13
UgwLMfR5nZBARDVk_iZ4AaABAg,cqNLARIyqK8,Lula,@ritacassiabarretodesousa1493,2026-07-14T19:28:01Z,❤❤❤❤❤❤❤❤❤,1,2026-08-13
UgwzF7X_FgASGqO5CYV4AaABAg,cqNLARIyqK8,Lula,@adrianamacedo-gb2fm,2026-07-14T19:04:12Z,2026 e Lula  e 13 e PT  e Esquerda  fora  Bolsonaros  Bolsonaros  nunca  mais  fora  Flávio  Lula  o  melhor  Presidente  do  Brasil ❤❤❤❤fora  Direita  fora  PL  Fora  hipocresia  fora  inveja  fora  mentira,0,2026-08-13
UgwBi2uC0C0ypiedIFR4AaABAg,cqNLARIyqK8,Lula,@franciscopaulo2728,2026-07-14T18:53:43Z,"Muito bem, presidente.",2,2026-08-13
UgxARODUykwkn8Rn61R4AaABAg,cqNLARIyqK8,Lula,@NinaSimone.,2026-07-14T18:04:01Z,Vivaaa o nosso presidente Lulaaa ❤🎉🎉🎉,0,2026-08-13
Ugx5HyNiEXB-gljhqih4AaABAg,cqNLARIyqK8,Lula,@aparecidasilva-k1y,2026-07-14T17:07:27Z,"A CULPA NÃO É DA GUERRA, NÃO É TRUMP, NÃO É DO BOLSONARO, A CULPA É TUA LULA TU QUE É INCOMPETENTE ..",0,2026-08-13
UgxXPKn4igmYvcQA_Cl4AaABAg,cqNLARIyqK8,Lula,@dieymartins5156,2026-07-14T17:03:24Z,So que e burro acreditam em um cara como esse,0,2026-08-13
UgxXPKn4igmYvcQA_Cl4AaABAg.AZFUluZovY4AZFiQLNFe1h,cqNLARIyqK8,Lula,@adrianamacedo-gb2fm,2026-07-14T19:11:24Z,Não  os inteligentes  acreditam no Lula  os Burros no golpista e no Bolsomaster,0,2026-08-13
UgxtdXpxc_q5LV3msq14AaABAg,cqNLARIyqK8,Lula,@avanildamariafarias3204,2026-07-14T17:00:54Z,"Lula é um Gigante, um grande Estadista e HUMANISTA 🇧🇷❤️👏🏾👏🏾👏🏾👏🏾👏🏾👏🏾👏🏾👏🏾👏🏾👏🏾👏🏾👏🏾👏🏾👏🏾👏🏾👏🏾👏🏾👏🏾👏🏾👏🏾👏🏾👏🏾",1,2026-08-13
Ugx_N5WdrEicBDDkAoV4AaABAg,cqNLARIyqK8,Lula,@santana6412,2026-07-14T16:13:39Z,Esse cara só sabe mentir e roubar,1,2026-08-13
Ugx_N5WdrEicBDDkAoV4AaABAg.AZFP4WPVv8AAZFhtXaxz-C,cqNLARIyqK8,Lula,@adrianamacedo-gb2fm,2026-07-14T19:06:47Z,Não  esse que você  tá falando são  os Bolsomaster,0,2026-08-13
UgxHnnAcu55tZcbQ7Fx4AaABAg,cqNLARIyqK8,Lula,@naraauriajustino,2026-07-14T16:01:36Z,Parabéns nosso Presidente Lula❤❤❤❤❤❤,0,2026-08-13
UgyaTrTz4Hi19GGPgfR4AaABAg,cqNLARIyqK8,Lula,@dineiandrade6954,2026-07-14T15:48:19Z,Não é a voz do lula,0,2026-08-13
UgwCO-KnTv_d03k50O54AaABAg,cqNLARIyqK8,Lula,@joaoafonsonetodotuga7880,2026-07-14T15:37:41Z,Agora é Lula d novo,0,2026-08-13
UgzcI_DPnjMbHP_ClfF4AaABAg,lRS5rf_3eVs,Lula,@LemonJuice666,2026-08-13T15:36:16Z,SOBERANIA DE VERDADE!!!!!! CADE OS VERDADEIROS PATRIOTAS?,0,2026-08-13
UgxCDEgMBJJGnq1lSfp4AaABAg,lRS5rf_3eVs,Lula,@JoãoVander-t6z,2026-08-12T17:19:17Z,Humilhou!!!!!!,1,2026-08-13
UgwQ7bIAthNL5lM2TgR4AaABAg,lRS5rf_3eVs,Lula,@JoãoVander-t6z,2026-08-12T17:18:49Z,Humilhou!!!!!!,0,2026-08-13
UgyBNtC3zL7-rL_Q6814AaABAg,lRS5rf_3eVs,Lula,@joaolopes5404,2026-08-11T15:28:09Z,"",0,2026-08-13
UgyrLQSS6fbZn2ypt914AaABAg,lRS5rf_3eVs,Lula,@thiagovelikynovgorod5211,2026-08-09T23:52:16Z,Avante Brasil.,0,2026-08-13
UgwPMUs502UR1bjepnV4AaABAg,lRS5rf_3eVs,Lula,@rafaelaraujo9806,2026-08-09T20:06:47Z,Qno ?,0,2026-08-13
UgwESe3FdZ_mEGf-sZJ4AaABAg,lRS5rf_3eVs,Lula,@MariadeFátima-i2i,2026-08-09T19:41:12Z,Somos uma super potência temos de tudo aqui basta os políticos impulsionar pra sermos auto suficientes,1,2026-08-13
UgzRBxsxA81i-JZsx_54AaABAg,lRS5rf_3eVs,Lula,@MariadeFátima-i2i,2026-08-09T19:38:58Z,É isso mesmo o brasileiro tem que da valor as coisas do brasil devemos da preferência as nossas origens oque é nosso e não depeder dos outros,1,2026-08-13
Ugz42MLzxO33HFYrMJJ4AaABAg,lRS5rf_3eVs,Lula,@jaum1990,2026-08-09T16:42:22Z,e essa censurada no inicio do video,0,2026-08-13
UgxViKn3g9eMOplVtfB4AaABAg,lRS5rf_3eVs,Lula,@kimutone2970,2026-08-09T09:55:28Z,Brasil tiene que liderar el bloque geopolítico iberofono.,0,2026-08-13
UgzgVoGqtIKDdyf19mF4AaABAg,lRS5rf_3eVs,Lula,@paraderiraleg,2026-08-08T16:24:12Z,o cara nervoso conversando com presidente,0,2026-08-13
UgzOTLmQrtfcrww4eYt4AaABAg,lRS5rf_3eVs,Lula,@quintilianoneiva7112,2026-08-08T02:27:57Z,"Lula/esquerda acordaram. EUA/Trump é perigo maior que o golpe64 e de 2016. Este será um dos vários ataques desesperados do """"""""""""""""""""""""""""""""""""""""""""""""""""""""""""""""Império em queda"""""""""""""""""""""""""""""""""""""""""""""""""""""""""""""""". Outros novos ataque/golpe/invasão chegando. (1) Paraguai, dominado pelas gigantes da IA, tentará usar os EUA e """"""""""""""""""""""""""""""""""""""""""""""""""""""""""""""""reparações de guerra'  como desculpa para TOMAR ITAIPU. REFORÇAR DEFESAS e  analisar risco/retorno de o Brasil tomar Itaipu antes e indenizar depois. (2) EUA/Otan/França/Guianas tentarão invadir o litoral do Amapá e tomar nosso PRÉ-SAL II. Reforçar defesas e bases próximas,  submarinos e armas na área em alerta. (3) Dominando os rios, dominarão a amazônia. Reforçar Batalhões de Selva com drones, mísseis, barcos e submarinos.  (4) Golpe militar é especialidade dos EUA. A maioria de nossos militares é nacionalista, ama e defende o Brasil . Há uma minoria graduada de traidores golpistas que só quer entregar o Brasil, se vender e se esconder em forças externas poderosas, que exigem enfrentamento global. Neutralizar traidores e consolidar uma OTAN DOS BRICS LOGO.(5) Trump/Netnahu/Milei/Bolsonaros  tentarão boicotar/invalidar nossa eleição e/ou invadir o Brasil, via palhaço louco Milei, para sequestrar/assassinar lula, roubar Aquífero Guarani, Itaipu e terras raras dosul. Urge comprar drones, mísseis hipersônicos, satélites e armas atômicas e investir em produção própria para ABORTAR INVASÕES. Temos US$ 380 bilhões, ouro, pré-sal e terras raras para estas despesas emergenciais e extra orçamentárias. Eliminar traidores nas FFAA, MDefesa, Congresso, STF, PF, BC, judiciário e mídia. Nossa legislação militar impõe PENA DE MORTE POR TRAIÇÃO,  em caso de guerra. EUA/Trump publicando estar em guerra contra o Brasil (para roubar nossa amazônia,  água, PIX, Pré-sal, terras raras e agrícola)s. É GUERRA ( híbrida , nunca declarada, covarde, dissimulada). CUMPRIR A LEI. ELIMINAR TRAIDORES (Lei/tribunais militares e fuzilamento). Crises exigem governos fortes. esta crise será tão intensa que exigirá união numa """"""""""""""""""""""""""""""""""""""""""""""""""""""""""""""""ditadura"""""""""""""""""""""""""""""""""""""""""""""""""""""""""""""""" Lula para salvar o Brasil  (poderes excepcionais de guerra). Vencida a crise ( revogação automática dos poderes excepcionais), abertura e democracia logo.",0,2026-08-13
UgxxlzQEZueOgsVAnQF4AaABAg,lRS5rf_3eVs,Lula,@zilmardasilva5992,2026-08-07T23:12:47Z,"Brasil ZIL ZIL ZIL ZIL ZIL ZIL ZIL ZIL kkkkkkkk
Lula é o bicho",0,2026-08-13
Ugytc2_gTNQe7pp7AZR4AaABAg,lRS5rf_3eVs,Lula,@denizeambrosi4925,2026-08-07T22:40:04Z,🇧🇷💪🏻👏🏻👏🏻👏🏻👏🏻👏🏻👏🏻👏🏻,0,2026-08-13
UgzYOOZovZGFm_X9jq54AaABAg,lRS5rf_3eVs,Lula,@claudelicearaujo5489,2026-08-06T22:23:50Z,Lulaa❤❤❤❤13,0,2026-08-13
UgxqqKC3jrb0jOk9Ar14AaABAg,lRS5rf_3eVs,Lula,@silviorobertorochasilva9443,2026-08-06T19:54:51Z,Parabéns aos profissionais e engenheiros que se dedicaram. Não aos políticos que se promovem com as conquistas de quem faz!,0,2026-08-13
UgydzkW7A9X9fhwmp9p4AaABAg,lRS5rf_3eVs,Lula,@SINUCADA,2026-08-06T19:34:03Z,Lula no primeiro turno!,0,2026-08-13
UgxVL75yl7niWXel57R4AaABAg,lRS5rf_3eVs,Lula,@deivisonoliveira7452,2026-08-06T16:31:21Z,Os Eua tao só  de zoin 👁👁,0,2026-08-13
Ugwzm1Slpml9i9I1fuF4AaABAg,lRS5rf_3eVs,Lula,@charlesjacquard,2026-08-06T14:10:57Z,evoluindo a jato com lula e alckmin,0,2026-08-13
UgxYbBTgkl7pnDlmeIB4AaABAg,lRS5rf_3eVs,Lula,@marcusdaniel7977,2026-08-05T19:28:01Z,Deste ponto para uma turbina para os aviões comerciais e militares pode levar quanto tempo? Gostaria de saber.,0,2026-08-13
Ugy0VlwCvsDw3zV5_nV4AaABAg,lRS5rf_3eVs,Lula,@jorgeluizrodrigues7171,2026-08-04T14:49:25Z,Transparência é tudo parabéns a fáb e o ita,0,2026-08-13
Ugx27P8_yenfSiSYUMN4AaABAg,lRS5rf_3eVs,Lula,@evaldonascimento4675,2026-08-04T14:31:58Z,Importantíssimo para nossa independência... Parabéns ! Brasil !!  Podemos !!! Mudar para Brazil ? Um país agora de peso ; É viável esta proposta presidente lula. E.N.D.S. As grandes invenções devem primeiro atender ao Brasil ! Sr. Presidente. Obrigado. E.N.D.S. ( Acredito supostamente que talvez não iram aderir a está proposta ) ! Quem !! Vai !!! Dar importância ao suposto sentido da mesma.,1,2026-08-13
Ugy2Ws2cN8RTSAneY7p4AaABAg,lRS5rf_3eVs,Lula,@gvds2011,2026-08-04T03:15:03Z,NASCE A TURBINA DO GRIPEN BR2.0❤❤❤❤,0,2026-08-13
Ugxg34b4p4ah1n9NZHx4AaABAg,lRS5rf_3eVs,Lula,@marcelo53007,2026-08-03T18:01:24Z,"LULA NUNCA MAIS, ROUBO DO INSS FICOU POR ISSO MESMO, E VENDENDO TERRA  DO BRASIL PARA CHINA ⚠⚠⚠⚠⚠⚠⚠⚠",0,2026-08-13
UgyrvXinJxqP9TTDmaJ4AaABAg,lRS5rf_3eVs,Lula,@geraldocesarrodrigues8285,2026-08-03T03:20:24Z,"Mais um marco histórico da maior relevância para o nosso Brasil; e isso só poderia mesmo acontecer, se cocretizar no Governo do Presidente Lula/Alckmin. Excelente . Excelente.",0,2026-08-13
UgxnFUmrKo7RpnvFUvp4AaABAg,lRS5rf_3eVs,Lula,@jaouviu5939,2026-08-03T03:03:55Z,Rapaz bato palmas para isso. Isso é soberania,0,2026-08-13
Ugy_64td91hAYZ9sgdN4AaABAg,lRS5rf_3eVs,Lula,@Douglasiferreira-e2p,2026-08-02T19:51:40Z,"A esquizofrenia é um transtorno mental crônico que afeta a forma como a pessoa percebe a realidade, pensa, sente e se comporta. Esse homem tem dificuldade para organizar suas ideias e o seu discurso é sempre confuso e sem ligação com a realidade e a lógica.
É muito ardiloso e na sua bolha, pensa que é mais inteligente do que todos. É egocêntrico, nunca tem remorso dos erros que comete e é muito perigoso, pois pode matar 
ou mandar matar seus detratores e oponentes. Esse é o Lula.",0,2026-08-13
Ugz8pzA-79rFMIOaRjB4AaABAg,lRS5rf_3eVs,Lula,@brasiliabrasil6974,2026-08-02T19:45:35Z,XXXXXXXX,1,2026-08-13
Ugy6xWV4K_YDgJ0a_eF4AaABAg,lRS5rf_3eVs,Lula,@cadubocado,2026-08-02T16:24:49Z,"Poxa,! O presidente Lula se esforçando ao máximo para valorizar e apresentar aos brasileiros o progresso do país e os caras só se enrolam nas respostas. Por favor exército e empresários : Valorizem mais a boa comunicação que dialogue melhor com as massas.  🙏🙏🙏",0,2026-08-13
Ugz0DnSZkEjub6-xCDN4AaABAg,lRS5rf_3eVs,Lula,@natanmachado1444,2026-08-02T14:04:12Z,Tem ido ao supermercado presidente,0,2026-08-13
UgzG46CZkyMUxc9vhE54AaABAg,lRS5rf_3eVs,Lula,@clearodriguesrodrigues7236,2026-08-01T23:53:35Z,LuLa 2026❤❤❤❤,0,2026-08-13
Ugxv7RIMMEV3hgIwKI54AaABAg,lRS5rf_3eVs,Lula,@moreirasp,2026-08-01T23:18:59Z,Prendeu/Matou,0,2026-08-13
UgxHxmhR3goVvoTzXtt4AaABAg,lRS5rf_3eVs,Lula,@netoneto-v3p,2026-08-01T23:10:24Z,"Melhor e lula, pelo lomenos nao entrega o ouro de mao beijada, enquanto os coreios ,bolsonaro deichou quebrar ne, sei contar que vendeo petrolio que  nem tinha saido da bomba,  e verdade ;enquanto isso,  Lula fas o que fas! parabens lula em 2027 nos ganha!",0,2026-08-13
Ugzdr5Ul755R96Y0Mid4AaABAg,lRS5rf_3eVs,Lula,@netoneto-v3p,2026-08-01T22:39:58Z,Lula dinovo em 2027 ate2031!,0,2026-08-13
UgzB0AcaTX0C6ijwdwx4AaABAg,lRS5rf_3eVs,Lula,@juninhorodrigues5595,2026-08-01T18:07:05Z,ZÉTRE ZÉTRE ZÉTRE ZÉTRE ZÉTRE ZÉTRE ZÉTRE ZÉTRE ZÉTRE ZÉTRE ZÉTRE ZÉTRE ZÉTRE ZÉTRE ZÉTRE ZÉTRE ZÉTRE ZÉTRE ZÉTRE ZÉTRE ZÉTRE ZÉTRE ZÉTRE ZÉTRE,0,2026-08-13
Ugzyx_5KtJC8bIukCBR4AaABAg,lRS5rf_3eVs,Lula,@lemalijo,2026-08-01T17:12:55Z,"Da Vinci era um gênio, tem rascunhos de tanta coisa que hoje existem, além da Monalisa....Pintou pouco porque precisava sobreviver e quem pagava , na época,eram os poderosos que queriam armas pra guerra. Davinci , mesmo odiando as guerras, fabricava tanques e tudo mais que foi usado para conquistar outros povos...Os reis não queriam arte e sim armas para manter seu poder. Para bom entendedor... captou meu recado!??",0,2026-08-13
UgwLtp7hjBR-wVYzca94AaABAg,lRS5rf_3eVs,Lula,@MarcosSilva-kr6qx,2026-08-01T15:06:11Z,"O melhor presidente que o Brasil já teve Luis Inácio Lula da Silva 
Estamos juntos para mais um mandato com fé em Deus 
Lula presidente 2026 até 2030.
Força presidente, vamos todos juntos Brasileiros a desenvolver nossa amada nação",2,2026-08-13
UgwndUJ8PLp9XWFJdMp4AaABAg,lRS5rf_3eVs,Lula,@josepereiradematos2313,2026-08-01T10:56:23Z,Amem❤❤❤❤❤❤.1313,0,2026-08-13
Ugx1liBrHJbWrc0RRSZ4AaABAg,lRS5rf_3eVs,Lula,@wilsonsantos384,2026-08-01T07:22:54Z,"quer dizer que, todos que criarem, produzem o crédito vai para o Presidente? 😂",0,2026-08-13
Ugz7AnxIQqAzHo42Cnx4AaABAg,lRS5rf_3eVs,Lula,@wilsonsantos384,2026-08-01T07:15:31Z,não tinha outro para falar sobre o assunto?,0,2026-08-13
Ugw3Z9qwCccRtMysv5N4AaABAg,lRS5rf_3eVs,Lula,@edwaldocamargo4387,2026-08-01T03:39:55Z,Sr Lula mais uma vez peço para o Sr reforçar ao máximo a segurança pública no DF reforçar ao máximo a segurança do palácio do Planalto e palácio da Alvorada por favor por favor,0,2026-08-13
Ugw5rtMlfys1hUBMSah4AaABAg,lRS5rf_3eVs,Lula,@valdomirocarvalholima8801,2026-08-01T02:51:57Z,Parabéns a todos envolvidos nesse projeto,0,2026-08-13
Ugxn9QlIlMOsLof2XEx4AaABAg,lRS5rf_3eVs,Lula,@TomioShimizu,2026-08-01T02:08:14Z,"O Presidente Lula, não só recolocou o Brasil nos Trilhos novamente (TRANSNORDESTINA em fase Final e, Finalização da Transposição das águas do Velho Chico) , como, está dando ASAS que, certamente, levará o País a Levantar Voos tão altos como NUNCA ANTES, sequer ¨sonhado¨.....Parabens a Todos os Brasileiros que Votaram no Lula e, certamente Votarão novamente, na próxima eleição!!!!!!",0,2026-08-13
UgxhBxd4qxazb9nzs6F4AaABAg,lRS5rf_3eVs,Lula,@TomioShimizu,2026-08-01T01:57:13Z,"O mais engraçado nesse vídeo são os BOSTAnaristas Pagos comentando no chat, ¨gastando os seus Tempos e Teclados kkkkkkkkkkkkkkkkkkkkkkkkkkkkkkkkkkkkkkkkkkkkkkkkkkkkkkkkkkkkkkkkkkkkkkkkkkkkkkkkkkkkkkkkkkkkkkkkkkkkkkkkkkkkkkkkkkkk",0,2026-08-13
Ugxs-0nyDVv8YSI5Ocd4AaABAg,lRS5rf_3eVs,Lula,@aguinaldosilvano,2026-08-01T01:03:09Z,O Brasil criando sua própria tecnologia para o futuro.,0,2026-08-13
Ugwajt5p8BynEK0Pr6B4AaABAg,lRS5rf_3eVs,Lula,@GersonAlmeida-d2p,2026-07-31T23:16:54Z,Turbina pra drones movida a etanol é espetacular. Cana de açúcar e beterraba voando pelos céus! 👍🏻😮,0,2026-08-13
UgzWDZNrlqL6OA6j5D94AaABAg,lRS5rf_3eVs,Lula,@alexandremartins8619,2026-07-31T20:50:19Z,Meu presidente eu quero o fim da escala 6x 1 pra cima deles.,0,2026-08-13
UgwiSI9LUR_bP8qlGlJ4AaABAg,lRS5rf_3eVs,Lula,@zedorlando7497,2026-07-31T15:02:37Z,PARABENS PRESIDENTE E TODOS OS QUE ESTÃO ENVOLVIDO COM ESSA OBRA MARAVILHOSA,0,2026-08-13
UgypFcwxXso0BhEW1zR4AaABAg,lRS5rf_3eVs,Lula,@altairfranciscoperreira8856,2026-07-31T14:54:49Z,"Bom dia meu presidente 
Essas notícias maravilhosas tem que viralizar, para que nosso povo veja que temos um governo que  trabalha e não o desgoverno daquele vagabundo que infelizmente tivemos anteriormente",0,2026-08-13
Ugy1-UwSuDXzQN1TXEd4AaABAg,lRS5rf_3eVs,Lula,@cleideribeirobezerra681,2026-07-31T14:35:00Z,O Brasil no caminho do desenvolvimento! 👏🏼👏👏🏿🎉🎊♥️🤩🥰,0,2026-08-13
UgyNfy7A8tCjOye4H8N4AaABAg,r1fjCmJt1kc,Renan Santos,@TataTata-d2p,2026-08-13T16:48:08Z,Boa Renan força estamos juntos,0,2026-08-13
UgyxdsRZyihkslJDAGZ4AaABAg,r1fjCmJt1kc,Renan Santos,@Sandro-j7y,2026-08-13T15:44:51Z,Eu quero é Renan Presidente!!!,0,2026-08-13
Ugxs-n5_MIoJlzmLZL14AaABAg,r1fjCmJt1kc,Renan Santos,@putodimanchester,2026-08-13T15:24:25Z,"Vem para Bahia, esse sim eu iria ver",0,2026-08-13
Ugz_jfwowFGSKi3jGGV4AaABAg,r1fjCmJt1kc,Renan Santos,@cleitonserrao4743,2026-08-13T15:03:07Z,Eu voto Renan Santos,0,2026-08-13
Ugxw3GYM01SjYCOaMtJ4AaABAg,r1fjCmJt1kc,Renan Santos,@advogadoBraianCastro,2026-08-13T14:31:09Z,"1 - tem que colocar uma cláusula na constituição federal impondo que nenhum servido público tenha como, salário, vencimento, remuneração ou soldo acima de 20 salários mínimos. Se a pessoa quer ficar ficar ela tem que empreender e não através de cargo público.

2 - tem que tirar o poder do juíz. E transferir para um júri. Não estampas mais na monarquia, o juíz tem certeza que é um Deus supremo no Brasil. Todavia, todas as causas, criminais, cíveis, trabalhista, empresarial deveriam ser expostas há um júri. O juíz atuaria simplesmente para manter a ordem do jogo, vendo se as manifestações dos advogados são legais ou não. 

3 - aumentar a pena dos crimes praticados contra administração pública para o teto, a exemplo 30 a 40 anos. Marcelo Odebrecht os irmãos da jbs roubaram juntamente com outros políticos envolvidos em escândalos de bilhões de reais, não ficaram bem 3 anos presos, e hoje são considerados celebridades.

4 - membros do STF devem poder ficar só 04 anos. Devem ser eleitos pelo povo. Devem ser juíz de carreira.",0,2026-08-13
Ugzy5MTO5veT0pqzmuZ4AaABAg,r1fjCmJt1kc,Renan Santos,@andrekairalla,2026-08-13T14:11:41Z,"""""""""""""""""""""""""""""""""Você não sente nem vê, mas eu não posso deixar de dizer, meu amigo
Que uma nova mudança em breve vai acontecer
E o que há algum tempo era jovem e novo, hoje é antigo
E precisamos todos rejuvenescer""""""""""""""""""""""""""""""""",0,2026-08-13
Ugx9R4oLDO31KaMohyF4AaABAg,r1fjCmJt1kc,Renan Santos,@rhobertbatista6088,2026-08-13T13:56:52Z,"Antes de querer tirar as pessoas da favela, tem que tirar o conceito de favela da cabeça das pessoas, pode colocar elas num condomínio MRV da vida, aquilo ainda vai virar uma favela por causa da mente das pessoas.",0,2026-08-13
UgyHooIWCwJ1LgbQLXR4AaABAg,r1fjCmJt1kc,Renan Santos,@caique1798,2026-08-13T13:37:18Z,14 🐆🐆🐆🐆,0,2026-08-13
Ugywm5p_X7dp4k9p6ex4AaABAg,r1fjCmJt1kc,Renan Santos,@migueluahara1314,2026-08-13T13:21:30Z,14,0,2026-08-13
UgwT3dmm99psvKCUrC54AaABAg,r1fjCmJt1kc,Renan Santos,@giovannimendescardoso1109,2026-08-13T13:17:06Z,Eu creio .. cadê os candidatos dando metas ?,0,2026-08-13
UgyxV55ImEpAQVXNhvd4AaABAg,r1fjCmJt1kc,Renan Santos,@SWKYT,2026-08-13T12:36:56Z,Papo de PIB de 15 trilhão 🙌🛞🇧🇷⚖️🏦,0,2026-08-13
UgxvKpAmLM0JOyK7HE14AaABAg,r1fjCmJt1kc,Renan Santos,@EI-FOOTBALDLS26,2026-08-13T11:54:11Z,Aqui de Natal votando em RENAN !!,0,2026-08-13
Ugxc8oNxraWYsVt4E8R4AaABAg,r1fjCmJt1kc,Renan Santos,@augusto_ka,2026-08-13T11:12:12Z,❤❤❤❤,0,2026-08-13
UgyO3_SiA9r2rrAc9DN4AaABAg,r1fjCmJt1kc,Renan Santos,@gabrielronzani7338,2026-08-13T09:40:28Z,14,0,2026-08-13
UgztRZiohEsDbNn3DrB4AaABAg,r1fjCmJt1kc,Renan Santos,@alankoks06,2026-08-13T06:57:09Z,"Pra cima.

O futuro é glorioso!",0,2026-08-13
UgwhZdwFlt1qq2SZAmB4AaABAg,r1fjCmJt1kc,Renan Santos,@051_bryan7,2026-08-13T05:05:20Z,Chega de Lula e velha política. Renan Santos 14 🇧🇳🇧🇳🐆🐆,1,2026-08-13
UgyxRD_QyY5bY_4712J4AaABAg,r1fjCmJt1kc,Renan Santos,@DailyMBL,2026-08-13T03:32:16Z,1️⃣4️⃣⬜🟨⬛🔥,1,2026-08-13
UgxpIadwaMF4_6gZ6nZ4AaABAg,r1fjCmJt1kc,Renan Santos,@DesenhosAnimados-o6o,2026-08-13T02:57:07Z,TRAGAM-ME UMA URNA URGENTE!!!,0,2026-08-13
UgztgT_pIkyEiZ1y-op4AaABAg,r1fjCmJt1kc,Renan Santos,@doug1810,2026-08-13T02:43:36Z,Renan Santos para presidente do Brasil! Nro 14. Partido Missão!💪💪💪👏👏👏👏,1,2026-08-13
UgzztUDa5qeAcHPrwXx4AaABAg,r1fjCmJt1kc,Renan Santos,@luizbidart7545,2026-08-13T01:47:33Z,ARREBENTA RENAN...,0,2026-08-13
UgwmfbDz6chegChBGTl4AaABAg,r1fjCmJt1kc,Renan Santos,@maikonnaydd2022,2026-08-13T01:46:37Z,E aqui no norte mais especificamente no clã Barbalho  já tem candidato do ( Missão) ???,0,2026-08-13
UgyZeEZgRzdBsiNbW0h4AaABAg,r1fjCmJt1kc,Renan Santos,@GeisaColossi,2026-08-13T01:31:54Z,RENAN SANTOS-PRESIDENTE-14!!🎉🎉🎉🎉🎉🎉🎉🎉🎉🎉🎉🎉🎉🎉🎉🎉🎉,0,2026-08-13
UgzefCb5U-eFl96WnhV4AaABAg,r1fjCmJt1kc,Renan Santos,@reginacavicchioli9098,2026-08-13T01:00:01Z,Você tem meu voto tá,0,2026-08-13
UgyXm2YXwldssGU2gZp4AaABAg,r1fjCmJt1kc,Renan Santos,@Saloba069,2026-08-13T00:32:09Z,Mas já está diminuindo os homicídios.,0,2026-08-13
Ugx7PM0PC6aMPBx99fB4AaABAg,r1fjCmJt1kc,Renan Santos,@silviagois7285,2026-08-13T00:12:44Z,Vamos atualizar nossa Constituição que hoje é um conjunto de cosméticos pra esconder a corrupção.,0,2026-08-13
UgwXB7KpbN8py-0wxLJ4AaABAg,r1fjCmJt1kc,Renan Santos,@silviagois7285,2026-08-13T00:10:10Z,"Quero dar o voto de confiança ao Renan.
O Brasil merece sair desse mar de corrupção de Lula e Bozo.....",0,2026-08-13
UgxMoGXLFs16rVmtLSB4AaABAg,r1fjCmJt1kc,Renan Santos,@ruthsouza2085,2026-08-13T00:03:45Z,"Eu trabalho de aplicativo, sinto muito para quem diz não fala de política no app, eu tô é fazendo campanha para o Renan...",0,2026-08-13
UgwiomGcLtUd80MM-W14AaABAg,r1fjCmJt1kc,Renan Santos,@nathanalvesss,2026-08-12T23:55:45Z,1️⃣4️⃣🇧🇷,0,2026-08-13
UgxnR7Vr6VeohfmExVh4AaABAg,r1fjCmJt1kc,Renan Santos,@edldl1110,2026-08-12T23:44:52Z,"Todo mundo sabe como fazer o país decolar, mas eles nao querem. Precisamos nos vingar dos políticos. Tirar os esquemas deles é pior que a morte pros safados.",0,2026-08-13
UgzFaNQgCjH1SH-XUb94AaABAg,r1fjCmJt1kc,Renan Santos,@brunobrf3165,2026-08-12T23:24:25Z,Ceará precisa mesmo de Segurança Pública  nota 10 🕶 !,0,2026-08-13
UgyQMi7sWJ69xOM77Fd4AaABAg,r1fjCmJt1kc,Renan Santos,@Cortespalavraefe,2026-08-12T23:22:33Z,1️⃣4️⃣,1,2026-08-13
UgxSByabQHFK5U1Abql4AaABAg,r1fjCmJt1kc,Renan Santos,@leonardoribeiro8847,2026-08-12T22:56:46Z,Vc vai ter q fazer uma  revolução nos 3 poderes,1,2026-08-13
Ugwu-CnocYQhVGn3C_Z4AaABAg,r1fjCmJt1kc,Renan Santos,@AgnelsonReis,2026-08-12T22:53:00Z,Estou com vc Renan,0,2026-08-13
UgxoKMJbfgXHCKaOOo94AaABAg,r1fjCmJt1kc,Renan Santos,@ValmirFerreira-z3d,2026-08-12T22:33:45Z,Mentiroso miliciano,0,2026-08-13
UgyTJq5A_iPIyPVuwQN4AaABAg,r1fjCmJt1kc,Renan Santos,@CristianoLeonardo-b4s,2026-08-12T22:33:38Z,Sei se é verdade.,0,2026-08-13
Ugzm13kGfJWS6ephnMV4AaABAg,r1fjCmJt1kc,Renan Santos,@ehellora,2026-08-12T22:18:26Z,"14 MISSÃO, com RENAN SANTOS. Nunca foi tão fácil escolher o melhor.1️⃣4️⃣✅🟨⬜⬛🐆. Para um Brasil soberano, com lei e ordem, onde trabalhar compensa MUITO, e o país cresce e evolui.",0,2026-08-13
Ugzzk08iKbXJE7GU1Ix4AaABAg,r1fjCmJt1kc,Renan Santos,@Zetsu_yuriato,2026-08-12T22:03:43Z,Missão!,0,2026-08-13
Ugy3HhL-C3LNZucugy94AaABAg,r1fjCmJt1kc,Renan Santos,@CarlosOliveira-x6g8c,2026-08-12T21:51:02Z,"Coloca uma meta dobrar o salário minimo em 2 anos . Pq Dilma,  temer , bosta lula e rachadinha e lixonaro detonaram o salário mínimo.",1,2026-08-13
UgxH2T_4eqzxGLAuL914AaABAg,r1fjCmJt1kc,Renan Santos,@cliqueimarketing,2026-08-12T21:21:47Z,Flavio nem chega perto... bora logo passar ai pro renan.. se ficar pro seg turno.. vai ficar pro flavio..,0,2026-08-13
UgwA_H3Tch8HZxskL2d4AaABAg,r1fjCmJt1kc,Renan Santos,@cristhianjurinich503,2026-08-12T21:17:40Z,Renan Santos nosso presidente 14,0,2026-08-13
UgyeqLMK0RwZLga-2kh4AaABAg,r1fjCmJt1kc,Renan Santos,@j.michael4036,2026-08-12T21:14:04Z,Nem o tarcisio prometeu tantas coisas Mas primeiro turno eu sou Renan Santos 14,0,2026-08-13
Ugwx6u3DipNE2UYn3GJ4AaABAg,r1fjCmJt1kc,Renan Santos,@lucimarcassola,2026-08-12T20:50:09Z,"Põe na fenda 
Todos funcionários 
Públicos teriam que fazer exame toxicológico.
De A a Z",0,2026-08-13
UgyEO88eV_XWws_z60N4AaABAg,r1fjCmJt1kc,Renan Santos,@brunoteixeira7277,2026-08-12T20:37:03Z,"30 mil Renan? Passa dos 40 mil todos os anos, só corrigindo esse ponto!!",0,2026-08-13
UgxriC-vK-nZIzdmZlx4AaABAg,r1fjCmJt1kc,Renan Santos,@omelhor296,2026-08-12T20:35:20Z,Nosso PRESIDENTE RENAN SANTOS,1,2026-08-13
Ugyf2UeijzM6fPJlqcJ4AaABAg,r1fjCmJt1kc,Renan Santos,@omelhor296,2026-08-12T20:35:10Z,Nosso PRESIDENTE RENAN SANTOS,1,2026-08-13
UgzylfU0JFkVchAL3bN4AaABAg,r1fjCmJt1kc,Renan Santos,@omelhor296,2026-08-12T20:35:02Z,Nosso PRESIDENTE RENAN SANTOS,1,2026-08-13
Ugw01bZz-tXDRE_eJsp4AaABAg,r1fjCmJt1kc,Renan Santos,@abel7420,2026-08-12T20:33:07Z,"Não sei como ainda tem gente que não acredita no Renan Santos e no MBL, pois eles literalmente tem as melhores propostas, os melhores plano e falam a verdade sem medo. Parece que se recusam a olhar para o quadro geral e insistem em focar em uma fração dos fatos ao invés de olhar o quadro geral.",0,2026-08-13
UgydGbMy7pTndJoAjBd4AaABAg,r1fjCmJt1kc,Renan Santos,@glaubermoraesdesouza5532,2026-08-12T20:05:50Z,Bora com Renan santos galera,0,2026-08-13
Ugzw1poyitLvD0EIWe14AaABAg,r1fjCmJt1kc,Renan Santos,@guiii5819,2026-08-12T19:38:16Z,"Interessante, é nosso dever cobrar para que o Renan realmente cumpra com essas metas, não podemos fechar os olhos e deixar apenas na promessa.",2,2026-08-13
Ugw32tr75tsVGwrepAt4AaABAg,r1fjCmJt1kc,Renan Santos,@Uncknow-b8e,2026-08-12T19:29:02Z,Avante 14,0,2026-08-13
UgwJldsXYPVteryy-X94AaABAg,IUmluPpBtkY,Renan Santos,@Sandro-j7y,2026-08-13T15:47:11Z,Eu quero é Renan Presidente!!!,0,2026-08-13
UgyZ4O6uKaABno52-P54AaABAg,IUmluPpBtkY,Renan Santos,@lucasferreira7536,2026-08-13T15:28:10Z,Vamoo. 14,0,2026-08-13
UgytQySvlhUHoExg2QZ4AaABAg,IUmluPpBtkY,Renan Santos,@advogadoBraianCastro,2026-08-13T14:31:22Z,"1 - tem que colocar uma cláusula na constituição federal impondo que nenhum servido público tenha como, salário, vencimento, remuneração ou soldo acima de 20 salários mínimos. Se a pessoa quer ficar ficar ela tem que empreender e não através de cargo público.

2 - tem que tirar o poder do juíz. E transferir para um júri. Não estampas mais na monarquia, o juíz tem certeza que é um Deus supremo no Brasil. Todavia, todas as causas, criminais, cíveis, trabalhista, empresarial deveriam ser expostas há um júri. O juíz atuaria simplesmente para manter a ordem do jogo, vendo se as manifestações dos advogados são legais ou não. 

3 - aumentar a pena dos crimes praticados contra administração pública para o teto, a exemplo 30 a 40 anos. Marcelo Odebrecht os irmãos da jbs roubaram juntamente com outros políticos envolvidos em escândalos de bilhões de reais, não ficaram bem 3 anos presos, e hoje são considerados celebridades.

4 - membros do STF devem poder ficar só 04 anos. Devem ser eleitos pelo povo. Devem ser juíz de carreira.",0,2026-08-13
UgxAYzFV0D3aWAjxxS54AaABAg,IUmluPpBtkY,Renan Santos,@thelordbills6554,2026-08-13T13:12:35Z,🎉🎉,0,2026-08-13
Ugys5KyhnebD45B8lMp4AaABAg,IUmluPpBtkY,Renan Santos,@joao876batista,2026-08-13T10:25:34Z,Renan Santos 14 👏👏💪 💪,0,2026-08-13
Ugy7XbBIxDHrh1jMd714AaABAg,IUmluPpBtkY,Renan Santos,@robsonganzadamanga,2026-08-13T09:55:55Z,LULA PRESIDENTE!!!,0,2026-08-13
UgxOTwmTRXfmdHcIlpt4AaABAg,IUmluPpBtkY,Renan Santos,@jotasousa_x,2026-08-13T02:56:42Z,o maior objetivo é vencer o Qi 83,0,2026-08-13
UgzUEE_jHBGIFUxV60h4AaABAg,IUmluPpBtkY,Renan Santos,@CarolineAtriz,2026-08-13T00:36:29Z,O Renan só para você entender quem deu a candidatura para o Flávio bolsonaro foi o pai dele o Jair bolsonaro entendeu agora Ou você quer que eu desenhe,0,2026-08-13
UgzYwefAZvy_UsAC3sh4AaABAg,IUmluPpBtkY,Renan Santos,@Saloba069,2026-08-13T00:34:21Z,"Renan Santos, o farsante, o fraco, o corrompido! 
Renan Santos, aquele que trocou os milhões na rua pelos milhões na conta.",0,2026-08-13
UgxKbX7_TxKcNNApNYt4AaABAg,IUmluPpBtkY,Renan Santos,@josemarioporfirio,2026-08-13T00:13:08Z,Pra cima o futuro é glorioso!,0,2026-08-13
UgyKiZLhRsoh95smA2N4AaABAg,IUmluPpBtkY,Renan Santos,@MWdetudotv,2026-08-12T23:46:39Z,❤❤❤❤❤❤🎉,0,2026-08-13
Ugxz8P1aHZfLCvzi4Sx4AaABAg,IUmluPpBtkY,Renan Santos,@LucasBrito-h3u,2026-08-12T23:34:44Z,"o voto é obrigatório, a presença dos candidatos nos debates deve ser também",0,2026-08-13
UgxZhcRB311WL6hHZ754AaABAg,IUmluPpBtkY,Renan Santos,@silviagois7285,2026-08-12T23:05:22Z,DEUS nos defenda ☝️🥂,1,2026-08-13
Ugzii1jMQ_jHX7q23D94AaABAg,IUmluPpBtkY,Renan Santos,@givanildocastro6918,2026-08-12T22:28:34Z,Não concordo com esse tipo de política porque a ideia com certeza é tirar o ladrão do poder agora a atacar a direita que no segundo turno temos que nos unir no final essas falas será o peso final.,0,2026-08-13
Ugy6uehSSdlHLNCn5i94AaABAg,IUmluPpBtkY,Renan Santos,@wilson9466,2026-08-12T22:25:40Z,14,0,2026-08-13
UgzfruBeWm8hFL3rXY14AaABAg,IUmluPpBtkY,Renan Santos,@willisonfelipe4144,2026-08-12T20:57:07Z,"Sem glorificar o Renan, mas no momento eu vou confiar nas propostas dele, mesmo sabendo que oque ele está propondo não é fácil de fazer em 4 anos, já é um passo. Então vou votar nele com certeza, mas não vamos cometer o mesmo erro dos Bolsonaristas e endeusar um político e ficar cegos da realidade.",0,2026-08-13
UgzjbdMiQ-GfuolKQ1t4AaABAg,IUmluPpBtkY,Renan Santos,@edwardfelipeviana5393,2026-08-12T20:33:53Z,Estou gostando do discurso desse Renan finalmente uma vertente fora do trivial,0,2026-08-13
UgxQvynTW7o-lV0tjJ94AaABAg,IUmluPpBtkY,Renan Santos,@AdelsonMoura-t9u,2026-08-12T20:24:15Z,Desde a espanha tenho fé em vc força brasillllllll,0,2026-08-13
Ugy3_6tWjgNdhhPBhYF4AaABAg,IUmluPpBtkY,Renan Santos,@davihcbastos,2026-08-12T19:24:04Z,Vai Renan!,0,2026-08-13
UgxXpKrC7vP2ubPYh7J4AaABAg,IUmluPpBtkY,Renan Santos,@alisondamasceno-m7e,2026-08-12T18:05:49Z,Pra cima Renan,0,2026-08-13
Ugy1zJJFaMES3YheTHF4AaABAg,IUmluPpBtkY,Renan Santos,@clebersonsilva3816,2026-08-12T17:15:50Z,Vamos surpreender nas urnas o futuro será glorioso ⬛🟨⬜ só a missão na eleição.,0,2026-08-13
Ugxuqmf1ax5VTNyQq-Z4AaABAg,IUmluPpBtkY,Renan Santos,@mariojunior1305,2026-08-12T16:52:42Z,Dá-lhe Missão! Dá-lhe Renan!,0,2026-08-13
Ugzd4q1ow6aEs4UEAkR4AaABAg,IUmluPpBtkY,Renan Santos,@NoNameUserxyz,2026-08-12T16:33:19Z,Acho que arrumar treta com o Flávio é uma perda de tempo e burrice quando existe um inimigo muito maior e pior...,0,2026-08-13
Ugx-PcrVL5zdcFJsK_p4AaABAg,IUmluPpBtkY,Renan Santos,@LoroteirosDoYoutube,2026-08-12T16:15:44Z,14 Neles,0,2026-08-13
UgwzWif8QC4U5zEGJGZ4AaABAg,IUmluPpBtkY,Renan Santos,@InvasãoTrump,2026-08-12T15:35:42Z,"Entenda o golpe: Flávio e Lula HOJE pertence ao mesmo grupo político PL/PT, que estão unidos lutando pela mesma ideologia de roubar o Brasil e fingir que o poder está alternando de esquerda pra direita. Eles se reúnem em festas, surubas, acordos financeiros com o banco Master. Por isso nós escolhemos o Renan Santos.",0,2026-08-13
UgxNDa__hedNtVKxfbt4AaABAg,IUmluPpBtkY,Renan Santos,@profissionaldevalorbr,2026-08-12T15:35:23Z,Por mais que tente. A eleição é entre Lula e Bolsonaro. Terceira via não existe,0,2026-08-13
UgyJ0aEnB2DJjWEBCZx4AaABAg,IUmluPpBtkY,Renan Santos,@addictedplayer4453,2026-08-12T15:30:48Z,Infelizmente lula ganhará de novo. Muito ignorante querendo esmola,0,2026-08-13
UgyL59_cv_1K6lPclgJ4AaABAg,IUmluPpBtkY,Renan Santos,@ViniciusDaSilvaClemente,2026-08-12T14:57:30Z,Renan Santos 14,1,2026-08-13
Ugyabf_qx4wFC3yn-_54AaABAg,IUmluPpBtkY,Renan Santos,@Sandra-t8c,2026-08-12T13:12:14Z,"Gente vamos tirar logo esse negócio de Lula e bolsonaro 
Vamos mudar da chance pra outro",0,2026-08-13
Ugyabf_qx4wFC3yn-_54AaABAg.A_PkNBtYpK1A_PyPSpH1LT,IUmluPpBtkY,Renan Santos,@Hr.M,2026-08-12T15:14:53Z,Bolsopetismo😳,0,2026-08-13
UgyuvGIqHejvum6wAoV4AaABAg,IUmluPpBtkY,Renan Santos,@WallaceHolandaDocumentarios,2026-08-12T12:55:52Z,"Avante, Renan! É a nossa Missão!",0,2026-08-13
UgyWZuy0mAb5O7_xHah4AaABAg,IUmluPpBtkY,Renan Santos,@gustavoperegrino5193,2026-08-12T12:25:53Z,Renan santos melhor candidato 2026,0,2026-08-13
UgwQBm0SdlBJAd5ZzeV4AaABAg,IUmluPpBtkY,Renan Santos,@pinhapoli9580,2026-08-12T12:24:01Z,🖤🐆💛 Renan Santos - Missão  1️⃣4️⃣,0,2026-08-13
UgzOdigeqoxENhcWHLx4AaABAg,IUmluPpBtkY,Renan Santos,@jefersonsantana2886,2026-08-12T12:23:45Z,O futuro é glorioso 🇧🇷,0,2026-08-13
UgypFSR-PtOAhSB6jyB4AaABAg,IUmluPpBtkY,Renan Santos,@williammarinho2239,2026-08-12T12:07:19Z,"Renan, vc é um esquerdista, vc não é o que fala, vc é o novo Lula, a missão nome de esquerdista!",0,2026-08-13
UgypFSR-PtOAhSB6jyB4AaABAg.A_PcwdSGDR_A_PhOMRfM9b,IUmluPpBtkY,Renan Santos,@LuizFelipeLuizaoMisterL,2026-08-12T12:46:11Z,"Você acreditou mesmo no Jeffrey Chiquinha?! 😂😂😂😂😂😂😂😂😂😂😂😂😂😂😂😂😂😂😂😂😂😂😂😂. Confia que o Renan é o novo Lula, confia 😂😂😂😂😂😂😂😂😂😂.",0,2026-08-13
UgypFSR-PtOAhSB6jyB4AaABAg.A_PcwdSGDR_A_PmWL2585O,IUmluPpBtkY,Renan Santos,@Clone_Trooper14,2026-08-12T13:30:58Z,"Teu rachadinha promete dar celular de graça para as mulheres, parece o Lula prometendo dar coisas pro povo e não dando, e quando dar é esmola. Aí você vem com essa kkkk, acorda que Renan é mais de direita que ele",0,2026-08-13
Ugye2mCRaDMzDPlMO_l4AaABAg,IUmluPpBtkY,Renan Santos,@edsonroberto5960,2026-08-12T11:57:29Z,O futuro é glorioso 1️⃣4️⃣⬛️⬜️🟨🐆,0,2026-08-13
Ugwy5wYQHPT76huNdN94AaABAg,IUmluPpBtkY,Renan Santos,@geannduarte9860,2026-08-12T11:05:23Z,Único Futuro GLÓRIOSO 14 🐆🐆🐆,0,2026-08-13
Ugyx-fMwFX_XFcd4FHx4AaABAg,IUmluPpBtkY,Renan Santos,@gabrielnascimento4771,2026-08-12T10:52:21Z,"Bla Bla Bla 
A meta ataca o Flávio pra tenta derrubar ele e depois tenta o lula tá errado Renan 
Derrubar o lula e vai pro segundo turno com Flávio 
Vc bate no Flávio vc da poder ao lula  acordem",0,2026-08-13
Ugyx-fMwFX_XFcd4FHx4AaABAg.A_PVMZD9VdHA_Pha1k6MLx,IUmluPpBtkY,Renan Santos,@LuizFelipeLuizaoMisterL,2026-08-12T12:47:55Z,"Mentira, irmão! O que tu falou não é verdade! O Renan tá atacando os dois corretamente, não pra dar mais poder ao Luladrão ou ao Rachamaster! E é você que tem que acordar!",0,2026-08-13
UgxFjrHFKof5dNJ9_iJ4AaABAg,IUmluPpBtkY,Renan Santos,@willianvirgilio,2026-08-12T10:38:58Z,"O renan anuncinado Flavio bolsonaro O farsante, O fraco. Parece aqueles cavaleiros de game of thrones sendo anunciado sir duncan O Alto...😂",0,2026-08-13
Ugy3X81eBgG2GNX0Cod4AaABAg,IUmluPpBtkY,Renan Santos,@vazio6326,2026-08-12T10:26:27Z,O futuro está a nossa frente estaremos juntos nisso,0,2026-08-13
Ugw7Yu53j-cNTlMLMM14AaABAg,IUmluPpBtkY,Renan Santos,@valdrodrigues4558,2026-08-12T10:20:33Z,Cara caramba tô achando que você é extrema esquerda comunista .pq não ataca os comunista😅😅😅,0,2026-08-13
Ugw7Yu53j-cNTlMLMM14AaABAg.A_PRifX8S_pA_PyZAaO1Cw,IUmluPpBtkY,Renan Santos,@Hr.M,2026-08-12T15:16:13Z,"Bro, acha que tem comunist de verdade lá no poder? Lá só tem populista que adota qualquer discurso para continuar sugando dinheiro público",0,2026-08-13
UgwPaxwGgyPzMKq8TOV4AaABAg,IUmluPpBtkY,Renan Santos,@FábioWaindellPereiradosSantos,2026-08-12T10:20:25Z,É Renan porrah!,0,2026-08-13
Ugy_istLzPL3uYSDw394AaABAg,IUmluPpBtkY,Renan Santos,@antoniohbj19,2026-08-12T09:16:38Z,"Bom dia, Renan, gostaria de saber do senhor sobre o IVA, ou o split payment, gostaria da sua opinião.",0,2026-08-13
Ugx2rncIsUq-NEfTZAp4AaABAg,IUmluPpBtkY,Renan Santos,@UnderCutsM,2026-08-12T06:29:19Z,"¡NÓÓÓÓÓÓÓÓÓOS, ¡NÓÓÓÓÓÓÓÓÓS teremos um futuro Glorioso 🍷",1,2026-08-13
UgzKT-SjKy1KS84uljV4AaABAg,IUmluPpBtkY,Renan Santos,@bolsonaromelhorpresidente-w5o,2026-08-12T05:33:19Z,22 é bolsonaro! 🇧🇷🇧🇷,3,2026-08-13
UgzKT-SjKy1KS84uljV4AaABAg.A_OvqxqKbaBA_PhCryl0eM,IUmluPpBtkY,Renan Santos,@LuizFelipeLuizaoMisterL,2026-08-12T12:44:37Z,"Nem Luladrão, nem Flávio Rachamaster! É Renan Santos 14 nessa porra, irmão! O Rachamaster e o Luladrão não vão nem saber da carreta que atravessou eles, mas ambos tem um futuro: o xadrez na Papuda 😂😂 😂😂😂😂😂😂 🟨⬛⬜🇧🇷.",0,2026-08-13
UgxUpWXq8yzToJXFkCN4AaABAg,6JD9RNDh8f4,Renan Santos,@Hyaakkimaru,2026-08-13T16:43:52Z,Complicado esse país,0,2026-08-13
Ugw2Q18afmp9gJmtN7p4AaABAg,6JD9RNDh8f4,Renan Santos,@juliocamarao,2026-08-13T16:12:28Z,😂😂😂😂Suruba política. Mas é povo brasileiro que leva madeira.,0,2026-08-13
UgzKGpKYgpfOANSAEYR4AaABAg,6JD9RNDh8f4,Renan Santos,@paulortagrobrazil,2026-08-13T15:55:31Z,🤢🤢🤢🤢🤢🤮🤮🤮🤮🤮,0,2026-08-13
UgxNDQT_3eocZ0R-Znt4AaABAg,6JD9RNDh8f4,Renan Santos,@Flaviano-Alves,2026-08-13T15:24:37Z,Isso é uma vergonha,0,2026-08-13
UgxwlBuHTfIle0Sn77l4AaABAg,6JD9RNDh8f4,Renan Santos,@lucascoelho8417,2026-08-13T15:18:58Z,Flavioooooo não tem para ninguém,0,2026-08-13
UgzVuqepscKNHn6_1u54AaABAg,6JD9RNDh8f4,Renan Santos,@JoseSilvaa_,2026-08-13T15:14:07Z,Vcs estão todos dividindo e aí e aí vcs derrubam uns ao outros e lula vence as eleições deixam de ser covardes Renan tu tá muito baixo na pesquisa pare de derrubar os outros vc não entra nem deixa outro entrar pare de se fariseu,0,2026-08-13
Ugyh7utvfwgSptiN7rZ4AaABAg,6JD9RNDh8f4,Renan Santos,@rodrigopierami8111,2026-08-13T15:11:11Z,Novo Collor. Só o missão pode salvar o Brasil,0,2026-08-13
UgzzwOt4TqMyMAsUL6t4AaABAg,6JD9RNDh8f4,Renan Santos,@advogadoBraianCastro,2026-08-13T14:31:32Z,"1 - tem que colocar uma cláusula na constituição federal impondo que nenhum servido público tenha como, salário, vencimento, remuneração ou soldo acima de 20 salários mínimos. Se a pessoa quer ficar ficar ela tem que empreender e não através de cargo público.

2 - tem que tirar o poder do juíz. E transferir para um júri. Não estampas mais na monarquia, o juíz tem certeza que é um Deus supremo no Brasil. Todavia, todas as causas, criminais, cíveis, trabalhista, empresarial deveriam ser expostas há um júri. O juíz atuaria simplesmente para manter a ordem do jogo, vendo se as manifestações dos advogados são legais ou não. 

3 - aumentar a pena dos crimes praticados contra administração pública para o teto, a exemplo 30 a 40 anos. Marcelo Odebrecht os irmãos da jbs roubaram juntamente com outros políticos envolvidos em escândalos de bilhões de reais, não ficaram bem 3 anos presos, e hoje são considerados celebridades.

4 - membros do STF devem poder ficar só 04 anos. Devem ser eleitos pelo povo. Devem ser juíz de carreira.",0,2026-08-13
UgxA-gmR9xzyIX5DCi54AaABAg,6JD9RNDh8f4,Renan Santos,@otamarpetronetto8635,2026-08-13T14:30:43Z,A porca falando dos toucinho 😂😂😂😂,0,2026-08-13
UgwGcNWu_K857WNrBj14AaABAg,6JD9RNDh8f4,Renan Santos,@arnaldopinhooficial,2026-08-13T13:40:36Z,Uma podridão só,0,2026-08-13
UgwsqrkNoPnf0_SJHJl4AaABAg,6JD9RNDh8f4,Renan Santos,@homemdebarro9.9,2026-08-13T13:38:40Z,"Tu precisa dar um flagrante, sejam eles bolsonaristas ou não para tua narrativa? Coisas de adolescentes de 40 anos...  Sempre acha que tem razão...",0,2026-08-13
UgwsqrkNoPnf0_SJHJl4AaABAg.A_SNBboIk6GA_SNVgguVVX,6JD9RNDh8f4,Renan Santos,@homemdebarro9.9,2026-08-13T13:41:24Z,Cara pálida tu estás buscando votos de quem? Vendo mbl inútil que conseguiu eleger Kim kataguiri e já nem tá mais com você com o mbl tu também não que foi tua vertente política... Assassine a juventude política desse país...,0,2026-08-13
UgzNlu_Qelno83c4MR14AaABAg,6JD9RNDh8f4,Renan Santos,@carlosaugustojor,2026-08-13T12:48:14Z,O que chama atenção é Lula e Bolsonaro tudo junto. As brigas é só em público.,0,2026-08-13
UgwTbWFoUOgf-94OSld4AaABAg,6JD9RNDh8f4,Renan Santos,@MelLino-w2u5k,2026-08-13T12:27:00Z,Só não vi o Lula,0,2026-08-13
Ugy8Rb2H3-9OXDdMpTl4AaABAg,6JD9RNDh8f4,Renan Santos,@joneslouzada8857,2026-08-13T12:24:32Z,"Não estava ai, mas está correndo atrás do seu lugar ao (na) sol (piscina)!🤣",0,2026-08-13
UgwlhRtF_Xv-_oqLzu54AaABAg,6JD9RNDh8f4,Renan Santos,@SuperM.O.S.M,2026-08-13T12:18:58Z,"É difícil admitir isso, mas o Lula pode até matar, estrupa que ainda sim ganha as eleições. Infelizmente muita gente tem esse sujeito como uma espécie de salvador da pátria .",0,2026-08-13
UgzLMY8vciSJQD5TWfx4AaABAg,6JD9RNDh8f4,Renan Santos,@brunocoimbra7349,2026-08-13T12:17:25Z,"Ninguém do Missão foi convidado, se não estava também",0,2026-08-13
UgzT6G8Hw5uKDNOAgel4AaABAg,6JD9RNDh8f4,Renan Santos,@saibelam6015,2026-08-13T11:52:31Z,Isso só prova que são todos farinha do mesmo saco não importa o lado ambos são pilantras ladrões por isso que meu voto de confiança vai pro 14,0,2026-08-13
UgxLRemJE2kaZ0QBS8x4AaABAg,6JD9RNDh8f4,Renan Santos,@sandovalfernando5985,2026-08-13T10:48:23Z,Eu teria vergonha de aparecer nessa foto😂😂😂tudo baitola o foda e ser roubado por eles 😂😂😂,0,2026-08-13
UgwMY2McFPIbqHjCgtx4AaABAg,6JD9RNDh8f4,Renan Santos,@marcosrobertopedroza4561,2026-08-13T10:47:27Z,"Não tinha ninguém do MISSÃO na foto da piscina, mas no congresso nacional os políticos do MISSÃO votou tudo que o LULA drão mandou votar, votou porque? Santo ninguém é.",0,2026-08-13
Ugy8ZKaYgCdQSeFaPsF4AaABAg,6JD9RNDh8f4,Renan Santos,@Henricristooficial,2026-08-13T10:33:33Z,Tudo junto e misturado kkkkk só o crime.,0,2026-08-13
UgwIiQz_FLGYOyyiY4V4AaABAg,6JD9RNDh8f4,Renan Santos,@adrianocorreiadelima5324,2026-08-13T10:15:04Z,SURUBÃO 😂😂😂,0,2026-08-13
Ugzo3j4BgNlG91O-yR54AaABAg,6JD9RNDh8f4,Renan Santos,@PauloSalles-t4b,2026-08-13T09:37:50Z,"Fala de seu amiguinho , o que ele fou fazer na Ucrania.
E voce dando duas versões sobre a história de estrupo.
Explique pirquw seus olhos sempre estão arregalados.
Se voce é tão bom como se considera, porque as empresasa que comprava, nenhuma delas foi pra frente.",0,2026-08-13
UgwxBQEVpM3cATRkIQl4AaABAg,6JD9RNDh8f4,Renan Santos,@amina541106,2026-08-13T09:30:24Z,Faz um vídeo com aqueles esquemas policiais 😂 ia ficar divertido 😂,0,2026-08-13
Ugy-cXXxYTJyMrgi9954AaABAg,6JD9RNDh8f4,Renan Santos,@carloshenriquecastrodoss-li1om,2026-08-13T08:10:58Z,E dito isso os petistas e bolsonaristas vão dizer que é fake News,0,2026-08-13
UgxRM00V7KsiW02_9AB4AaABAg,6JD9RNDh8f4,Renan Santos,@djbokasuja,2026-08-13T08:10:39Z,Wesley Safadão KKKKKKKKK 😅,0,2026-08-13
UgzKwBaMGyrNzKRU_054AaABAg,6JD9RNDh8f4,Renan Santos,@djbokasuja,2026-08-13T08:10:07Z,Tudo farinha do mesmo saco,0,2026-08-13
UgzvCtPBxnDKinPiQ0Z4AaABAg,6JD9RNDh8f4,Renan Santos,@djbokasuja,2026-08-13T08:07:30Z,Quando falam Weverton Rocha eu lembro do Kim na hora.,0,2026-08-13
UgxWJsbr7eyh5-yZNA54AaABAg,6JD9RNDh8f4,Renan Santos,@user-uw5so6te5r,2026-08-13T07:20:54Z,Teu. Papal. Acumular. Votos pro lula.   Só. Mais  nada,0,2026-08-13
Ugz0ddW2lxEBY8LJrup4AaABAg,6JD9RNDh8f4,Renan Santos,@jaelsoeliasserafimserafim7166,2026-08-13T06:14:41Z,E do pdt,0,2026-08-13
UgwyRS-PhLPMYNsc3nl4AaABAg,6JD9RNDh8f4,Renan Santos,@carvalhosilva6220,2026-08-13T04:16:47Z,"O cara puxa a terceira linha para lidar ao Flávio, desse jeito até a sua mãe tem alguma ligação com alguém daí!",0,2026-08-13
Ugzy5frrt6-lTN42M1J4AaABAg,6JD9RNDh8f4,Renan Santos,@matheusbarrospr,2026-08-13T03:34:01Z,Eles são amigos,0,2026-08-13
Ugw7BYVr_wb1WTccH4l4AaABAg,6JD9RNDh8f4,Renan Santos,@sousacoelho,2026-08-13T03:15:03Z,Renan tu não ganha nem pra síndico kkkkkk ah tu voltou atrás para o Kim vim de deputado novamente pq vcs não tem ninguém com vcs kkkkkkkk,0,2026-08-13
UgxEPUZxirCZAFQjf114AaABAg,6JD9RNDh8f4,Renan Santos,@ezioantunes1012,2026-08-13T02:24:59Z,Vc é um larápio da pior espécie,0,2026-08-13
Ugz5GvJ6DtZzqX3_JB14AaABAg,6JD9RNDh8f4,Renan Santos,@luizgustavo2584,2026-08-13T02:15:20Z,E aí como resolver isso mesmo se você ganhasse a presidência não iriam deixar você governar o sistema não deixa ngm de bem governar esse país.,0,2026-08-13
Ugx5NF-3ykA35f2nGI94AaABAg,6JD9RNDh8f4,Renan Santos,@josewilsoncosta5433,2026-08-13T01:37:08Z,🐆🐆🐆🐆🐆💥💥💥🎯🎯🎯🇧🇷🇧🇷🇧🇷,0,2026-08-13
UgzV0jrZAGR7ya0-Cbl4AaABAg,6JD9RNDh8f4,Renan Santos,@Hospital-f6r7c,2026-08-13T01:21:12Z,Tu pega no Piu Piu ? 😂,1,2026-08-13
UgyMYPY9CBAtlYNEs4p4AaABAg,6JD9RNDh8f4,Renan Santos,@noelia-u5b,2026-08-13T00:56:45Z,Todo mundo junto e misturado pra arrasar com o Brasil 😢,0,2026-08-13
UgwpBG3uzf56fbGmbAB4AaABAg,6JD9RNDh8f4,Renan Santos,@MarcosSouza-rv8eh,2026-08-13T00:51:58Z,"E mesmo assim, são os dois candidatos com mais intenção de votos...por que brasileiro não se importa com corrupção hein??! Isso é muito estranho!! Quer dizer, nem todos os brasileiros 😢",0,2026-08-13
UgxeKiX_hA27Bft0LkJ4AaABAg,6JD9RNDh8f4,Renan Santos,@edivaldomouradasilva435,2026-08-13T00:37:53Z,Bolssopetismo juntos fudwndo  o povo!,0,2026-08-13
UgyLSH-DlmuJ95oUA-F4AaABAg,6JD9RNDh8f4,Renan Santos,@Saloba069,2026-08-13T00:34:48Z,Se tivesse loira sem dúvida o Renan estaria.,0,2026-08-13
UgzrW04kXKKJcUmekyR4AaABAg,6JD9RNDh8f4,Renan Santos,@xandokalmeida2023,2026-08-13T00:32:41Z,Todos golpistas,0,2026-08-13
Ugx7etn9WqlWsX1Sx5p4AaABAg,6JD9RNDh8f4,Renan Santos,@paulosergiosilveira2100,2026-08-13T00:17:41Z,"Misericórdia, como pode alguém votar em Lula ou Flávio, são farinha do mesmo saco, comem bem nas nossas custas, Lula e Flávio briga na frente dos eleitores e comem a picanha juntos por trás das câmeras.
Acorda Brasil 
Acorda eleitor",0,2026-08-13
UgyxzttQQdAOX0t1vGx4AaABAg,6JD9RNDh8f4,Renan Santos,@HellitonSoaresMesquita,2026-08-13T00:14:36Z,"Sinceramente aí, só tem Centrão. E com certeza vão jogar a conta neles novamente e o pessoal principalmente do governo Lula vai ficar de boa. E ainda vai queimar a direita e o centro no Brasil.",0,2026-08-13
UgxA74QFZHaLOlLFtpV4AaABAg,6JD9RNDh8f4,Renan Santos,@paulos.d5859,2026-08-13T00:09:24Z,Tá aí povo as velhas raposas curtindo como sempre com o dinheiro do povo,0,2026-08-13
Ugx5pXhVczKAyfA6FEV4AaABAg,6JD9RNDh8f4,Renan Santos,@LuannaGabrielle-t3l,2026-08-12T23:56:03Z,A série o mecanismo EA realidade todo mundo junto e misturado,0,2026-08-13
UgyyUmLUDsLxdHNJh414AaABAg,6JD9RNDh8f4,Renan Santos,@felippecardoso2244,2026-08-12T23:49:59Z,O FUTURO É GLORIOSO ❤,0,2026-08-13
Ugz6YpPBrpKc4pENnE94AaABAg,6JD9RNDh8f4,Renan Santos,@LucasBrito-h3u,2026-08-12T23:34:57Z,"o voto é obrigatório, a presença dos candidatos nos debates deve ser também",1,2026-08-13
UgzzpaICERWLNTBKUlp4AaABAg,6JD9RNDh8f4,Renan Santos,@jairgomesdesouzasouza3000,2026-08-12T23:20:33Z,"Aí você acha que merece meu voto mencionando os erros dos outros , e os seus referente as causas trabalhistas já resolveu , porque você me par cê não ter nenhum erro",0,2026-08-13
Ugx0glHQJnOgK5IHoNd4AaABAg,6JD9RNDh8f4,Renan Santos,@Cafecomstalker,2026-08-12T23:16:15Z,"Esse mundo está um nojo desde a queda do homem.

Poucas pessoas são realmente honestas e boas.",0,2026-08-13
UgyNg1FPqzLl1qg7Wyp4AaABAg,4MBxqsH0xQw,Renan Santos,@wislleyoliiveira854,2026-08-13T17:06:07Z,"Isso é bom, mas também é um perigo. Está pegando muitos votos do Flávio, deixando o Lula com maior chances de ganhar no primeiro turno",0,2026-08-13
Ugw5O3iHsWDbLtNl53R4AaABAg,4MBxqsH0xQw,Renan Santos,@RenatoRamosJunior,2026-08-13T16:35:24Z,👏🏾👏🏾👏🏾👏🏾👏🏾👏🏾👏🏾,0,2026-08-13
Ugy6TqTvUcJ9UKZRJq14AaABAg,4MBxqsH0xQw,Renan Santos,@slaman3086,2026-08-13T16:07:20Z,O Renan tem que ganhar...ele é a única salvação desse país miserável,0,2026-08-13
Ugwo0Q7wOLC6KYyng7h4AaABAg,4MBxqsH0xQw,Renan Santos,@taniamariapedraluz8877,2026-08-13T15:43:19Z,Rio grande do Sul Renan Santos 14 Presidente do 🇧🇷🇧🇷🇧🇷🇧🇷🇧🇷🇧🇷 Missão 🐆🐆🐆 futuro glorioso 🤍🖤💛 avante Missão 🎇🎇🎇🎇,0,2026-08-13
UgzqcMQ8bl_PGAF5k694AaABAg,4MBxqsH0xQw,Renan Santos,@taniamariapedraluz8877,2026-08-13T15:40:06Z,Futuro glorioso 🎆🎇🎇🎇🇧🇷🇧🇷🇧🇷🐆🎇🎇🇧🇷💛🤍🖤1️⃣4️⃣🗳️✅✅✅✅,0,2026-08-13
UgyCKnRZylaiqgdDzXB4AaABAg,4MBxqsH0xQw,Renan Santos,@wesleybrito6388,2026-08-13T14:58:16Z,Bora 🔥👊🏾,0,2026-08-13
Ugy4D0mtsilQLWJiZ1d4AaABAg,4MBxqsH0xQw,Renan Santos,@carlareis00,2026-08-13T14:29:04Z,"O problema não é isso, e conhece a mente das pessoas exemplo no dia da votação milhares de bilhetes são entregues do  lula e do Bolsonaro estou escrevendo o que vi nas últimas eleições mas a maioria das pessoas não sabe  em quem votar então pega bilhete na rua e vai vota também não adianta alcançar apenas na internet geralmente a idade média 16 a 40 votaria em vc mas existe ainda milhares de pessoas que não tei conhece pelo único fato de não ter internet só tv aberta ou seja teria que aparecer tv aberta para resgatar esse público antigo, isso apenas uma observação",0,2026-08-13
UgyCAnP6G_UGu7LvcvJ4AaABAg,4MBxqsH0xQw,Renan Santos,@AlvaroMarques123,2026-08-13T13:41:29Z,To contigo renan!,0,2026-08-13
UgxiNOEefBxm77zGvLB4AaABAg,4MBxqsH0xQw,Renan Santos,@Resende9595,2026-08-13T11:13:58Z,Tirar os vagabundos do poder,0,2026-08-13
Ugx6-8Pmcw4VN-VDfK54AaABAg,4MBxqsH0xQw,Renan Santos,@TocaMaisoficial,2026-08-13T10:53:51Z,Renan Santos 14,0,2026-08-13
UgzW6bxgmL1HomZU4314AaABAg,4MBxqsH0xQw,Renan Santos,@Stefano1980,2026-08-13T09:11:59Z,Pra cima,0,2026-08-13
Ugy89GqkoXdxk4Ay_oN4AaABAg,4MBxqsH0xQw,Renan Santos,@veracamargo4876,2026-08-13T04:21:58Z,Moro em Curitiba e estou te indicando a  Santa Catarina. É 14,0,2026-08-13
Ugw7legLJRhuQoPY7bh4AaABAg,4MBxqsH0xQw,Renan Santos,@yurivi1404,2026-08-13T04:00:50Z,Bora Missão porra,0,2026-08-13
UgxNFgSNVcBO1KCDqXB4AaABAg,4MBxqsH0xQw,Renan Santos,@AlémdoSilêncio-j8k,2026-08-13T02:28:51Z,Lets go,1,2026-08-13
Ugy_FniiRN83TZ4t4M14AaABAg,4MBxqsH0xQw,Renan Santos,@icarobagano,2026-08-13T00:00:22Z,"O futuro é glorioso, bora pra cima.",0,2026-08-13
Ugyk6TrM1-VUj7R6Rrx4AaABAg,4MBxqsH0xQw,Renan Santos,@BerserkerLeo,2026-08-12T23:46:21Z,Kkkkkkkkkkkkk fonte: da própria cabeça.,0,2026-08-13
Ugzwot1cl4UPFDQF0xV4AaABAg,4MBxqsH0xQw,Renan Santos,@LucasBrito-h3u,2026-08-12T23:35:09Z,"o voto é obrigatório, a presença dos candidatos nos debates deve ser também",1,2026-08-13
UgzzqFAZja7pwFSikkN4AaABAg,4MBxqsH0xQw,Renan Santos,@fagnerrocha8041,2026-08-12T23:01:44Z,Tô tentando ajudar 👊,0,2026-08-13
UgysUEtPYnREtVDLFYx4AaABAg,4MBxqsH0xQw,Renan Santos,@luanbanggabangga9971,2026-08-12T22:25:19Z,Só uma pergunta!! Porque vc nunca fala mal de Alexandre de Moraes ?,0,2026-08-13
Ugy54wLA8hKX-wt7cUx4AaABAg,4MBxqsH0xQw,Renan Santos,@renatocesarsilvarodrigues1522,2026-08-12T22:06:12Z,O Futuro é glorioso,0,2026-08-13
Ugz1KRfDMlXnDpG9Whp4AaABAg,4MBxqsH0xQw,Renan Santos,@youlex2000,2026-08-12T21:07:24Z,Chupa Lula,0,2026-08-13
UgzFmSs1ZvU1R9zXsS14AaABAg,4MBxqsH0xQw,Renan Santos,@Poulas-o1s,2026-08-12T20:53:10Z,Vamos 14…!,0,2026-08-13
UgyCfTX11HaKhoicLsZ4AaABAg,4MBxqsH0xQw,Renan Santos,@txtei8048,2026-08-12T20:30:28Z,Tadinho...kkk. sonha querido. Acho que é muito cogumelo.,1,2026-08-13
UgyCfTX11HaKhoicLsZ4AaABAg.A_QXWqlznLNA_R303ApXVe,4MBxqsH0xQw,Renan Santos,@Hospital-f6r7c,2026-08-13T01:23:05Z,Kkkk......ele gosta de pega no Piu Piu 😅,1,2026-08-13
Ugy5An9pOSd96x1M-7p4AaABAg,4MBxqsH0xQw,Renan Santos,@TheMax1179,2026-08-12T19:58:22Z,👏,0,2026-08-13
UgxvKRQby4FS5xfNPvJ4AaABAg,4MBxqsH0xQw,Renan Santos,@KRAM409,2026-08-12T19:58:05Z,"Se esforço fosse pra tirar primeiro o Lula, eu dava uma força. Pois cairíamos num cenário menos desastroso. Mas como é apenas a substituição do Flávio por alguém que fracassou até mesmo no gerenciamento de sua própria empresa, fica difícil entregar as chaves do Brasil. Vai ser Flávio, não tem jeito.",0,2026-08-13
UgzyE38_I9y9eRYKKPt4AaABAg,4MBxqsH0xQw,Renan Santos,@fernandovieira5,2026-08-12T19:14:15Z,Kkkk,0,2026-08-13
UgzDvx_DSXjVeWHGWPF4AaABAg,4MBxqsH0xQw,Renan Santos,@igorlacerda2542,2026-08-12T18:26:29Z,10 vai virar 30,0,2026-08-13
UgxKr55KqjfV_4Sagc94AaABAg,4MBxqsH0xQw,Renan Santos,@wagnerlemes2034,2026-08-12T18:19:29Z,Missão,0,2026-08-13
UgyBvG1xmL4dnjhYzUV4AaABAg,4MBxqsH0xQw,Renan Santos,@jotape8417,2026-08-12T17:38:34Z,Será que o Brasil realmente quer um presidente machista? 🤔,0,2026-08-13
UgzrZCGKOCV3YbpR7-14AaABAg,4MBxqsH0xQw,Renan Santos,@quasecanalcanal6757,2026-08-12T17:23:15Z,"sim, mas os proximos canditos tem 40%, voce vai precisar do quadriplu de seguidores",0,2026-08-13
UgzewRIAPwSmmNMIqzZ4AaABAg,4MBxqsH0xQw,Renan Santos,@igormariano6164,2026-08-12T16:30:32Z,Parabéns a nós brasileiros vamos lá 🎉,0,2026-08-13
UgwLw3evMnTpdpjwYs54AaABAg,4MBxqsH0xQw,Renan Santos,@assessoriaeconsultoriafitn7364,2026-08-12T16:20:32Z,"Com esse discurso de """""""""""""""""""""""""""""""" vagabundo """"""""""""""""""""""""""""""""  , chingado os adversários vc nao ganha nada ... falta jogo de cintura pa vc",0,2026-08-13
UgwZPoa8r_iAwQUfrdV4AaABAg,4MBxqsH0xQw,Renan Santos,@lucasfernandesalves1110,2026-08-12T15:43:38Z,"Galera é óbvio que o Renan não consegue se eleger, assim como o Zema por exemplo. As coisas não acontecem do nada, infelizmente o Lula será reeleito",0,2026-08-13
UgwlZaN-Ovjv22D9iUV4AaABAg,4MBxqsH0xQw,Renan Santos,@oscardeoliveirareisneto9462,2026-08-12T15:41:08Z,Renan oque tu vai falar contra os golpes e sobre os golpistas  ???,0,2026-08-13
Ugz0LDMWobISn17NB7h4AaABAg,4MBxqsH0xQw,Renan Santos,@Thømpson_T37,2026-08-12T15:36:28Z,Bora,0,2026-08-13
UgwgHBzwxcZ0xDW67HB4AaABAg,4MBxqsH0xQw,Renan Santos,@laritelling,2026-08-12T15:35:01Z,"Eu creiooooooo! Estamos com você, Renan! 💛✨🖤",0,2026-08-13
UgyOTIeyg4Jz7xrjxK54AaABAg,4MBxqsH0xQw,Renan Santos,@laritelling,2026-08-12T15:34:05Z,Já deu certooooo!!!! 💛,0,2026-08-13
Ugzl_tDj5iwWkMP3qeN4AaABAg,4MBxqsH0xQw,Renan Santos,@MariaHelena-v7u,2026-08-12T15:29:56Z,"Kkkkkkkkkk coitado, num chega nem no dedinho minguinho de Lula 😂😂😂😂😂😂😂😂😂😂😂😂😂😂😂😂😂😂😂",0,2026-08-13
UgxZXtk0xna1eLfkA-x4AaABAg,4MBxqsH0xQw,Renan Santos,@papodereview95,2026-08-12T15:28:39Z,Pesquisa cnt,0,2026-08-13
UgxZXtk0xna1eLfkA-x4AaABAg.A_PzzH5cnanA_Q-JjMLyk9,4MBxqsH0xQw,Renan Santos,@papodereview95,2026-08-12T15:31:35Z,Tá com 2%,0,2026-08-13
UgynPW-iUIuiTKbUcoB4AaABAg,4MBxqsH0xQw,Renan Santos,@Pedro138,2026-08-12T15:19:36Z,😂😂😂😂😂😂😂😂😂😂,0,2026-08-13
UgxhZ5iGoFl5TOGqaRt4AaABAg,4MBxqsH0xQw,Renan Santos,@lucasgonzaga1441,2026-08-12T15:10:44Z,❤,0,2026-08-13
Ugz8wmXcRfzpxW6CLKd4AaABAg,4MBxqsH0xQw,Renan Santos,@Bianconni,2026-08-12T15:05:15Z,Pesquisa enviesada por ser apenas on-line. Acho que o Renan está com uns 8%,0,2026-08-13
Ugz8wmXcRfzpxW6CLKd4AaABAg.A_PxIrvYapPA_Q-Jn5VCyZ,4MBxqsH0xQw,Renan Santos,@Flamengorj-d3d,2026-08-12T15:31:35Z,"Nada, ele tá com mais de 20% nesse exato momento! Essas pesquisas são a maior farsa das eleições... Em 2018 colocaram Bolsonaro antes mesmo dos debates abaixo do Alckmin, todos sabemos o que aconteceu...",0,2026-08-13
UgzjXN_RM6WWT2suNIB4AaABAg,4MBxqsH0xQw,Renan Santos,@HouseStudioOficial,2026-08-12T14:39:56Z,go go go!,0,2026-08-13
UgyM9np8UzVKjkcbSfB4AaABAg,4MBxqsH0xQw,Renan Santos,@Alstreon,2026-08-12T14:33:46Z,UP,1,2026-08-13
UgxP5a1NJ2QHcai8iSl4AaABAg,4MBxqsH0xQw,Renan Santos,@SuperXandexd,2026-08-12T14:08:12Z,"Parei de falar pra votarem no Renan, passei a pedir pra pesquisarem sobre ele, aí me dizerem oque acham... TODOS disseram que parece ser um bom candidato, daí sempre digo: da uma chance pra ele! 14",0,2026-08-13
UgwtM9J8YnINezMIUON4AaABAg,4MBxqsH0xQw,Renan Santos,@AndradeApenas,2026-08-12T14:01:56Z,"Sou a favor do projeto, agora é hipocrisia falar bem  e aplaudir as pesquisas que se sai bem e falar mau das que se sai abaixo.
Dito isto, o futuro é glorioso",0,2026-08-13
UgzxFRez5_mZM1YAMxB4AaABAg,4MBxqsH0xQw,Renan Santos,@giorno4859,2026-08-12T13:51:20Z,"Me perdeu na reunião Pró Israel da Fisesp, estou retornando para o Voto Nulo.",0,2026-08-13
UgzsXsHubQ-nkL3cCJ94AaABAg,xydl3RIUVok,Renan Santos,@Henricristooficial,2026-08-13T12:02:16Z,Verdadeiro,0,2026-08-13
UgzNFLyuX1Y4zFJE09Z4AaABAg,xydl3RIUVok,Renan Santos,@mariaaparecidaranzoni1012,2026-08-13T11:45:22Z,Fora Flávia rachadinha 😅,0,2026-08-13
UgxeYTev0SoVB-VYYv54AaABAg,xydl3RIUVok,Renan Santos,@luizbidart7545,2026-08-13T02:15:43Z,ARREBENTA RENAN...,0,2026-08-13
UgxtjDykvwtoeyfCW4Z4AaABAg,xydl3RIUVok,Renan Santos,@FlavioGarciaJr,2026-08-13T01:39:06Z,"💯💯💯👏🏼👏🏼👏🏼1️⃣4️⃣🟨⬜⬛.... #Presidente RENAN SANTOS para 2026 !!! E fim de papo !!! O povo tá de saco cheio da velha política, dos políticos corruptos e oportunistas !!!! Chega !!! CHEGOU A HORA DA ONÇA BEBER ÁGUA !!!! VAI COM TUDO RENAN,..... TUDO VAI DAR CERTO !!! DITO ISTO, NO FINAL DO DIA, PODEMOS CONCLUIR :  """"""""""""""""""""""""""""""""- O FUTURO É GLORIOSO !!!!""""""""""""""""""""""""""""""""👏🏼👏🏼👏🏼👏🏼👏🏼👏🏼💯💯💯💯  💯💯💯💯 ,",0,2026-08-13
Ugy0-hXozbgqmslzVDF4AaABAg,xydl3RIUVok,Renan Santos,@juliocesarguimaraespadilha2952,2026-08-13T01:12:59Z,O Collor que tu foi contra tinha a mesma fala que a tua,0,2026-08-13
Ugx_JxqERKq5bUCp5kp4AaABAg,xydl3RIUVok,Renan Santos,@Brunosantos-dw2ph,2026-08-13T01:09:46Z,Vamo!🐆🇧🇷,0,2026-08-13
UgxguS-IW99axqG03ex4AaABAg,xydl3RIUVok,Renan Santos,@youlex2000,2026-08-13T00:59:03Z,Flávio não e o pai.  Fraco covarde.,0,2026-08-13
UgwlqUQuQOeadF3mp4Z4AaABAg,xydl3RIUVok,Renan Santos,@matheusschumacher5779,2026-08-12T23:52:40Z,o futuro e fucking glorioso tamo junto,0,2026-08-13
Ugzm0Q0JbOrtRA1at2V4AaABAg,xydl3RIUVok,Renan Santos,@KilluaZdy,2026-08-12T19:07:11Z,14,0,2026-08-13
UgzfAGD83JSxhRzzQxp4AaABAg,xydl3RIUVok,Renan Santos,@AlessandroWS72,2026-08-12T18:31:38Z,"Contamos com seu apoio no segundo turno para eliminar o PT , 22🇧🇷 neles",0,2026-08-13
UgzwMWMwRSMmy5bAl594AaABAg,xydl3RIUVok,Renan Santos,@lucianodbq,2026-08-12T17:51:31Z,missão,0,2026-08-13
UgzYgRxbfb3_YulLrSF4AaABAg,xydl3RIUVok,Renan Santos,@alexandrekinoshita1407,2026-08-12T17:03:31Z,Chega de bolsopetismo!!!!,0,2026-08-13
UgzqXYtCt4Zsd5w-r7Z4AaABAg,xydl3RIUVok,Renan Santos,@isalara22,2026-08-12T16:17:11Z,Sai daí louco,0,2026-08-13
UgwXKP11WLuAa2sJLeZ4AaABAg,xydl3RIUVok,Renan Santos,@boll4758,2026-08-12T15:47:37Z,"Que discurso de merda , os cara quer se eleger em um   impeachment a décadas atrás , vcs tem o msm discurso de qualquer  político , vcs defender o interesse de vcs. O Brasileiro pra """"""""""""""""""""""""""""""""viver"""""""""""""""""""""""""""""""" teria que ganhar pelo menos uns 7 mil reais hoje , esse é o salário mínimo para viver no Brasil de hoje. Pq vcs não convocam o povo pra rua ,pra acabar com esse salário mínimo de merda, isso é revoltante.",0,2026-08-13
UgwXKP11WLuAa2sJLeZ4AaABAg.A_Q19CVXy-VA_Qom6cJrQ2,xydl3RIUVok,Renan Santos,@Jvds_edits,2026-08-12T23:09:58Z,Ohhhh inocente. O cara acha que o problema do Brasil é salário kkkkkkk,0,2026-08-13
UgxNFy09e4wAVukT3Jd4AaABAg,xydl3RIUVok,Renan Santos,@nathanalvesss,2026-08-12T15:42:33Z,Avante 1️⃣4️⃣🇧🇷,0,2026-08-13
UgzD7EUKP89sxekevPR4AaABAg,xydl3RIUVok,Renan Santos,@EmersonGomes-x8x,2026-08-12T14:57:22Z,"O cara não fala do lula, mais não tira o Bolsonaro da boca 😂",0,2026-08-13
Ugyqyokhk7B22U9Zaox4AaABAg,xydl3RIUVok,Renan Santos,@ehellora,2026-08-12T14:38:58Z,"14 MISSÃO, com RENAN SANTOS. Nunca foi tão fácil escolher o melhor.1️⃣4️⃣✅🟨⬜⬛🐆",0,2026-08-13
UgxvFfAwRf1i5bnACTh4AaABAg,xydl3RIUVok,Renan Santos,@danieldocltaosapps,2026-08-12T13:52:45Z,O que esse renan produziu ate hj... nada ... e nada!!!falastrao.,0,2026-08-13
UgxvFfAwRf1i5bnACTh4AaABAg.A_Pp-r7VexFA_QYAbMXkGj,xydl3RIUVok,Renan Santos,@luckybathory4240,2026-08-12T20:36:10Z,"1 impeachment 
Varias empresas em recuperação judicial lotadas de contas quando ele entrou e voltaram a respirar (empregos em cadeia) para o qual saiu da mais difícil faculdade do pais (a qual ele entrou com merito)
Maior movimento político atuante
Um partido 
Segunda maior revista impressa com crescimento ativo na era do """"""""""""""""""""""""""""""""ninguém lê mais"""""""""""""""""""""""""""""""" (mais empregos)
Zero históricos de corrupção 
Todos os ditos crimes comprovados pelo stj como falsos (não é anulado tipo rachadinha e triplex, é inocente).
Um plano de governo de 500 paginas para longo período de trabalho 
Reacendeu os debates do gasto público via compra de voto e dependência do governo
Rodou o pais de carro pra mostrar como funciona e ganhou o ódio do PT

Quer mais?",0,2026-08-13
UgxvFfAwRf1i5bnACTh4AaABAg.A_Pp-r7VexFA_QeMhV2Ayt,xydl3RIUVok,Renan Santos,@danieldocltaosapps,2026-08-12T21:38:59Z,​@luckybathory4240politicamente irrelevante... o Kim tem uma carreira não um revolucionário... tem que falar também da dívida dele com a União...,0,2026-08-13
UgxvFfAwRf1i5bnACTh4AaABAg.A_Pp-r7VexFA_QeWVtz4H_,xydl3RIUVok,Renan Santos,@danieldocltaosapps,2026-08-12T21:40:19Z,Tem os mesmos traços do Lula no começo... e criando um monte de testa de ferro pra defende lo.,0,2026-08-13
UgxvFfAwRf1i5bnACTh4AaABAg.A_Pp-r7VexFA_Qn9GxHIhf,xydl3RIUVok,Renan Santos,@luckybathory4240,2026-08-12T22:55:48Z,"​@danieldocltaosapps
Politicamente irrelevante, tanto que o pessoal do maior grupo escolheu ele. E ele cria bons apontamentos políticos, ele é mais relevante que governadores no cenário. É como dizer que um dos caras que escreve roteiros para os filmes não é relevante para o diretor ou os atores. O kim, beleza, e dai? Ele é o que precisa e é isso. A divida: o trabalho dele era entrar em empresas cheias de dividas, assumir elas por um tempo, fazer o que dava e ir para a próxima. Culpar ele pelo período lá é meio sem noção (teria sentido se todas tivessem quebrado). Sobre parecer o lula, desculpa: """"""""""""""""""""""""""""""""ovo salva o pais com os trabalhadores"""""""""""""""""""""""""""""""" / """"""""""""""""""""""""""""""""Tamo ferrado, vai dar ruim, e eu quero que a gente se dedique pra melhorar"""""""""""""""""""""""""""""""". Um metido com coronel na ditadura enquanto liderava partido de libertação, outro trabalhando com a família. Desculpa mas, se for por similaridade, então ele também é igual ao Bolsonaro, ao Bukele, Ao Trump, ao Julio César, a uma baleia jubarte que aprendeu a dar cambalhota. É justo que a comparação acenda um alerta e que vigiemos e cobremos, mas sair em debandada sem investigar é demais.",0,2026-08-13
Ugzj2eLrMfazvnCmd4J4AaABAg,xydl3RIUVok,Renan Santos,@felipesepulveda2407,2026-08-12T12:31:07Z,Só não entendo o que o Renan quer . Vai dar a eleição para o lula . Tudo aponta para um segundo turno com Flávio e lula e aí .,0,2026-08-13
UgxIIoEhIVok4aoALX54AaABAg,xydl3RIUVok,Renan Santos,@wiliamalves1985,2026-08-12T12:27:08Z,M I S S Ã O ❤,1,2026-08-13
UgyXEYIGRhhwnaIUOAh4AaABAg,xydl3RIUVok,Renan Santos,@pinhapoli9580,2026-08-12T12:27:08Z,🖤🐆💛 Renan Santos - Missão  1️⃣4️⃣,0,2026-08-13
UgywQOgl2-fxqIQwWHt4AaABAg,xydl3RIUVok,Renan Santos,@sebastiaomarcus7,2026-08-12T11:58:20Z,Flavio foi quem ferrou o pai dele,0,2026-08-13
Ugwi1-a-vWU8HCEvAtR4AaABAg,xydl3RIUVok,Renan Santos,@BarraVelhax,2026-08-12T11:58:19Z,Que negócio é esse que vc vai fazer acordo com o centrão?,1,2026-08-13
UgzwkqzLJsPVxMDkH5F4AaABAg,xydl3RIUVok,Renan Santos,@eudesbragaa,2026-08-12T11:10:44Z,"O Renan vai ser o """"""""""""""""""""""""""""""""bispo"""""""""""""""""""""""""""""""" no jogo de xadrez que vai substituir o flavinho. O coitado é mais fraco do que caldo de bola de gude!",0,2026-08-13
UgwEJz0Uxs3jKYg6kb14AaABAg,xydl3RIUVok,Renan Santos,@todoqcrer,2026-08-12T10:31:41Z,"pra cima, 14.",0,2026-08-13
UgwAfzPZ55MH6-9YxON4AaABAg,xydl3RIUVok,Renan Santos,@danielcostaoliveira7750,2026-08-12T10:24:49Z,"Replicante de cana brava falando mal do rachamaster rachadinha, falta menos de 1% para Lula ganhar no primeiro turno.
Lula tetra.",0,2026-08-13
Ugyx8FBxWNQsBRaA8fx4AaABAg,xydl3RIUVok,Renan Santos,@JM-dd6ki,2026-08-12T09:55:26Z,"O foda é a fraude, a gente até acredita no voto. MAS JA SABE NÉ """"""""""""""""""""""""""""""""  O PAI DA MENTIRA é FICÇÃO CIENTÍFICA, MAS É REAL....",0,2026-08-13
UgzgwXHIfNksjuMxLeZ4AaABAg,xydl3RIUVok,Renan Santos,@crochêdadani10,2026-08-12T09:40:51Z,Viva o Lula .,0,2026-08-13
UgyiuhMnsu5tJjuX5eR4AaABAg,xydl3RIUVok,Renan Santos,@luiscarlospinheiro1099,2026-08-12T08:01:41Z,O Futuro é Glorioso! Valeu Renan estamos juntos juntos! Vai Missão! 14,1,2026-08-13
UgyYlV-e1chnxbl0VbN4AaABAg,xydl3RIUVok,Renan Santos,@ftasica,2026-08-12T05:59:15Z,"Nem o pai ganhou do Lule. 
Quem dirá o filho corrupto. 
Infelizmente ainda ouço muito: votar em Flavio pra garantir o segundo turno contra Lula... mas isso é burrice. 
O futuro é Glorioso!",0,2026-08-13
UgwN9oFyRuy5LRoLlHN4AaABAg,xydl3RIUVok,Renan Santos,@joaofagundes-w9m,2026-08-12T05:30:32Z,É sempre assim no Brasil: candidato salvador da Pátria. Gostaria de acreditar. Talvez devesse; talvez não. Eis o drama.,0,2026-08-13
UgzLcNzWhd1TtBbfM8N4AaABAg,xydl3RIUVok,Renan Santos,@João-w1i5e,2026-08-12T03:29:01Z,"Pqp, tá parecendo o Marçal kkkkk",0,2026-08-13
UgwhsT_M1Nfyy8YXuo54AaABAg,xydl3RIUVok,Renan Santos,@MatheusEduardo-c2s,2026-08-12T01:35:17Z,Abençoado seja o Brasil 🇧🇷 14 RENAN SANTOS,0,2026-08-13
UgzrAo0BZqyCsZtx8bF4AaABAg,xydl3RIUVok,Renan Santos,@Tiagonied,2026-08-12T01:25:21Z,"Fala muito
Garanto q no segundo turno vai apoiar o lula!!!
Falastrao...",0,2026-08-13
Ugzzhm_CjUUyFPx_hvZ4AaABAg,xydl3RIUVok,Renan Santos,@leonardoalmeida8918,2026-08-12T01:17:41Z,Up,0,2026-08-13
Ugws-CySbUHJCM89hRF4AaABAg,xydl3RIUVok,Renan Santos,@AlexandreAntoneli,2026-08-12T00:55:12Z,Flávio é o único que tem força pra tirar o pt,0,2026-08-13
UgzFOa-FZi1bHMoN7Lt4AaABAg,xydl3RIUVok,Renan Santos,@leandroataide8658,2026-08-12T00:27:23Z,Nenhum candidato competente mais uma vez.,0,2026-08-13
UgxPrfEIXboxf_HU0Rl4AaABAg,xydl3RIUVok,Renan Santos,@tiagopereira754,2026-08-12T00:22:23Z,E nem vc tem chance  seu palhaço,0,2026-08-13
UgxDxEJ33a22So8GgWh4AaABAg,xydl3RIUVok,Renan Santos,@alessandrosiqueira7544,2026-08-12T00:11:59Z,Tem meu voto chega de Lula e Bolsonaro 😂😂😂😂😂😂😂😂😂😂😂😂😂😂😂,0,2026-08-13
UgzU40mTHlmvdafyS4t4AaABAg,xydl3RIUVok,Renan Santos,@gabriel_zeny,2026-08-12T00:05:17Z,Vamos missão,0,2026-08-13
Ugxu8Ay5lfkcUoDb7Xd4AaABAg,xydl3RIUVok,Renan Santos,@CloudWNS,2026-08-11T23:59:12Z,Renan Santos 14,0,2026-08-13
Ugxg4ahKjWj8iFo1Xf94AaABAg,xydl3RIUVok,Renan Santos,@JoaoOliveira-c9w5m,2026-08-11T23:53:11Z,Nunca vi vc kkk sair pra lá flavio 22,0,2026-08-13
UgyGIPIeTGtFLV7ygL14AaABAg,xydl3RIUVok,Renan Santos,@JoaoOliveira-c9w5m,2026-08-11T23:52:48Z,Quem é vc irmão veio da aonde,0,2026-08-13
UgxG1pYBUN8_xsO-NhZ4AaABAg,xydl3RIUVok,Renan Santos,@jorgejesus9334,2026-08-11T23:43:30Z,Não! Nao! Bao foi o destino; foi a maconha que fez tu acreditar que podes ser presidente!,0,2026-08-13
UgwOveNqb5scUPLfWGZ4AaABAg,xydl3RIUVok,Renan Santos,@TOP_is_MY,2026-08-11T23:35:30Z,"Perdemos Enéias...
Será se dessa vez o brasileiro vai deixar passar Renan santos tbm",0,2026-08-13
UgyDnI-WPxBauyQWJCF4AaABAg,TiZfYkuXOGc,Renan Santos,@cabecagone8727,2026-08-13T02:26:40Z,Unica forma e votar 14,0,2026-08-13
Ugxh1xqnwq1YqQtYspJ4AaABAg,TiZfYkuXOGc,Renan Santos,@JPLemes111,2026-08-12T21:51:57Z,🔥,0,2026-08-13
UgzM5EwndqcSUH33wRF4AaABAg,TiZfYkuXOGc,Renan Santos,@LeilyCanario-mq9hw,2026-08-12T21:30:04Z,"Eu não concordo c esse slogan:""""""""""""""""""""""""""""""""Prendeu, matou"""""""""""""""""""""""""""""""". Precisa achar outro. Seria melhor:"""""""""""""""""""""""""""""""" A vingança do povo""""""""""""""""""""""""""""""""!!!!",1,2026-08-13
UgzGtKPAS0NtDofv22B4AaABAg,TiZfYkuXOGc,Renan Santos,@FelipeLSantos07,2026-08-12T21:22:12Z,@renansantosmbl presidente,0,2026-08-13
UgzgQVNxbMW522vmFgh4AaABAg,TiZfYkuXOGc,Renan Santos,@matheusfelix8032,2026-08-12T18:15:21Z,Baita live,0,2026-08-13
UgzcO4sYBUMp4rEP0MV4AaABAg,TiZfYkuXOGc,Renan Santos,@FatimaTavare-v7y,2026-08-12T17:37:43Z,Desculpa qualquer coisa Renan,0,2026-08-13
UgzOCZlbSQRNQNHaqUJ4AaABAg,TiZfYkuXOGc,Renan Santos,@findout-YGO,2026-08-12T16:23:07Z,28:46 eu amo esse meme do Kim 😂,0,2026-08-13
Ugz8QOcABG3BRRS_cMJ4AaABAg,TiZfYkuXOGc,Renan Santos,@JulioAlvarez-j7u,2026-08-12T14:31:05Z,“Nos precisamos de pessoas que precisam que o Brasil funcione”. Excelente pensamento. Pra banqueiro ( e nos precisamos deles também) tanto faz. Eles ganham sempre.,0,2026-08-13
UgztrLmSNuc8Brb8v9J4AaABAg,TiZfYkuXOGc,Renan Santos,@ProfessoraThalita,2026-08-12T14:03:38Z,"Pelas minhas pesquisas: """"""""""""""""""""""""""""""""Vozes da minha cabeça"""""""""""""""""""""""""""""""" Vai dar 51! - Uma boa ideia! Renan vai ganhar no primeiro turno! 51% e avante!!! Força Renan! Apertem 14 em Tudo! Presidente, Governador, Senador, Deputado Federal e Estadual. 😂🎉",0,2026-08-13
UgztrLmSNuc8Brb8v9J4AaABAg.A_PqFa-bl2ZA_QpqorDlQD,TiZfYkuXOGc,Renan Santos,@tacitogabriel4963,2026-08-12T23:19:21Z,Quem dera,0,2026-08-13
UgwpCnr0Y4he5juLue94AaABAg,TiZfYkuXOGc,Renan Santos,@levacarvalho,2026-08-12T13:04:02Z,"A lista de políticos que prometeram transformação e entregaram mera governança é, literalmente, uma lista de todos os políticos da história democrática moderna. Sem exceção.",0,2026-08-13
UgwILOqIxVdgGUhlwyd4AaABAg,TiZfYkuXOGc,Renan Santos,@rekiller1914,2026-08-12T11:15:53Z,Up,0,2026-08-13
Ugz9Z85TaP6ysp0y-C94AaABAg,TiZfYkuXOGc,Renan Santos,@ofuturoegloriosocortesbr,2026-08-12T09:26:00Z,o futuro será glorioso meus amigos.,2,2026-08-13
Ugzl-Ma_NTIQ-d91a6F4AaABAg,TiZfYkuXOGc,Renan Santos,@PedroJogoSujo,2026-08-12T08:53:40Z,"A galera que eu conheço até 1 ano atrás não fazia ideia de quem era Renan, hoje uns 30 já falam que vão votar nele, baita pesquisa em BTG!? kkkkkkkkkkkk",1,2026-08-13
UgzFqj2rbWvC4dKLgct4AaABAg,TiZfYkuXOGc,Renan Santos,@Niurose,2026-08-12T03:37:30Z,Flávio e Lula já estão juntos no primeiro turno para Lula ganhar e Flávio não ir pra cadeia. O piscinão da corrupção está montado. #Renan14,1,2026-08-13
Ugy7JE3WA5Xqr0ScuS54AaABAg,TiZfYkuXOGc,Renan Santos,@Niurose,2026-08-12T03:36:20Z,#Renan14,1,2026-08-13
UgxU9nVtEXjrcuM5hYF4AaABAg,TiZfYkuXOGc,Renan Santos,@khyrkihiroshi6646,2026-08-12T03:15:08Z,🐆⬛️⬜️🟨,1,2026-08-13
Ugy32FZBB5YNwCSQD3V4AaABAg,TiZfYkuXOGc,Renan Santos,@AmmyRodrigues1809,2026-08-12T01:03:16Z,"Sou de esquerda e venho acompanhando as lives do Renan. Não gosto de viver na minha bolha, então procuro ouvir e conhecer diferentes perspectivas. Algumas coisas me chamaram a atenção positivamente, confesso, mas, claro, ainda tenho inúmeras ressalvas em relação às suas propostas e ideias.",3,2026-08-13
Ugy3cR4Ou3dCv_BvyMl4AaABAg,TiZfYkuXOGc,Renan Santos,@_maycon_2443,2026-08-12T00:16:44Z,E só vai crescer mais💪🏻💪🏻,1,2026-08-13
Ugx8ltvG-m0elsSQ0CN4AaABAg,TiZfYkuXOGc,Renan Santos,@luisfilipearrudadossantos6971,2026-08-11T22:58:59Z,"Toda vez que o Flávio usa Deus para ganhar voto, ele cava mais um palmo do seu buraco. Deus não se deixa escarnecer.",1,2026-08-13
UgyQNzdfAu81CWTm0Hh4AaABAg,TiZfYkuXOGc,Renan Santos,@pav10021,2026-08-11T22:50:19Z,"VOU VOTAR NO RENAN PARA ELE IR NO SEGUNDO TURNO CONTRA O LADRÃO VAGABUNDO. 

Passa da hora do Brasil mudar e ter outra alternativa politica e de direita. Se todo cidadão revoltado com o sistema votar no MISSÃO o Brasil melhora rapidinho.",2,2026-08-13
UgwVETwDUGF4KjughCR4AaABAg,TiZfYkuXOGc,Renan Santos,@Eumsm35,2026-08-11T22:45:57Z,Meeeeu presidente,2,2026-08-13
Ugy5HYE-qt5FPXoQyO54AaABAg,TiZfYkuXOGc,Renan Santos,@Renatozirigui,2026-08-11T22:28:59Z,arregou feio para o Pedro Dória hein?,0,2026-08-13
UgxPRUkwwIodomCFt2N4AaABAg,TiZfYkuXOGc,Renan Santos,@Renatozirigui,2026-08-11T22:28:17Z,Arregou para o Pedro Dória kkkkkkk,0,2026-08-13
UgyZNP3VeKwJajMqzaJ4AaABAg,TiZfYkuXOGc,Renan Santos,@Miguel-xe8bj,2026-08-11T22:01:18Z,"Tem uma grande parte do evangelicalismo brasileiro que não aparece nem é ouvida na mídia. Não se vê político preocupado em visitar essas comunidades. Isso acontece porque eles só usam o povo evangélico; não se importam conosco e, muito menos, nos conhecem.",1,2026-08-13
UgxGd3PxMOh001gs_jd4AaABAg,TiZfYkuXOGc,Renan Santos,@lucas.toral2002,2026-08-11T22:00:46Z,Caralho só cueca na piscina,1,2026-08-13
UgzSPKkLZ_ULrtu9bcZ4AaABAg,TiZfYkuXOGc,Renan Santos,@abraoruiz,2026-08-11T21:46:46Z,live de ontem com 120k vew wtf,0,2026-08-13
UgzSPKkLZ_ULrtu9bcZ4AaABAg.A_O5SlAcO99A_P2sFEwxNN,TiZfYkuXOGc,Renan Santos,@lpsoak,2026-08-12T06:43:24Z,Veja as lives da semana passada kk,0,2026-08-13
UgzSPKkLZ_ULrtu9bcZ4AaABAg.A_O5SlAcO99A_Q1W0Gm6ZI,TiZfYkuXOGc,Renan Santos,@abraoruiz,2026-08-12T15:50:44Z,@lpsoak so 2 com mais vizu o resto n passa dos 50k,0,2026-08-13
UgzSPKkLZ_ULrtu9bcZ4AaABAg.A_O5SlAcO99A_Q1Y3xYYVk,TiZfYkuXOGc,Renan Santos,@abraoruiz,2026-08-12T15:51:01Z,@lpsoak renan ta certo em cobrar a militância,0,2026-08-13
Ugy4c-4K79QZzUW5acp4AaABAg,TiZfYkuXOGc,Renan Santos,@Kryvex123,2026-08-11T21:39:26Z,"Os petistas têm algo com você olha. 13+1(mais 1 ponto, nada """"""""""""""""""""""""""""""""demais"""""""""""""""""""""""""""""""") =14 


14 renan santos 🇧🇷🇧🇷",1,2026-08-13
UgyEgbiKXUP7E58o3HN4AaABAg,TiZfYkuXOGc,Renan Santos,@tropadecopas,2026-08-11T21:34:31Z,1467,0,2026-08-13
Ugy-9uldhT5lHh-lxNF4AaABAg,TiZfYkuXOGc,Renan Santos,@BlogItsNotMaria,2026-08-11T21:24:00Z,"45:50 a Jennifer tem plena capacidade de se defender sozinha. A questão é: não tinha do que se defender. A Jennifer é chefe do Renan mesmo kkkkk quem conhece sabe 

Bando de babaca do caralho. Odiei como tentaram pintar a Jennifer como “menina indefesa que tem que ser tratada como café com leite”. Ela trabalhou pra caralho pra chegar onde está",1,2026-08-13
Ugzf0e6ymNI35sUHoVp4AaABAg,TiZfYkuXOGc,Renan Santos,@luisfelipedossantos7956,2026-08-11T20:11:58Z,Equipe: tem que descer a lenha no lula e no flavio !!! 20 anos de pt e 3 mandatos de deputado de flavio e nada de arrumar alguma coisa do brasil.,1,2026-08-13
UgzG3HMmxUw46OkVrph4AaABAg,TiZfYkuXOGc,Renan Santos,@manfredm5298,2026-08-11T19:46:29Z,"Fugiu da entrevista com o Pedro Dória, do Meio. 😂😂😂😂 não é você que diz que debate com qualquer um?😂😂😂",0,2026-08-13
UgxVV2tK4RM-nfX_66B4AaABAg,TiZfYkuXOGc,Renan Santos,@ivancosta7720,2026-08-11T19:12:33Z,Vc fugiu do Pedro Doria seu moleque covarde,1,2026-08-13
UgzO7mY3NMW6d9Yg2hB4AaABAg,TiZfYkuXOGc,Renan Santos,@isaacewerton7891,2026-08-11T18:31:20Z,Terminou guiando os eleitores do flavio,0,2026-08-13
Ugwu0iPDsBG2rJ_HluR4AaABAg,TiZfYkuXOGc,Renan Santos,@LoroteirosDoYoutube,2026-08-11T18:24:44Z,Pra cima deles. 14 Neles,3,2026-08-13
Ugz4OvTpHvHNJf7LL8l4AaABAg,TiZfYkuXOGc,Renan Santos,@werleyrodrigues5127,2026-08-11T18:14:36Z,"Sou ateu, CLT, nascido e criado na comunidade onde vivo até os dias de hj. Eu voto RENAN SANTOS",5,2026-08-13
UgxuO4gCpPbKqu8I3T54AaABAg,TiZfYkuXOGc,Renan Santos,@hounder1673,2026-08-11T18:11:18Z,"eu gostaria que menos paida fosse feita na campanha, isso não é comédia apesar do Brasil ser um circo",0,2026-08-13
UgwnY5Cs3kZAH4b5Agx4AaABAg,TiZfYkuXOGc,Renan Santos,@Rick-gu2pd,2026-08-11T18:10:08Z,Tem mais views que o Ronaldo caiado e Romeu zema no g1,1,2026-08-13
Ugwd6u9DKWuh83PdIyV4AaABAg,TiZfYkuXOGc,Renan Santos,@bikegrupoubm,2026-08-11T17:56:27Z,"48:00"""""""""""""""""""""""""""""""" deveriam gravar, e no vídeo o Renan com um chicote kkk",0,2026-08-13
Ugw7Yfn4fr7r5XJQ2Ud4AaABAg,TiZfYkuXOGc,Renan Santos,@sylviaracnela8179,2026-08-11T17:41:04Z,Eu vou votar em você RENAN 😂 14 avante MISSÃO 🐆🐆🐆🐆🐆🐆🐆🐆🐆🐆🐆🐆,2,2026-08-13
UgxVs8SjNM5p8CZOJMF4AaABAg,TiZfYkuXOGc,Renan Santos,@CosmobeautySorocaba,2026-08-11T17:38:24Z,renan santos para presidente,1,2026-08-13
UgzVVwZivvU6M2O-sFh4AaABAg,TiZfYkuXOGc,Renan Santos,@elisangelamartins8295,2026-08-11T17:05:50Z,Amo os babados que o Renam manda na lata da sociedade👏🏼👏🏼👏🏼,3,2026-08-13
Ugx6FP8TakQRMmanPlJ4AaABAg,TiZfYkuXOGc,Renan Santos,@DedezaoYT,2026-08-11T16:53:39Z,A parte da analise da piscina foi magnifica,2,2026-08-13
Ugxzdp_uofaSMMGk00V4AaABAg,TiZfYkuXOGc,Renan Santos,@DedezaoYT,2026-08-11T16:40:58Z,O futuro é glorioso 🐆1⃣4⃣✅,3,2026-08-13
Ugy3hXyqngFVEt7EyWh4AaABAg,TiZfYkuXOGc,Renan Santos,@ricardo.fla.2025,2026-08-11T16:38:18Z,"Todos os cidadãos de bem estão contra você, e o MBL. Seu picareta!",0,2026-08-13
Ugy3hXyqngFVEt7EyWh4AaABAg.A_NY9aqxmxhA_NZcIdYiJl,TiZfYkuXOGc,Renan Santos,@igringenkov,2026-08-11T16:51:06Z,Disse o flamenguista,2,2026-08-13
UgxgN6qqYjTw6g3lZo14AaABAg,TiZfYkuXOGc,Renan Santos,@Aliceaparecida1,2026-08-11T16:05:24Z,Vamos de 14,3,2026-08-13
UgzC3SkR9EcyzxJMhMp4AaABAg,KdzrMY_QPiE,Renan Santos,@Samuelmiqueias-z9f,2026-08-13T17:01:44Z,14,0,2026-08-13
Ugx8Yx1zslcPN6zg0v14AaABAg,KdzrMY_QPiE,Renan Santos,@blackcat1328,2026-08-13T15:46:59Z,Red Dead Renation,0,2026-08-13
Ugyqjv2pkqFH_5Gf8WZ4AaABAg,KdzrMY_QPiE,Renan Santos,@advogadoBraianCastro,2026-08-13T14:30:23Z,"1 - tem que colocar uma cláusula na constituição federal impondo que nenhum servido público tenha como, salário, vencimento, remuneração ou soldo acima de 20 salários mínimos. Se a pessoa quer ficar ficar ela tem que empreender e não através de cargo público.

2 - tem que tirar o poder do juíz. E transferir para um júri. Não estampas mais na monarquia, o juíz tem certeza que é um Deus supremo no Brasil. Todavia, todas as causas, criminais, cíveis, trabalhista, empresarial deveriam ser expostas há um júri. O juíz atuaria simplesmente para manter a ordem do jogo, vendo se as manifestações dos advogados são legais ou não. 

3 - aumentar a pena dos crimes praticados contra administração pública para o teto, a exemplo 30 a 40 anos. Marcelo Odebrecht os irmãos da jbs roubaram juntamente com outros políticos envolvidos em escândalos de bilhões de reais, não ficaram bem 3 anos presos, e hoje são considerados celebridades.

4 - membros do STF devem poder ficar só 04 anos. Devem ser eleitos pelo povo. Devem ser juíz de carreira.",0,2026-08-13
Ugy6nunVb4t2irZuX1l4AaABAg,KdzrMY_QPiE,Renan Santos,@MrCagnola,2026-08-13T04:34:26Z,Compra um gimbal pra camera Rizzo,0,2026-08-13
Ugy-ZDC19O6Ja_F7URR4AaABAg,KdzrMY_QPiE,Renan Santos,@NanarVieiraMartins,2026-08-12T20:45:58Z,O FUTURO É PANTANEIRO,0,2026-08-13
Ugzp903U7q-taBHAY9V4AaABAg,KdzrMY_QPiE,Renan Santos,@LucianoSantos-zx8uv,2026-08-12T20:26:28Z,Renan tocando os bolsonaristas 11:17  kkk ainda falando “ puta profissão legal” kkk,0,2026-08-13
UgwXZuAW2-ANMH68jYJ4AaABAg,KdzrMY_QPiE,Renan Santos,@danidiasmusicas,2026-08-12T18:47:36Z,Se Renan Santos continuar sendo o mais MACHlSTA de todos pode até ganhar.,0,2026-08-13
Ugy_caiPrl-fA7q8Xxt4AaABAg,KdzrMY_QPiE,Renan Santos,@aruacorrea989,2026-08-12T17:30:17Z,"🌳 Uma agrofloresta pode produzir muito mais comida por área do que parece. Enquanto o gado ocupa cerca de 77% das terras agrícolas do mundo e gera só 18% das calorias, uma mesma área de agrofloresta pode produzir frutas, grãos, raízes, castanhas e outros alimentos ao mesmo tempo, aproveitando o espaço acima e abaixo do solo. Em sistemas bem planejados, 1 hectare pode produzir o equivalente a 1,5–2 hectares de cultivos separados. 🌱 Em vez de usar enormes áreas para criar boi, podemos transformar parte delas em florestas que produzem comida.

Proteína: o gado usa enormes áreas e, em sistemas extensivos, produz pouca proteína por hectare. Para comparação, 1 hectare de soja pode gerar cerca de 1 tonelada de proteína/ano, enquanto o gado pode produzir dezenas de vezes menos. Numa agrofloresta, podemos combinar feijão, soja, castanhas, sementes, frutas e raízes na mesma área, aproveitando diferentes alturas da floresta. Ou seja: mais comida e proteína por área, sem precisar transformar tudo em pasto. 🌱",0,2026-08-13
UgyTipuKNANkbkT61yR4AaABAg,KdzrMY_QPiE,Renan Santos,@aruacorrea989,2026-08-12T17:18:27Z,"""""""""""""""""""""""""""""""""... Ao mesmo tempo, a língua guarani tornou-se a língua usual nessas regiões, de modo que hoje (1860), na província brasileira de São Paulo, no Paraguai e na província de Corrientes, o povo, e sobretudo as mulheres, ainda só falam o GUARANI, que é sem dúvida muito misturado com palavras espanholas e portuguesas, mas que não deixa de ser a verdadeira língua geral, que se fala da Guiana aos Andes e nas proximidades de La Plata. """""""""""""""""""""""""""""""" - Martin de Moussy, Description Géographique et statistique de la Confédération Argentine Vol. 2, 1860 pag 154",0,2026-08-13
UgxKREy0QWCVZPuV2tt4AaABAg,KdzrMY_QPiE,Renan Santos,@joaopedrotoledofernandes6422,2026-08-12T15:35:28Z,!!!,0,2026-08-13
UgwQxQeZG0etbMSoz254AaABAg,KdzrMY_QPiE,Renan Santos,@BRSurvivor32,2026-08-12T14:27:52Z,passa 1 dia como vaqueiro,0,2026-08-13
UgzNHp4H3pNXHu2j1c54AaABAg,KdzrMY_QPiE,Renan Santos,@tiagobertagnolli,2026-08-12T13:29:42Z,"Apesar do Kim ter votado contra a escala 5×2 que só a elite tem essa escala como funcionários públicos funcionários da prefeitura os deuses da justiça.....
Mas tudo bem foi o único voto que eu nao gostei dele pois o resto o cara é foooooooood... 
E vou votar no Renan porra, esse cara tem um conhecimento absurdo me lembra o neneas um pensador que debochavam mas hoje todos choram por nao ter votado nele pois tudo o quê ele falava hoje ta acontecendo.
Outra coisa, o Renan tem conhecimento absurdo sobre política  estou pasmem pelo técnica de argumento que ele tem, até acho que deveria mudar um pouco usar mais termos culturais para atingir os mais pobres que tem problemas de linguagem portuguesa.
Agora chega dessa mer..... rachadinhas e ladrões da BR, precisamos de um que entre la com uma marreta no ombro e diz agora que manda sou eu kkkkkkkk
Achei que o bozo ia fazer isso mas é um baita de um caga...!",0,2026-08-13
UgzNHp4H3pNXHu2j1c54AaABAg.A_PmN4jTr3AA_QeqOc31wn,KdzrMY_QPiE,Renan Santos,@NanarVieiraMartins,2026-08-12T21:43:11Z,"O kim não é contra a escala 6x1, ele é contra como o texto esta escrito hoje, que não tem fundamento, só irá jogar ainda mais as pessoas para a informalidade, esse que é o problema,",0,2026-08-13
UgzkNrETG_a33jLyThV4AaABAg,KdzrMY_QPiE,Renan Santos,@marcosmiranda876,2026-08-12T13:29:27Z,Esperando o vídeo sobre pecuária,0,2026-08-13
Ugw8cqhD5HKBPG_i8jh4AaABAg,KdzrMY_QPiE,Renan Santos,@kamilabizetto9191,2026-08-12T09:41:30Z,"Que legal, já estou enviando pro meu pai que já foi pantaneiro! 14",0,2026-08-13
UgyK2U7zkXgibQT48SN4AaABAg,KdzrMY_QPiE,Renan Santos,@antoniohbj19,2026-08-12T09:13:52Z,"Bom dia, Renan, gostaria de saber do senhor sobre o IVA, ou o split payment, e gostaria da sua opinião",0,2026-08-13
UgxEgzcGJm4FrUTKESF4AaABAg,KdzrMY_QPiE,Renan Santos,@culturadoscubes,2026-08-12T06:00:30Z,"Caralho, conteúdo de qualidade",0,2026-08-13
UgyLf8PbW1j44YRMv5V4AaABAg,KdzrMY_QPiE,Renan Santos,@cosmelazaroRJ,2026-08-12T05:05:16Z,mandinha n gostou do terere kkk,0,2026-08-13
UgySoiShXpw2Q2xs9yR4AaABAg,KdzrMY_QPiE,Renan Santos,@simao1902,2026-08-12T03:38:56Z,Posso falar? Baita vídeo!,0,2026-08-13
Ugy_Fzqr5i9raVTyTKh4AaABAg,KdzrMY_QPiE,Renan Santos,@simao1902,2026-08-12T01:54:25Z,Inevitável,0,2026-08-13
UgxUKdVePAJxRHC0vXd4AaABAg,KdzrMY_QPiE,Renan Santos,@NacionalismoBrasil-o6p,2026-08-12T00:31:04Z,"""""""""""""""""""""""""""""""""Vai boi"""""""""""""""""""""""""""""""" 😂😂😂",0,2026-08-13
Ugzwg-FTZj55qq8Edqh4AaABAg,KdzrMY_QPiE,Renan Santos,@taniabianchini8265,2026-08-11T23:47:13Z,Sr. Inteligentissimo,1,2026-08-13
UgxjQW-l4kuzaczas9Z4AaABAg,KdzrMY_QPiE,Renan Santos,@caiomoreiracosta7533,2026-08-11T23:29:39Z,Etiqueta dos peão na hora de comer haahahaha,0,2026-08-13
UgyrnOdDAmK0srAS3L94AaABAg,KdzrMY_QPiE,Renan Santos,@PhablloRafael,2026-08-11T23:22:24Z,Baita vídeo,1,2026-08-13
UgzFAcT33awTn4I0lml4AaABAg,KdzrMY_QPiE,Renan Santos,@MeDebata,2026-08-11T23:03:42Z,ótimo,0,2026-08-13
Ugw2nQkr40N05DPbmsJ4AaABAg,KdzrMY_QPiE,Renan Santos,@Victorhca,2026-08-11T22:58:08Z,Êêra Boooi e 1️⃣4️⃣ neles! 🇧🇷🐆,0,2026-08-13
Ugw65B2izFVzh2IW4tZ4AaABAg,KdzrMY_QPiE,Renan Santos,@marceloalexandre546,2026-08-11T22:54:45Z,Vai lá moer o Pedro Doria?,0,2026-08-13
Ugz_9FNrQxlsvzrG0od4AaABAg,KdzrMY_QPiE,Renan Santos,@PatoPolitico,2026-08-11T22:35:43Z,CARACA QUE EPISÓDIO BOM! 〽️,0,2026-08-13
Ugy-s_adX7EVTgKY63Z4AaABAg,KdzrMY_QPiE,Renan Santos,@PatoPolitico,2026-08-11T21:51:28Z,RENAN SANTOS 💛🖤🤍,0,2026-08-13
UgxZvTkATx_HPov-D6l4AaABAg,KdzrMY_QPiE,Renan Santos,@brancaneves5622,2026-08-11T21:47:20Z,Entrevista para o Pedro Doria?,0,2026-08-13
UgyJhOj2UJzO9pbVhQN4AaABAg,KdzrMY_QPiE,Renan Santos,@Kryvex123,2026-08-11T21:41:49Z,"Mateus 24:14, Jesus afirma: """"""""""""""""""""""""""""""""E este evangelho do reino será pregado em todo o mundo como testemunho a todas as nações, e então virá o fim"""""""""""""""""""""""""""""""".",0,2026-08-13
UgxLBbc4HcO8TB6YA8N4AaABAg,KdzrMY_QPiE,Renan Santos,@braynnwinter4019,2026-08-11T21:17:16Z,O homi é bão 🤠,0,2026-08-13
UgwBPGU1GdXL5x3R6Pd4AaABAg,KdzrMY_QPiE,Renan Santos,@mateussebastiany,2026-08-11T20:35:57Z,"Caramba, vocês gravaram a cavalgada com o que? uma câmera em cima de uma metralhadora, cade o estabilizador? hahahah Vocês precisam revisar os equipamentos de vocês! E não só a cavalgada, todo o vídeo está tremido!",0,2026-08-13
Ugy52oqVGsZZnUc5r1d4AaABAg,KdzrMY_QPiE,Renan Santos,@cabecagone8727,2026-08-11T18:43:10Z,Vai pra cima o petismo e bolsonarismo vai cair,1,2026-08-13
UgwCSdzKIkAU3xVoriN4AaABAg,KdzrMY_QPiE,Renan Santos,@Dg_lima02,2026-08-11T18:26:37Z,Já tem meu voto e minha última esperança 14 🚀,2,2026-08-13
UgyEmIUEosSaoPzUKDR4AaABAg,KdzrMY_QPiE,Renan Santos,@Vinii-tj,2026-08-11T17:57:21Z,"Próximo vídeo do zema é cavalgando na roça, pode anotar 😂.",0,2026-08-13
UgxR9PGb4S6gV56fVUV4AaABAg,KdzrMY_QPiE,Renan Santos,@luizguilherme2592,2026-08-11T17:45:43Z,é para ficar parado?,0,2026-08-13
UgxYNvYeaVVaagExWxh4AaABAg,KdzrMY_QPiE,Renan Santos,@Éuveis,2026-08-11T17:44:54Z,"Vem para o Mato-Grosso Renan, não posso votar ainda, mas se pudesse meu voto era seu",0,2026-08-13
UgykQLvr4mh7MAhDF4J4AaABAg,KdzrMY_QPiE,Renan Santos,@Kracudo-de-pólvora,2026-08-11T17:11:50Z,Renan só vai ganhar as eleições se a Amanda casar comigo. Trato feito ?,1,2026-08-13
UgzO4SN-18NaoblMSPp4AaABAg,KdzrMY_QPiE,Renan Santos,@noobzinhobr2880,2026-08-11T16:32:50Z,"Hehe kkkkkkkkk tá aí meu candidato, se divertindo
Edit: como é interessante ver como a cabeça do Renan pensa, é tudo mt rápido, dinâmico, jamais vão entender pq me encantei em querer votar nesse maluco kkkkk",0,2026-08-13
Ugxjc_PUHdxZl1Sff9B4AaABAg,KdzrMY_QPiE,Renan Santos,@dennyoliver069,2026-08-11T16:12:44Z,Renan Santos 14 🗳️⬛️🟨⬜️✔️,0,2026-08-13
UgzS_O8JWaKRGWiCV7h4AaABAg,KdzrMY_QPiE,Renan Santos,@tgiott,2026-08-11T16:08:32Z,"19:40 Pode clipar. 

Presidente se decepciona quando nao consegue pegar a mandioca.",0,2026-08-13
Ugx0rhCQBQLpzMRtdvl4AaABAg,KdzrMY_QPiE,Renan Santos,@Account3004,2026-08-11T15:59:15Z,MEU PRESIDENTE 🔥🔥1️⃣4️⃣,0,2026-08-13
UgyhpO91I71TUl5f-gB4AaABAg,KdzrMY_QPiE,Renan Santos,@maquiadorroludo,2026-08-11T15:16:00Z,O futuro é furioso contra esse tipo de vigarista!,0,2026-08-13
UgwXUeUxe_RkY_5WFmB4AaABAg,KdzrMY_QPiE,Renan Santos,@ronanhenrique2236,2026-08-11T14:48:11Z,Po meu sonho trabalhar assim todo dia,0,2026-08-13
UgxiMCAQR_G3fIgIYwJ4AaABAg,KdzrMY_QPiE,Renan Santos,@marcelosakata7510,2026-08-11T14:46:07Z,O Futuro é glorioso!,0,2026-08-13
UgwvTdeGTsM6sqAmt7l4AaABAg,KdzrMY_QPiE,Renan Santos,@pav10021,2026-08-11T13:48:23Z,"O Brasil inteiro é povoado por gente que trabalha e produz incessantemente, somente na área pública (politicos e autoridades) é que deixam a desejar. 60% da máquina é ocupada por gente incompetente e que não tem interesse algum em colaborar com a construção e o desenvolvimento do país. A maioria só pensa em si próprio e em dinheiro, destoa com a maioria dos fazendeiros e do pessoal envolvido no AGRO e na produção. Destoam também dos trabalhadores e administradores de empresas privadas. Nosso país precisa de gente mais preparada e que conheça bem o país para que realmente possa governar com qualidade e utilidade. Nos ultimos 50 anos só tivemos no comando do país um bando de imbecis , que nem conheciam o país e tem na atualidade um desgovernante que só faz o Brasil passar vergonha. 

Precisamos mudar se quisermos crescer e evoluir.",0,2026-08-13
UgxPawFu4EE-vdYuSGR4AaABAg,KdzrMY_QPiE,Renan Santos,@bentocarvalho1680,2026-08-11T13:47:20Z,Amandinha tá linda kkkk top DMS,0,2026-08-13
UgwvEJRgRc5qC7iybVp4AaABAg,KdzrMY_QPiE,Renan Santos,@multiversom,2026-08-11T13:40:40Z,Meu presidente feliz é eu feliz,0,2026-08-13
UgzMpBncocfTHowkVyR4AaABAg,KdzrMY_QPiE,Renan Santos,@obiisppo,2026-08-11T13:39:02Z,"Só um conselho, liga o estabilizador da camera ou compra um gimbal porque ta muito ruim ficar pulando a imagem, audio esta top",0,2026-08-13
Ugx_vp5artF8iqYfsmB4AaABAg,dhxWlF2ueqc,Renan Santos,@wesleypereiramendesdasilva7084,2026-08-13T15:42:22Z,Nem isso um ano e meio tá na rua por bom comportamento 😂😂😂 o Brasil e uma piada,0,2026-08-13
Ugwwdu5wR1bk1ALprTx4AaABAg,dhxWlF2ueqc,Renan Santos,@RicardoNogueira-p3v,2026-08-13T12:23:20Z,Ela só quer lacrar!,0,2026-08-13
UgwWluwAtmU0RoHbYRJ4AaABAg,dhxWlF2ueqc,Renan Santos,@davidrocky,2026-08-13T11:22:49Z,Qual a fonte destes dados? Faltou colocar!,0,2026-08-13
UgxGa8payMpgDPpe9HB4AaABAg,dhxWlF2ueqc,Renan Santos,@grgr4276,2026-08-13T11:09:08Z,🐆🇧🇷,0,2026-08-13
UgzHbpCwD_pTgrj3jnh4AaABAg,dhxWlF2ueqc,Renan Santos,@joao.carlos.1877,2026-08-13T09:17:38Z,Brabo.,0,2026-08-13
UgwIEq3DFWl5kg_q3nB4AaABAg,dhxWlF2ueqc,Renan Santos,@easyprogramer4528,2026-08-13T05:41:30Z,leva a lousa para sabatina na próxima,0,2026-08-13
UgyXhNCzNu5o5uRMjTB4AaABAg,dhxWlF2ueqc,Renan Santos,@hebertcavalheiro2948,2026-08-13T03:51:11Z,"O formato de vídeo é bom, as propostas também, quem sabe na próxima eleição voce ganha, continua firme que vai chegar lá!",0,2026-08-13
UgzBShL9PNryVwt_CLF4AaABAg,dhxWlF2ueqc,Renan Santos,@MarcosPix-d1d,2026-08-13T03:24:14Z,"Obrigado por tirar votos do Flávio raxamaster, assim Lula já ganha no primeiro turno.",0,2026-08-13
UgyXowZS5ddar5GljyN4AaABAg,dhxWlF2ueqc,Renan Santos,@sarasouza1660,2026-08-13T03:22:36Z,"O problema da maior parte da população é preguiça de pensar e pesquisar, o Renan Santos faz a pesquisa por todos .",0,2026-08-13
UgyrwqB4iD-_Qc9zfx94AaABAg,dhxWlF2ueqc,Renan Santos,@sarasouza1660,2026-08-13T03:20:33Z,"Essa Sra Andréa Sadi se acha a última bolacha do pacote, tudo Ela fala , a fonte tal , a fonte y.. AFF",0,2026-08-13
UgzNGnXTLO5wZUxOYxp4AaABAg,dhxWlF2ueqc,Renan Santos,@MarcosPix-d1d,2026-08-13T03:19:17Z,Obrigado por ajudar i Lula a vencer no primeiro turno,0,2026-08-13
Ugz3zrZQtF7ZyCSz6gJ4AaABAg,dhxWlF2ueqc,Renan Santos,@thiagoresende9433,2026-08-13T03:03:10Z,"Progressão de pena é um mecanismo necessário em qualquer sistema que não comporte prisão perpétua ou pena de morte. 30 anos está longe de ser uma pequena pequena, pelo que aumentar pra 60 não vai fazer diferença nenhuma quando o assunto é diminuir a ocorrência desses crimes. O que faz o criminoso pensar duas vezes antes de cometer o crime é a certeza de que será punido de forma relevante e não o tamanho da punição propriamente. 30 ou 60 não faz diferença se eu acredito que o caso nem será investigado. 

Vocês estão caindo no mesmo punitivismo do Bolsonaro de 2018, que não vai sair do papel do mesmo jeito que o dele não saiu.",0,2026-08-13
Ugwh4Ay9MEEwBEg0j_V4AaABAg,dhxWlF2ueqc,Renan Santos,@wiliamamorim4135,2026-08-13T02:54:40Z,"Éh, Renan... se você não ganhar, o brasileiro perde!",0,2026-08-13
UgyzJ7K6Yp1DIXVAcRF4AaABAg,dhxWlF2ueqc,Renan Santos,@Safira-t1p8e,2026-08-13T02:34:49Z,"Fala a verdade Renan, foda-se Lula e Bolsonaro agora é Renan",0,2026-08-13
UgxUIPg2BRpB_rCFLEl4AaABAg,dhxWlF2ueqc,Renan Santos,@luizbidart7545,2026-08-13T01:57:03Z,ARREBENTA RENAN...,0,2026-08-13
UgyRWXBVbMe_LfdiEHl4AaABAg,dhxWlF2ueqc,Renan Santos,@TedgenoKabeto,2026-08-13T01:25:42Z,AUMENTAR A PENALIDADE DOS CRIMES PARA 70 ANOS,0,2026-08-13
UgyRWXBVbMe_LfdiEHl4AaABAg.A_R3JFJf14CA_R3OYZJe0W,dhxWlF2ueqc,Renan Santos,@TedgenoKabeto,2026-08-13T01:26:26Z,CRIME É CRIME,0,2026-08-13
UgyRWXBVbMe_LfdiEHl4AaABAg.A_R3JFJf14CA_R3RbEPmkX,dhxWlF2ueqc,Renan Santos,@TedgenoKabeto,2026-08-13T01:26:51Z,CONCORDO CONTIGO,0,2026-08-13
UgxizSqf1SEObG4CcOB4AaABAg,dhxWlF2ueqc,Renan Santos,@wagnerlemes2034,2026-08-13T00:31:36Z,Missão,0,2026-08-13
UgxDZ46N1Rh-hCaRcdt4AaABAg,dhxWlF2ueqc,Renan Santos,@lucasdecastro5184,2026-08-13T00:07:08Z,"Se não for eleito nessa eleição, será na próxima, meu empreendedor fracassado",0,2026-08-13
Ugxo6935MRoYk0pm7Yd4AaABAg,dhxWlF2ueqc,Renan Santos,@amoia5637,2026-08-12T23:41:09Z,❤,0,2026-08-13
UgxHMLN3i9dKz5QSyd94AaABAg,dhxWlF2ueqc,Renan Santos,@adriano10015,2026-08-12T23:32:00Z,Somelier de assassinato kkkkkkkkkkkkkkkkkkkkkkkkkk,0,2026-08-13
UgzHZO7tRw3F3gTgkz94AaABAg,dhxWlF2ueqc,Renan Santos,@papitestri3879,2026-08-12T23:03:12Z,Vai ganhar!!,0,2026-08-13
UgzM6U1udZyPdrDOZNt4AaABAg,dhxWlF2ueqc,Renan Santos,@ernatcho6409,2026-08-12T22:19:59Z,"Renan Santos vc é aquele cara bem burro nervosinho que acha que é inteligente. Todo mundo conhece um desses. Constrangedor. No futuro quando olharem pra essas imbecilidades que vc fala, O POVO VAI SENTIR VERGONHA. Vc eh uma criatura pro esgoto da história.",0,2026-08-13
UgySpPjEhKpWQkgd_HR4AaABAg,dhxWlF2ueqc,Renan Santos,@andreb72736,2026-08-12T21:53:01Z,O Futuro é Glorioso ⬛🟨⬜,0,2026-08-13
UgxoF9agWx7KY2lQcRx4AaABAg,dhxWlF2ueqc,Renan Santos,@TheAnePink,2026-08-12T21:52:35Z,Isso mesmo! Tem que trabalhar todos os casos! 👏🏻👏🏻👏🏻,0,2026-08-13
UgxuzuFH1C8ka1GuCLd4AaABAg,dhxWlF2ueqc,Renan Santos,@iurimuller950,2026-08-12T21:22:19Z,A verdade é a verdade. Não adianta😂,0,2026-08-13
UgyFMwz10G4EffrXhHJ4AaABAg,dhxWlF2ueqc,Renan Santos,@JAMESSANTOS6868,2026-08-12T21:02:56Z,Vdd,0,2026-08-13
UgzwK-qJ_hTXf8IflSR4AaABAg,dhxWlF2ueqc,Renan Santos,@refletirexistir,2026-08-12T20:52:52Z,"Estou reparando o aumento de votos em Renan, na faixa 60+",0,2026-08-13
UgxvunpJA8A9AhBkJMR4AaABAg,dhxWlF2ueqc,Renan Santos,@refletirexistir,2026-08-12T20:49:46Z,Pedofilia na China é pena de morte. Concordo.,0,2026-08-13
UgxFXzYHBtGKWoYbMLp4AaABAg,dhxWlF2ueqc,Renan Santos,@AndreSilva-ce1gk,2026-08-12T20:45:49Z,Por favor,0,2026-08-13
UgxtaB5KR7GkzXB32C14AaABAg,dhxWlF2ueqc,Renan Santos,@vanderleinunes3276,2026-08-12T20:37:22Z,"Sem Flavio e sem Lula gente, vamos pensar 1x na vida e vota nesse cara",0,2026-08-13
Ugyx2dRqQ3L469pNGNZ4AaABAg,dhxWlF2ueqc,Renan Santos,@dramondestroyer1002,2026-08-12T19:02:05Z,Vídeo obrigatório,0,2026-08-13
UgyMLkTqyhiP_ypxagl4AaABAg,dhxWlF2ueqc,Renan Santos,@thiagodepaula3146,2026-08-12T18:36:38Z,"Eu sou mais de esquerda, principalmente economicamente falando, e voto Lula. Acho que ele fez um bom governo, dadas as circunstâncias (sobretudo essa desordem institucional que vivemos e o Congresso mais bandido e poderoso da história). Mas realmente não entendo quem é de direita não votar no Renan.

Os caras do Missão são muito preparados, sabem do que falam, têm visão para o Brasil (embora eu não concorde com tudo). É legal ver ele e Kim falando sobre projetos. São pragmáticos acima de tudo, enquanto a esquerda se perde em baboseira identitária como se fôssemos a Noruega.

Adoraria ter um segundo turno Lula x Renan, acho que o Brasil só teria a ganhar ao enterrar o bolsonarismo de vez.",0,2026-08-13
Ugyn7-oNOPtf2_WDk914AaABAg,dhxWlF2ueqc,Renan Santos,@josiasnery7701,2026-08-12T18:15:51Z,"Todo dia tenho que ouvir o Renan em algum video, é bom demais",0,2026-08-13
UgwbzXh09CIyHB2P0xJ4AaABAg,dhxWlF2ueqc,Renan Santos,@cesar_silva,2026-08-12T17:35:02Z,Ela não se importa com fatos. PT pagando o boleto da Globo é o que importa.,0,2026-08-13
Ugy40eHOiQCt6BNBIVJ4AaABAg,dhxWlF2ueqc,Renan Santos,@eduardomuller6727,2026-08-12T17:26:57Z,"Espero que mantenha isso ate o fim, ta na hora uma representacao de verdade pras pessoas de bem. Sem mi mi mi e joguinhos",0,2026-08-13
Ugz0H4HCpXtXP7V6RhF4AaABAg,dhxWlF2ueqc,Renan Santos,@mariojunior1305,2026-08-12T17:08:08Z,"Excelente argumento. Tem que diminuir qualquer tipo de """"""""""""""""""""""""""""""""...cídio"""""""""""""""""""""""""""""""". Na próxima entrevista pergunta se feminismo é melhor que machismo.",0,2026-08-13
Ugxe9gWws3X6iZ13xA54AaABAg,dhxWlF2ueqc,Renan Santos,@seniorbolinho9712,2026-08-12T17:03:46Z,Renan Santos para presidente!!!!,1,2026-08-13
UgzzrkWdrcMge5EK_aZ4AaABAg,dhxWlF2ueqc,Renan Santos,@saviohenrique4002,2026-08-12T16:27:02Z,"Pra lei ser cumprida, precisa destruir o judiciário corrupto. E ai, como vai fazer?",0,2026-08-13
Ugxs5MQuXPVjUihUvm54AaABAg,dhxWlF2ueqc,Renan Santos,@PsychodelicoPsy,2026-08-12T16:18:06Z,"Gente, q q o presidente vai fazer sobre feminicidio ou qualquer outro tipo de assassinato, isso é uma tarefa do governo estadual junto com quem está abaixo, cada estado que lute por si e suas maneiras de resolver o problema.",0,2026-08-13
UgwtbYDxucANeFJWy-54AaABAg,dhxWlF2ueqc,Renan Santos,@juliovieira9510,2026-08-12T16:05:27Z,Concordo plenamente. Se esse Renan for para o segundo turno terá meu voto.,0,2026-08-13
UgxrU26xC7IuEOiArct4AaABAg,dhxWlF2ueqc,Renan Santos,@felipejhonatan9330,2026-08-12T15:56:54Z,",👏🏻👏🏻",0,2026-08-13
Ugy_YDV1u3pw9nMMZBJ4AaABAg,dhxWlF2ueqc,Renan Santos,@musicalivre-cu9ul,2026-08-12T15:42:40Z,"""""""""""""""""""""""""""""""""não é tanto"""""""""""""""""""""""""""""""" kkkkkk parei nessa parte",0,2026-08-13
UgyMlKBDnMwteM20M4B4AaABAg,dhxWlF2ueqc,Renan Santos,@raulandrade3688,2026-08-12T15:40:59Z,Vai ver se os outros candidatos dão uma explicação dessas e tratam o tema com tanta transparência. Parabéns Renan.,0,2026-08-13
UgxOPgOC-16i286kvYV4AaABAg,dhxWlF2ueqc,Renan Santos,@gustavolavinia8771,2026-08-12T15:31:33Z,Meu presidente 👏,0,2026-08-13
UgxlU5FSH5H9E84wjR14AaABAg,dhxWlF2ueqc,Renan Santos,@lindhonjonhsontoledo3672,2026-08-12T15:25:29Z,Muito didático...,0,2026-08-13
Ugy2MQgs4rJZDfC4cXR4AaABAg,dhxWlF2ueqc,Renan Santos,@PlanoLogos,2026-08-12T15:24:55Z,Seria legal ter colocado a fonte.,0,2026-08-13
UgxIDPFD_SIctX3gjwp4AaABAg,dhxWlF2ueqc,Renan Santos,@Onerdmisterioso,2026-08-12T15:11:18Z,14.,0,2026-08-13
UgyBxC8R7A5mtpcwMcZ4AaABAg,dhxWlF2ueqc,Renan Santos,@subarashi3946,2026-08-12T15:01:06Z,Aula gratuita. Obrigado.,0,2026-08-13
UgycApdITcxKim1B-wF4AaABAg,VEb_ZJ1fUb4,Renan Santos,@pedrohenriquepereiracosta298,2026-08-13T15:08:15Z,"tmj, estou falando com todo mundo que tenho contato. primeiro eles acham que não tem chance depois quem veem como vcs falam todo mundo se empolga. Missão Brasil pra sair do funil.",0,2026-08-13
Ugy5csH4HxZnzoBO4Pp4AaABAg,VEb_ZJ1fUb4,Renan Santos,@thiagocruz3933,2026-08-13T15:01:21Z,"Parabéns, o futuro é agora
, vamos pra cima!!",0,2026-08-13
UgzWb2cTKUSHOXx46kV4AaABAg,VEb_ZJ1fUb4,Renan Santos,@MariaGomesGomes-h8n,2026-08-13T13:48:25Z,"É maravilhoso ver esse crescimento, vamos chegar lá com Renan Santos presidente e ter um Brasil SÉRIO, EVOLUÍDO e um FUTURO GLORIOSO!!🇧🇷👁👁🇧🇷👏🏽👏🏽👏🏽👏🏽👏🏽👏🏽👏🏽👏🏽👏🏽🥰",0,2026-08-13
Ugy61YsPKZquHX97tqN4AaABAg,VEb_ZJ1fUb4,Renan Santos,@wellingtonviniciuscaetanod7277,2026-08-13T12:34:18Z,Temos que mudar essa velha política e esses velhos políticos,0,2026-08-13
Ugxr5f0wiEB4dbbTNdJ4AaABAg,VEb_ZJ1fUb4,Renan Santos,@MarceloTIGA,2026-08-13T11:32:07Z,Avante Missão 1️⃣4️⃣💪🏾,0,2026-08-13
UgzfAyg1yzgwrrWNYfx4AaABAg,VEb_ZJ1fUb4,Renan Santos,@alinegomes2323,2026-08-13T11:20:34Z,"@RENAN, levante um candidato a governador em Belém só Pará!;Aline de Belém do Pará.",0,2026-08-13
UgxuUrFhUivBIVT1ikZ4AaABAg,VEb_ZJ1fUb4,Renan Santos,@vanessagerson5474,2026-08-13T10:02:38Z,Bom dia. O candidato do Rio de Janeiro. Obrigado.,0,2026-08-13
UgyvrQi888YerGNwv8F4AaABAg,VEb_ZJ1fUb4,Renan Santos,@joao876batista,2026-08-13T09:28:30Z,👏👏👏👏👏👏👏💪💪,0,2026-08-13
UgyFi2vG21XBznxrJOF4AaABAg,VEb_ZJ1fUb4,Renan Santos,@matheusschumacher5779,2026-08-13T00:53:05Z,"O missão da mto orgulho cara, acho que nenhum eleitor na história do Brasil sentiu tanto orgulho de votar em alguém e falar do seu politico quanto a gente que apoia o missão, namoral, vcs são bons demais, eu  tava vendo o Brigadeiro jantando no debate a mulher de esquerda la kkkkkkkk mt satisfatorio",0,2026-08-13
UgxHFl7gns0ZFKzkp014AaABAg,VEb_ZJ1fUb4,Renan Santos,@samuelsouza4314,2026-08-12T21:42:00Z,"Massa o futuro mais que glorioso, meu voto já é seu e da minha familia aqui Jacareí SP tmj 14",0,2026-08-13
UgzgdhqB0p2ZGQBb8qB4AaABAg,VEb_ZJ1fUb4,Renan Santos,@SimonGhostRylei,2026-08-12T21:34:36Z,🫡⬛⬜🟨,0,2026-08-13
UgxAPrT-03Ta5mx6z6F4AaABAg,VEb_ZJ1fUb4,Renan Santos,@shortsgeral1259,2026-08-12T20:28:40Z,"Maranhão um estado muito pequeno e irrelevante bem dizer , esse sonho das felinas está muito engraçado 😂😂😂",0,2026-08-13
Ugz_3B-OtLAoUlyUGBh4AaABAg,VEb_ZJ1fUb4,Renan Santos,@RenatoRock-g6o,2026-08-12T20:26:43Z,Aqui no Pará tem? Tô louco pra tirar o poder das mãos dos Barbalhos...,0,2026-08-13
UgxrAUIouPLUXYNHft14AaABAg,VEb_ZJ1fUb4,Renan Santos,@jadsonbezerragoncalves6111,2026-08-12T20:16:13Z,Segue o plano 🇧🇷,0,2026-08-13
UgzhayRJ41p9dTQRdFZ4AaABAg,VEb_ZJ1fUb4,Renan Santos,@maiconpacheco3586,2026-08-12T17:52:44Z,Revolução!!!!!!!!,0,2026-08-13
Ugyob2GH59PVjKk-cBN4AaABAg,VEb_ZJ1fUb4,Renan Santos,@nathanalvesss,2026-08-12T15:18:53Z,1️⃣4️⃣🇧🇷,0,2026-08-13
UgxZl9aZEH2sxAjcMdB4AaABAg,VEb_ZJ1fUb4,Renan Santos,@hildojr4441,2026-08-12T14:25:29Z,Tem missão na baixada.....??,0,2026-08-13
UgyXRQQcd2VHWqTqfad4AaABAg,VEb_ZJ1fUb4,Renan Santos,@izildafaria3776,2026-08-12T12:58:01Z,Maranhão parabéns pelo candidato da Missão.  Queria ter um assim em São Paulo,0,2026-08-13
UgxwBxdbzSm81mpLOT94AaABAg,VEb_ZJ1fUb4,Renan Santos,@natanaelmedeiros8773,2026-08-12T12:37:51Z,"Faltou candidato ao governo da Paraíba, estamos precisando aqui...",0,2026-08-13
UgweeHCQMsWsmt1DePV4AaABAg,VEb_ZJ1fUb4,Renan Santos,@pinhapoli9580,2026-08-12T12:27:20Z,🖤🐆💛 Renan Santos - Missão  1️⃣4️⃣,1,2026-08-13
UgwfsQqGNc_zhJaJllx4AaABAg,VEb_ZJ1fUb4,Renan Santos,@FranciscaFernandes-f2r2f,2026-08-12T11:56:18Z,"Parabéns missão VMS pra cima desses políticos corruptos, desmascarar eles.O Brasil tem jeito sim 🎉👏🏼🙌🏼",0,2026-08-13
UgwKZXM-IQvYR9HfGwV4AaABAg,VEb_ZJ1fUb4,Renan Santos,@ManoMax,2026-08-12T11:44:58Z,Cadê candidato a Governo e Senado aqui na Paraíba? 😢,0,2026-08-13
UgyO4sgodmuChjTwB314AaABAg,VEb_ZJ1fUb4,Renan Santos,@EgremaraMartins,2026-08-12T11:22:37Z,Muito Bem 😊. Vamos todos trabalhar juntos para um país melhor . ❤🎉😂,0,2026-08-13
UgzEpzTS_rQY46IfSOx4AaABAg,VEb_ZJ1fUb4,Renan Santos,@henrique1581,2026-08-12T10:51:10Z,Missão inevitável 🎉,0,2026-08-13
UgzoAhsqqCwLyBHI4QB4AaABAg,VEb_ZJ1fUb4,Renan Santos,@medicinahumanaxxxiiunprg8063,2026-08-12T10:08:51Z,Brigado por da nos esperança!,0,2026-08-13
UgySHhKae0pujrpq2g14AaABAg,VEb_ZJ1fUb4,Renan Santos,@iara_pimenta,2026-08-12T07:29:47Z,❤,0,2026-08-13
UgzC0jI3MLidCBYWsEB4AaABAg,VEb_ZJ1fUb4,Renan Santos,@AnnynBC1,2026-08-12T00:58:16Z,MISSÃO!!! 🇧🇷🇧🇷🇧🇷🟨⬜⬛1️⃣4️⃣✅👏🏻👏🏻👏🏻👏🏻👏🏻,0,2026-08-13
UgyioFARQNZH5_Dmdvt4AaABAg,VEb_ZJ1fUb4,Renan Santos,@rodrigotaianemacielfarias6802,2026-08-12T00:55:04Z,O Futuro é glorioso 14,0,2026-08-13
Ugw7ev--NaMeApufkN54AaABAg,VEb_ZJ1fUb4,Renan Santos,@ellendasilva6624,2026-08-11T23:26:44Z,PARABENS GOVERNADOR FO MARANHÃO !👏👏👏🔲⬛️🟨,0,2026-08-13
UgxtbxjieV0w4s_MASF4AaABAg,VEb_ZJ1fUb4,Renan Santos,@MeDebata,2026-08-11T23:04:58Z,LEIAM O LIVRO AMARELO,0,2026-08-13
UgxrAd9HDXFQuvonCoN4AaABAg,VEb_ZJ1fUb4,Renan Santos,@LuisCarregal-qq2kk,2026-08-11T21:33:10Z,Até me emocionou,0,2026-08-13
UgykYYEWyPTpXqVsOCZ4AaABAg,VEb_ZJ1fUb4,Renan Santos,@thiagomarcel5196,2026-08-11T19:18:41Z,Só faltou São Paulo né Renan. Agora é ficar a mercê de Fernando Haddad ou Tarcísio.,0,2026-08-13
UgxJj_AvEt2VujU4y8h4AaABAg,VEb_ZJ1fUb4,Renan Santos,@luizcarlos-ry2oq,2026-08-11T18:21:50Z,Fora PT e PL. Leiam o Livro Amarelo🚀 Esqueçam esses sequestradores do seu futuro e do futuro dos seus filhos. Votem 14🐆 pra ter um futuro glorioso.,0,2026-08-13
UgxZ2CagA5i0WwU2Wsx4AaABAg,VEb_ZJ1fUb4,Renan Santos,@chapolinbrasileiro5968,2026-08-11T17:52:26Z,Jesus Cristo e a Nossa Senhora te abençoa e proteja você Renan Santos e seus governadores,0,2026-08-13
Ugz6xS_I_-7aqjaxrhF4AaABAg,VEb_ZJ1fUb4,Renan Santos,@lorenzosantanna5075,2026-08-11T16:42:16Z,"No RS o Luciano Zucco está a frente, mas o discurso é bem fraco. O time missão está muito mais preparado.",0,2026-08-13
UgzK5pC_FG5oGiN7PUZ4AaABAg,VEb_ZJ1fUb4,Renan Santos,@TTTriloko_Gamer,2026-08-11T15:29:22Z,"Quer apostar quanto que todos os candidatos adversários estão comprando o livro amarelo para estudar? 😂
Tenho certeza que eles estão comprando este livro, pq este plano de governo está tão bem estruturado mostrando o pq, e onde o Brasil está doente, e ainda trás o remédio, o tratamento e a cura para o Brasil, tudo no mesmo livro. 😊
Ou seja, vale ouro para todos os políticos e não apenas adversários a presidência. Estudando o livro, os candidatos ficam bem informados para responder e debater qualquer assunto, só vão precisar alterar algumas coisas na hora de responder as perguntas para não ficar identidas as respostas do Livro Amarelo! 📔",0,2026-08-13
UgwyBOOwakScJVwjezh4AaABAg,VEb_ZJ1fUb4,Renan Santos,@marcdaisuke,2026-08-11T14:46:40Z,14 até vingar!,0,2026-08-13
UgwYnrCrSHAYyHS-rut4AaABAg,VEb_ZJ1fUb4,Renan Santos,@XD-LEGO,2026-08-11T14:08:50Z,pior q esse bixo fala bem msm,0,2026-08-13
UgzkDzCkYkn_d_epG2F4AaABAg,VEb_ZJ1fUb4,Renan Santos,@nelsimarasantana07,2026-08-11T13:13:07Z,"Esse vai nos ajudar de verdade, já vam deixando o like e se inscrevendo no canal.
Pois, enquanto ele quer nos ajudar, o lula está reclamando das ações dos outros, que ele também faz, enquanto isso,  O bolsonaro, em vez de mostrar que ele quer ajudar, ele quer inscritos, então, vamos votar no lula🎉🎉🎉",0,2026-08-13
UgzkDzCkYkn_d_epG2F4AaABAg.A_NAfhcAM0vA_NAq_JO-ft,VEb_ZJ1fUb4,Renan Santos,@nelsimarasantana07,2026-08-11T13:14:36Z,"Errei na palavra, é Renan, me desculpen😅😅😅",0,2026-08-13
UgzBXax55ZfmBwG31wF4AaABAg,VEb_ZJ1fUb4,Renan Santos,@MasterChief_H_117,2026-08-11T11:21:06Z,🐆🟨⬛⬜🐆,0,2026-08-13
UgwT4K500LUJOlVFrot4AaABAg,VEb_ZJ1fUb4,Renan Santos,@SolidGAP,2026-08-11T11:12:36Z,O foda é que o governo tenta manter as pessoas burras para que elas não tenham cognição para tomar decisão política por si só,0,2026-08-13
Ugz5Ctb3Rg_6DqSx2WR4AaABAg,VEb_ZJ1fUb4,Renan Santos,@charlesjesus2126,2026-08-11T11:04:40Z,Pra cima Renan!,0,2026-08-13
UgzX0eh6p3rhfN16FkF4AaABAg,VEb_ZJ1fUb4,Renan Santos,@vanessacostasouzasouza9106,2026-08-11T10:48:48Z,Qual o número Andre?,0,2026-08-13
UgyhOY_JHn9xAuySqVZ4AaABAg,VEb_ZJ1fUb4,Renan Santos,@Bittencourtadvocacia,2026-08-11T10:38:32Z,14,1,2026-08-13
Ugy0UXtqtKPYmh_zDxZ4AaABAg,VEb_ZJ1fUb4,Renan Santos,@Bittencourtadvocacia,2026-08-11T10:38:27Z,Renan Santos meu presidente.,1,2026-08-13
UgzpDfvwyF5gSXkVC3R4AaABAg,VEb_ZJ1fUb4,Renan Santos,@TheVacuxamumu,2026-08-11T02:59:23Z,Vai pra cima Guerreiro...,0,2026-08-13
UgymmgEvmLLzidFcHDt4AaABAg,VEb_ZJ1fUb4,Renan Santos,@elieldelta7,2026-08-11T02:49:28Z,Bandidos jogando baixo associando  o presidente  ao tráfico. Quer apoio  ja mentido?,0,2026-08-13
UgymmgEvmLLzidFcHDt4AaABAg.A_M3IzaUFIcA_PRzgKCdwb,VEb_ZJ1fUb4,Renan Santos,@lordedvd2016,2026-08-12T10:22:52Z,É mentira que ele recebeu a dama do tráfico?,1,2026-08-13
Ugw_u3VYcw0_fkWrhl14AaABAg,VEb_ZJ1fUb4,Renan Santos,@DailyMBL,2026-08-11T02:48:52Z,1️⃣4️⃣⬜🟨⬛✅🔥,2,2026-08-13
UgzgCF5c8NU5blSD6yJ4AaABAg,09wYFZ-9Mqc,Renan Santos,@djbokasuja,2026-08-13T15:55:27Z,aguardando a sabatina da globo sobre o lula e o bolsonarinho. 2 medrosos sem pauta.,0,2026-08-13
Ugyn88GBgvBCV69YBpJ4AaABAg,09wYFZ-9Mqc,Renan Santos,@thiagorocha3521,2026-08-13T15:18:42Z,Piada pronta!!!!,0,2026-08-13
UgylaNCbbVQdtdZ6rxZ4AaABAg,09wYFZ-9Mqc,Renan Santos,@jadsonbezerragoncalves6111,2026-08-13T03:45:16Z,Um fato👏👏👏👏,0,2026-08-13
UgxrQ3AbtHsL26wVt0B4AaABAg,09wYFZ-9Mqc,Renan Santos,@AlessandroFernandesMarcatt-p7g,2026-08-13T03:05:48Z,Brabo!😮,0,2026-08-13
UgyMxz3zM_VgnAuKSuR4AaABAg,09wYFZ-9Mqc,Renan Santos,@Safira-t1p8e,2026-08-13T02:49:50Z,"Negão nervoso, gostei, se vacilar ele da uma ranqueada na nuca de um ❤",0,2026-08-13
UgxKGNZOqXSedsTYWjd4AaABAg,09wYFZ-9Mqc,Renan Santos,@mcogamer8969,2026-08-13T02:12:44Z,Kkkkkkkk idiotas,0,2026-08-13
UgyIdrpZrE-smt-YbSV4AaABAg,09wYFZ-9Mqc,Renan Santos,@j.rafaelaraujo,2026-08-13T00:59:21Z,Mas afinal você vai ou não vai participar dos debates Renan? Uma hora fala que é oficial e está fora dos debates outra hora fala que vai ter que mandar muito bem nos debates. P*** que pariu heim!?,0,2026-08-13
UgyWv49Kt1F_aSj5vSd4AaABAg,09wYFZ-9Mqc,Renan Santos,@lilianesantos5053,2026-08-13T00:33:57Z,Chega de bandido no poder! Quero pessoas íntegras na administração do Brasil.,0,2026-08-13
UgzPpzk6Ldb78i28wzx4AaABAg,09wYFZ-9Mqc,Renan Santos,@colina1564,2026-08-13T00:28:26Z,Tá aí um novo político que se ganhar pode fazer a diferença,0,2026-08-13
UgwBgoAU7BbCOFY9KVx4AaABAg,09wYFZ-9Mqc,Renan Santos,@juniorborba8335,2026-08-12T23:59:45Z,Missão/MLB é o futuro,0,2026-08-13
UgwMIp9rgudTVZhZRJp4AaABAg,09wYFZ-9Mqc,Renan Santos,@MasterChief_H_117,2026-08-12T22:33:13Z,Bora pra cima Renan Santos presidente 🟨⬛⬜,0,2026-08-13
UgxsI88MICe7DanlF5J4AaABAg,09wYFZ-9Mqc,Renan Santos,@D-Six,2026-08-12T20:57:59Z,Imagina a pressão que essa cara não tava,0,2026-08-13
UgwbW00g4cqGv0I3UGx4AaABAg,09wYFZ-9Mqc,Renan Santos,@fellipepib,2026-08-12T20:50:46Z,Injusto o busnello não poder. Agora só me resta sair do RJ.  Pq estamos largados 😢,0,2026-08-13
UgzigbvK3PR8kTVuLoB4AaABAg,09wYFZ-9Mqc,Renan Santos,@wiliamalves1985,2026-08-12T17:31:29Z,Vai MISSÃO!!!!! ❤,1,2026-08-13
UgzthrOLLjV9xVQT1mh4AaABAg,09wYFZ-9Mqc,Renan Santos,@mariojunior1305,2026-08-12T17:09:55Z,Dá-lhe Missão!,0,2026-08-13
UgwIAd_ead_PeTKeaQl4AaABAg,09wYFZ-9Mqc,Renan Santos,@joabsonbrasileiromottasouz3996,2026-08-12T16:25:37Z,🎉💪🏽👏🏽👏🏽👏🏽,0,2026-08-13
UgwHplvjEz0v_5f3hER4AaABAg,09wYFZ-9Mqc,Renan Santos,@gleisonsilva6755,2026-08-12T16:17:18Z,Boa tarde.quem vai ser us candidato aq em salvador local do partido missão,0,2026-08-13
UgwbRqJNfEFpwBqR9CN4AaABAg,09wYFZ-9Mqc,Renan Santos,@luizoliveira-c4g,2026-08-12T16:06:19Z,Bom candidato!,0,2026-08-13
UgzQ0xchDDhbQlVqump4AaABAg,09wYFZ-9Mqc,Renan Santos,@fernandogomes3992,2026-08-12T15:17:51Z,🟨🟩⬜️🟦🔳14,0,2026-08-13
UgxlZlfBcjaPFNMK5314AaABAg,09wYFZ-9Mqc,Renan Santos,@paulorobsonoliveira1777,2026-08-12T14:27:53Z,Qual eo candidato do Pará,0,2026-08-13
Ugz6v8wzjgGnxks8KNd4AaABAg,09wYFZ-9Mqc,Renan Santos,@cgribl6847,2026-08-12T12:20:10Z,Quem é o candidato no Rio de Janeiro?,0,2026-08-13
Ugzemh7XhHegI79kmTN4AaABAg,09wYFZ-9Mqc,Renan Santos,@edldl1110,2026-08-12T10:38:36Z,Jogo é bruto. Partido missão é uma ameaça a muitos esquemas. Vai ser tirado de muitos debates,0,2026-08-13
UgwOIhELBBEOY-kwCfd4AaABAg,09wYFZ-9Mqc,Renan Santos,@supermariocross2608,2026-08-12T09:11:15Z,👏👏👏👏👏👏👏👏👏,0,2026-08-13
UgxCxFB5-BaN3sEBORZ4AaABAg,09wYFZ-9Mqc,Renan Santos,@lucasdecastro5184,2026-08-12T04:09:43Z,ele realmente tá se apegando nesse slogan...,0,2026-08-13
Ugy2Ki3wVJN6b4jBncR4AaABAg,09wYFZ-9Mqc,Renan Santos,@zeroff3662,2026-08-12T03:12:04Z,"Eu queria q todos os candidatos levassem o livro amarelo e colocassem no pulpito todas as vzs q forem falar, nem Precisa falar nada so coloquem e ativem a curiosidade das pessoas",0,2026-08-13
Ugy2Ki3wVJN6b4jBncR4AaABAg.A_OfgLXao0eA_PfywiKB2p,09wYFZ-9Mqc,Renan Santos,@cgribl6847,2026-08-12T12:33:50Z,Boa ideia.,0,2026-08-13
UgxWob6AG0PXEr7iMWl4AaABAg,09wYFZ-9Mqc,Renan Santos,@Mario-kr7wm,2026-08-12T02:45:58Z,"Showww, muito bom.1️⃣4️⃣ Sem medo de errar.",0,2026-08-13
Ugx4fm9uuCc4H8rc5it4AaABAg,09wYFZ-9Mqc,Renan Santos,@MatheusEduardo-c2s,2026-08-12T01:29:49Z,Abençoado seja o Brasil 🇧🇷 14 RENAN SANTOS,0,2026-08-13
Ugw3pDglX-wuzXFEwVF4AaABAg,09wYFZ-9Mqc,Renan Santos,@VanessaRibeiroecomm,2026-08-11T22:28:28Z,Já tô seguindo ele!! 🎉🎉 Top demais!,0,2026-08-13
UgzJsR50A3JTYIfMzO54AaABAg,09wYFZ-9Mqc,Renan Santos,@natanaelsantos3976,2026-08-11T22:18:53Z,Missão 💪🏽,0,2026-08-13
UgzLlnqtHzPtBuUAY0h4AaABAg,09wYFZ-9Mqc,Renan Santos,@alz2830,2026-08-11T20:44:35Z,Ele não vai não. Kkkkkk,0,2026-08-13
UgwkXtYclkNmN3bN8CJ4AaABAg,09wYFZ-9Mqc,Renan Santos,@rogertyson8406,2026-08-11T20:06:24Z,Qual é o candidato aki de Minas?,0,2026-08-13
UgyV6anKefHJUUk2u-t4AaABAg,09wYFZ-9Mqc,Renan Santos,@flygramaryferreira2249,2026-08-11T19:17:20Z,Gostaria de saber sobre o DF ! Quem do partido missão estará aqui!?,0,2026-08-13
Ugxf9wU6reM69jMoZrF4AaABAg,09wYFZ-9Mqc,Renan Santos,@gudo-ex1mn,2026-08-11T18:36:29Z,Renan santos presidente do,0,2026-08-13
UgwjggMB88GY3qLoJIl4AaABAg,09wYFZ-9Mqc,Renan Santos,@guilherme-w9j8u,2026-08-11T18:19:29Z,Pra cima deles Missão!,0,2026-08-13
UgzwL111vhAnBAIRKnJ4AaABAg,09wYFZ-9Mqc,Renan Santos,@plone3399,2026-08-11T17:41:23Z,"sou de são Luís Maranhão, e vou votar nele.",0,2026-08-13
UgzP_ZxomPU7ujCdLOp4AaABAg,09wYFZ-9Mqc,Renan Santos,@misaelk8057,2026-08-11T16:52:56Z,14,0,2026-08-13
Ugxgqx881E9F5rdu2FV4AaABAg,09wYFZ-9Mqc,Renan Santos,@galisuns,2026-08-11T16:37:44Z,que música linda,0,2026-08-13
UgwX_kXsD1v0kFayThx4AaABAg,09wYFZ-9Mqc,Renan Santos,@fabinhoeleitoral2.0,2026-08-11T16:06:48Z,É RENAN DE NORTE A SUL DE LESTE A OESTE,0,2026-08-13
UgzarbGtEDni5BLF0Dt4AaABAg,09wYFZ-9Mqc,Renan Santos,@joseamsatos,2026-08-11T14:58:11Z,"Vou com André Luis, 14 na mosca, e morreu maria preá.",0,2026-08-13
Ugz66ONW4t8rxnZylCV4AaABAg,09wYFZ-9Mqc,Renan Santos,@vitorr.8801,2026-08-11T14:22:09Z,1️⃣4️⃣🇧🇷🇧🇷,0,2026-08-13
UgzWxsGH_eRBz5gPM8h4AaABAg,09wYFZ-9Mqc,Renan Santos,@mariaaparecidalimadossanto3351,2026-08-11T14:05:57Z,👏👏👏👏,0,2026-08-13
Ugy0yTMnvCcUQkX9ZbJ4AaABAg,09wYFZ-9Mqc,Renan Santos,@jntechnetworks8689,2026-08-11T13:12:26Z,Botafogo neles Renan!!!!! Kk,0,2026-08-13
UgwGzRzn1cPDXhR0skB4AaABAg,09wYFZ-9Mqc,Renan Santos,@jntechnetworks8689,2026-08-11T13:12:00Z,RJ - Renan Santos é 14,0,2026-08-13
UgxWTXZxhcKZR8vtSw54AaABAg,09wYFZ-9Mqc,Renan Santos,@renancosta2606,2026-08-11T13:01:50Z,BORAA NOSSO GOVERNADOR ANDRE E RENAN SANTOS PRESIDENTE 1️⃣ 4️⃣,0,2026-08-13
UgwAwSa9SRk9-qykl1d4AaABAg,09wYFZ-9Mqc,Renan Santos,@NicolasRegly,2026-08-11T12:30:34Z,INEVITÁVEL,0,2026-08-13
Ugztd94uso4fd0ym03p4AaABAg,09wYFZ-9Mqc,Renan Santos,@allwinkk,2026-08-11T12:21:57Z,Renan Santos presidente,0,2026-08-13
UgzTyZnx1_9-NuNslB54AaABAg,09wYFZ-9Mqc,Renan Santos,@gabrielpaiva1265,2026-08-11T12:13:52Z,"tira o bem Mendes de minas, pelo amor de Deus",0,2026-08-13
Ugy2rZTV9i6Om0Rijzl4AaABAg,09wYFZ-9Mqc,Renan Santos,@tenoriobritto8268,2026-08-11T11:44:28Z,Tá tocando vivaldi no fundo ? La Stravaganza ?,0,2026-08-13
UgxUQElbQwN2KTgimOh4AaABAg,09wYFZ-9Mqc,Renan Santos,@Lunarorj,2026-08-11T11:41:03Z,🎉🎉🎉🎉🎉🎉,0,2026-08-13
UgwOM7Sjidl473m6Ep94AaABAg,IOYcVgicG94,Renan Santos,@ezequiasrodrigues6331,2026-08-13T17:16:08Z,Boa sorte Renan.,0,2026-08-13
UgyHWnjwd-4K2oQw5x14AaABAg,IOYcVgicG94,Renan Santos,@RaquelBarbosa-l5y,2026-08-13T17:12:42Z,"Um lembrete para a galera - esse discurso do W Moura era o mesmo do Bonner, cansado, triste, sem ânimo para continuar na pegada e acabou saindo do JN. Ficou fora por pouco tempo, recuperou o vigor, criou um projeto para continuar trampando e parece que os números já demonstram uma recuperação em sua imagem junto ao público. A sociedade ainda é a mesma, o governo também o mesmo, idem a realidade do país, logo, o problema era o proprio Bonner. Bastou uma ligeira ausência e a percepção da situação se alterou. Fica a dica para o Wagner Moura ...",0,2026-08-13
Ugyg6jTglo_qBjt2ht14AaABAg,IOYcVgicG94,Renan Santos,@ederguedes6762,2026-08-13T17:02:04Z,"Concordo plenamente com a  liberdade da arte mas deixo a seguinte pergunta...  se a arte será livre e deve ser, qual ou quais limites deve ter..???.  se tem plena liberdade, então isso quer dizer que pode tudo...???  Creio que o limite é o bom senso, o respeito, as boas práticas...
Mas então o que seria o limite do bom, do respeito e das boas práticas...???
Quando assistimos algo ou visualizamos uma obra de arte... quais padrões de limites ela deveria ter...???",0,2026-08-13
Ugz2PEfpgD6VMk9s0b14AaABAg,IOYcVgicG94,Renan Santos,@JulianoCruzeSilva2020,2026-08-13T16:35:49Z,"Tu é da mesma turma, rapaz.. tome rumo!",0,2026-08-13
UgxE_Shu6srDaf1N4794AaABAg,IOYcVgicG94,Renan Santos,@adonislayer,2026-08-13T16:33:30Z,"De que adianta """"""""""""""""""""""""""""""""TRAVAR O CÚ DEPOIS DO PEIDO D'AGUA"""""""""""""""""""""""""""""""" Agora esta queimado né!",0,2026-08-13
UgxQrcNDCfNHupYoL-p4AaABAg,IOYcVgicG94,Renan Santos,@clickcrusher,2026-08-13T15:48:33Z,Bill Maher NUNCA foi woke,0,2026-08-13
UgxCkquAe9XYb9gQE2x4AaABAg,IOYcVgicG94,Renan Santos,@zee_thUnderGround,2026-08-13T15:16:31Z,"Excelente ator, péssimo humano.
Só quer saber de pegar o dele. Esses caras não têm escrúpulos. Se puder, eles vendem até a mãe.
Sempre foi """"""""""""""""intelectual de esquerda"""""""""""""""" e agora tá achando q vai falar meia dúzia de palavras e nego vai cair no canto da sereia. 
Vai convencer ninguém com esse papinho furado",0,2026-08-13
Ugz8IOGosyZMTOyPkoB4AaABAg,IOYcVgicG94,Renan Santos,@joaovilasboas318,2026-08-13T14:02:05Z,Kkkkkkkk você nunca mais 🤮,0,2026-08-13
Ugy5s9PFKFdrCHQdkml4AaABAg,IOYcVgicG94,Renan Santos,@marliroxo8053,2026-08-13T13:31:26Z,"Esse nada conforme a maré e, agora, ela tá mudando. Tá sentindo que precisa mudar o discurso......",0,2026-08-13
Ugwncop9PLZh4ydvkCl4AaABAg,IOYcVgicG94,Renan Santos,@eduardobittencourt6858,2026-08-13T13:08:26Z,"Estou enjoado desse Papinho de direita e Esquerda,  desde 2013. Faz 13 anos e continuamos com esse papinho.",0,2026-08-13
UgzEjMzGenNN5zR9Atd4AaABAg,IOYcVgicG94,Renan Santos,@ManoelSilva-uv9ub,2026-08-13T12:58:52Z,Só não cansa de encher o bolso com o nosso dinheiro 💵,0,2026-08-13
Ugy-3cHGYadxKS00VX94AaABAg,IOYcVgicG94,Renan Santos,@Scorfield,2026-08-13T12:49:46Z,"Calma, ele ainda tá lutando contra a ditadura.",0,2026-08-13
Ugx-yaAOfB65ysjZCkl4AaABAg,IOYcVgicG94,Renan Santos,@juliocesarevangelistaperei4961,2026-08-13T12:47:15Z,Na verdade esses dois são odiados  !!,0,2026-08-13
Ugxnz8d0KKEBBWfWM3d4AaABAg,IOYcVgicG94,Renan Santos,@claudialucena4530,2026-08-13T12:21:10Z,Nunca!! Você em um cara como vc.,0,2026-08-13
UgysmW2W75wUYrh-vX14AaABAg,IOYcVgicG94,Renan Santos,@umbertojose5977,2026-08-13T12:11:30Z,O melhor filme mundial está entre os 100 melhores no 66 tropa de elite 2. Com o esquerdista Wagner Moura.,0,2026-08-13
Ugy4NhQhbJJIcEtU6lp4AaABAg,IOYcVgicG94,Renan Santos,@danteferreira6791,2026-08-13T12:07:59Z,Meu presidente,1,2026-08-13
UgyeAG7TX2aBdyHJeKR4AaABAg,IOYcVgicG94,Renan Santos,@danteferreira6791,2026-08-13T12:07:24Z,"Oportunista, vigarista e hipocrita esse Wagner Moura. Não passo nem perto dos filmes dele.",1,2026-08-13
UgwLlKAKv84iK9LVANN4AaABAg,IOYcVgicG94,Renan Santos,@kelicristina9787,2026-08-13T12:03:35Z,É pq a barata dele está começando a assar nos Estados Unidos,0,2026-08-13
Ugy7q0VKam5Oma2wN5p4AaABAg,IOYcVgicG94,Renan Santos,@cleberfarao,2026-08-13T11:54:03Z,Estou desconfiado que o Renam vai apoiar o Lule no segundo turno.,1,2026-08-13
UgwE7UQm9hbMIUcBQ_p4AaABAg,IOYcVgicG94,Renan Santos,@victorssnascimentful,2026-08-13T11:47:32Z,"Mas o cara não pode mudar de ideia?
Ele tem que morrer no erro?",0,2026-08-13
UgxD6mXFV1RCnxefIbd4AaABAg,IOYcVgicG94,Renan Santos,@Andre-py7fm,2026-08-13T11:46:08Z,"Caro Renan meu voto é seu, mas vou lhe dizer uma coisa, tem que mudar aquele judiciário urgente se não vc não vai conseguir fazer nada por esse País, o Câncer começa por alí ....",1,2026-08-13
UgwUvAP9EUQNTZrms2V4AaABAg,IOYcVgicG94,Renan Santos,@rodrigoliberato5611,2026-08-13T11:44:00Z,"É a piripoca, começou a piar pro lado dele agora ele quer mudar de lado.😅😅😅😂😂😂😂😂😂",0,2026-08-13
UgysdUkk647odLeGanx4AaABAg,IOYcVgicG94,Renan Santos,@hvmata4536,2026-08-13T11:43:18Z,Gostaria muito que todos fossem isolados numa  ilha no meio mar.,0,2026-08-13
Ugxo7ExuSnH1znxZLKh4AaABAg,IOYcVgicG94,Renan Santos,@crisborges3842,2026-08-13T11:39:39Z,Hipócritas!,0,2026-08-13
UgyBE0oJ0gZsqVZzBQ14AaABAg,IOYcVgicG94,Renan Santos,@maurodutra4378,2026-08-13T11:38:12Z,Esse cara Wagner Moura e um mapa caráter #acordabrasil,0,2026-08-13
UgyTfpfpb-nYuNbo_0d4AaABAg,IOYcVgicG94,Renan Santos,@marlenecindra4471,2026-08-13T11:18:42Z,Acuse os daquilo que você é né Wagner Moura?,0,2026-08-13
UgxymGEziMEhuYq8hLd4AaABAg,IOYcVgicG94,Renan Santos,@KairoSouza-c3w,2026-08-13T11:16:54Z,Então agora pra ele  não ser cancelado vai ter q dá o butico? kkkkkkkkk.,0,2026-08-13
UgySj4I179Nu7IpHP5Z4AaABAg,IOYcVgicG94,Renan Santos,@milenasantana9192,2026-08-13T11:07:22Z,Não estamos a fim de negociar com vc Wagner Moura 😂😂😂😂 boa!!,0,2026-08-13
UgyxuwN6K853mGGS_vp4AaABAg,IOYcVgicG94,Renan Santos,@CleideSilva-sm8jl,2026-08-13T10:56:02Z,"Espero que vc não faça o mesmo que ele,se posicionando como de direita pra seus interesses.",0,2026-08-13
UgwbUcBYvpbIDC4CXmZ4AaABAg,IOYcVgicG94,Renan Santos,@andrel2532,2026-08-13T10:48:27Z,Se arrependeu de fazer capitão Nascimento kkkkkkk doa a grana ou socialize a grana arrecadado no filme 😂😂😂😂😂,0,2026-08-13
UgyAltA4AoGPFwWv3dN4AaABAg,IOYcVgicG94,Renan Santos,@ExperienceBarbearia,2026-08-13T10:40:22Z,É um gênio,0,2026-08-13
UgwdkF64ywRiU0tgbVV4AaABAg,IOYcVgicG94,Renan Santos,@pedrohenriiquee1510,2026-08-13T09:57:00Z,Meu único inveja que eu senti dele nesse momento foi de estar em Atenas na Grécia que lugar lindo eu achei que era um fundo de cgi pobre é uma tristeza né kkkkkkkk,0,2026-08-13
UgxptDYVZVzaNE2s0oV4AaABAg,IOYcVgicG94,Renan Santos,@blomquistmik,2026-08-13T09:37:58Z,Pior que é isso mesmo,0,2026-08-13
Ugyjdd80puJsj2sc_194AaABAg,IOYcVgicG94,Renan Santos,@jeaneguedes4731,2026-08-13T08:45:31Z,Tadinho.... Pobre menino perturbado.,0,2026-08-13
UgzavChHHJ7FXCy4yqV4AaABAg,IOYcVgicG94,Renan Santos,@johnysantos9669,2026-08-13T06:12:21Z,"Análise profunda sobre uma entrevista a qual não assisti mas que rendeu muitos comentários e chacota também, o mais engraçado disso tudo é que o pobre, preto que não consegue nem ir à praia cai no discurso do malandro branco e rico, que se diz socialista, mas que vive o capitalismo ao extremo.",0,2026-08-13
UgwI2p09QZWLxUwD_Ep4AaABAg,IOYcVgicG94,Renan Santos,@jovitaoliveira2399,2026-08-13T02:52:22Z,Wagner Moura tem razão.,0,2026-08-13
UgxrQgf4DrGxSRvGW2p4AaABAg,IOYcVgicG94,Renan Santos,@ElizabethRosa-d3c,2026-08-13T02:35:03Z,"Esse cara é uma fraude, é nojento",0,2026-08-13
UgypM2Z0qAL94CpUBPR4AaABAg,IOYcVgicG94,Renan Santos,@noemicousseau1566,2026-08-13T02:20:20Z,Não se arrependimento pra quem ganha dinheiro da miséria povo.,1,2026-08-13
UgzF9Sn5LjHEI58MS_R4AaABAg,IOYcVgicG94,Renan Santos,@paulomesquita7654,2026-08-13T02:11:21Z,Saí dai filhote de Lula 😂😂😂,0,2026-08-13
UgwkMge9K2m90m0F5_p4AaABAg,IOYcVgicG94,Renan Santos,@MILENE302,2026-08-13T01:48:26Z,Woke? Que quer dizer? Me desculpem,0,2026-08-13
Ugz0n7XdzdtwdgzzPOt4AaABAg,IOYcVgicG94,Renan Santos,@Domenique-ornitorrinc0,2026-08-13T01:36:44Z,Renan o pior de todos. Prefiro o caneta azul que ele,0,2026-08-13
UgyAQziNT2dJW8Ljxkt4AaABAg,IOYcVgicG94,Renan Santos,@DarlisonAraujo-qg8du,2026-08-13T00:39:16Z,"Ele está se blindando para não perder os privilégios do capitalismo , é um vagabundo que não quer perder as regalias .",0,2026-08-13
Ugwf7dIUFsOACOIfXfd4AaABAg,IOYcVgicG94,Renan Santos,@WilsonAlbuquerquedosSantos,2026-08-13T00:17:47Z,E você é igual a ele 😂😂,0,2026-08-13
UgwiFO8J_gqOnc53JDd4AaABAg,IOYcVgicG94,Renan Santos,@claudiagalhardo398,2026-08-12T23:30:53Z,Preguiça desse povo chato de galocha ...tá cansado na Grécia meu caro????,0,2026-08-13
Ugw0WpSzasWS912EUQJ4AaABAg,IOYcVgicG94,Renan Santos,@letrasdoespaco,2026-08-12T23:01:49Z,Eis o Golem.,0,2026-08-13
Ugwool9OgFAfb4mZVUB4AaABAg,IOYcVgicG94,Renan Santos,@troergameplay,2026-08-12T22:36:24Z,que se foda esses otários,0,2026-08-13
UgxR_GHlH-raK2Weyz94AaABAg,IOYcVgicG94,Renan Santos,@igormachion8054,2026-08-12T22:23:32Z,Toda época de eleição essas pessoas tentam se passar por moderados para conseguir mais votos!,0,2026-08-13
UgxnMLhAZfuucyklTuV4AaABAg,IOYcVgicG94,Renan Santos,@youlex2000,2026-08-12T21:48:26Z,Socialismo para o povo....e capitalismo ..pra mim...vivendo no luxo... hipócrita,0,2026-08-13
UgxVtIUUqbeYAscmuWZ4AaABAg,IOYcVgicG94,Renan Santos,@youlex2000,2026-08-12T21:48:18Z,Socialismo para o povo....e capitalismo ..pra mim...vivendo no luxo... hipócrita,0,2026-08-13
UgzHohn4VbdgDH2ZSkJ4AaABAg,IOYcVgicG94,Renan Santos,@valdemirqt,2026-08-12T21:18:51Z,um hipocrita não acreditem nele,0,2026-08-13
UgyQzE7iJD4W7PW6KNt4AaABAg,VlbhS8bvBHA,Renan Santos,@bkliterff4023,2026-08-13T16:43:25Z,O Renan tá incomodando essa gente podre ... cuidado Renan essa gente é capaz de qualquer coisa,0,2026-08-13
Ugxy78Ila9-yo_Wv6Sd4AaABAg,VlbhS8bvBHA,Renan Santos,@rogerdamatadias6434,2026-08-13T16:11:52Z,Eu não vou poder estar sou do Rio de janeiro. Mas considere o meu total apoio e te espero aqui no Rio de janeiro. Você e toda a equipe do missão. Um grande abraço e Deus abençoe em toda a equipe,0,2026-08-13
UgyIjt2wEKw8pb03Y-Z4AaABAg,VlbhS8bvBHA,Renan Santos,@rogerdamatadias6434,2026-08-13T16:11:07Z,🎉🎉🎉🎉🎉🎉,0,2026-08-13
UgxOH44pkAwzosXlhe94AaABAg,VlbhS8bvBHA,Renan Santos,@rogerdamatadias6434,2026-08-13T16:11:01Z,"Isso aí vamos calar a boca de todo mundo, junto por um Brasil melhor",0,2026-08-13
Ugxr9yfDhV6gEkEvxVB4AaABAg,VlbhS8bvBHA,Renan Santos,@mmjara5039,2026-08-13T14:10:57Z,BORRACHA PRA ESSES DITADORES DA ESQUERDA.,0,2026-08-13
UgyGEMmwDWgaxT7BKAh4AaABAg,VlbhS8bvBHA,Renan Santos,@JoseAugustoQueiroz-sz1qo,2026-08-13T14:09:55Z,"O lixo gosta de mendigo e mendigo gosta do lixo, infelizmente...",0,2026-08-13
UgyI30DNyOxTgz51wIJ4AaABAg,VlbhS8bvBHA,Renan Santos,@rogeriosantos3316,2026-08-13T13:48:37Z,"Só vendo pra acreditar que existem """"""""""""""""seres humanos"""""""""""""""" assim. 
Preferem a desordem, ambiente insalubre, sujeira, bagunça, (provavelmente uso de drogas) e vagabundagem.
E o governo atual nada faz pra mudar essa situação degradante e animalesca, pelo contrário, apoiam tudo de errado só pra se manter no poder. 
Estão em um processo de destruição, sem visão de mundo nem de futuro.",0,2026-08-13
Ugy_OlzVJ9L5bkx86_h4AaABAg,VlbhS8bvBHA,Renan Santos,@nediozandonai5169,2026-08-13T12:07:33Z,Aonde ta os pais desses pseudos estudantes que esqueceram de dar educação pra esses marginais,0,2026-08-13
Ugwp227sAcXLB9-327B4AaABAg,VlbhS8bvBHA,Renan Santos,@alencarsilva6629,2026-08-13T10:05:57Z,"Renan tinha que vim mais para o sul, tem pouca gente que vota nele aqui",0,2026-08-13
UgxGMTDCYL8Ew0uGc394AaABAg,VlbhS8bvBHA,Renan Santos,@chupakun6140,2026-08-13T09:37:56Z,Vamo nessa POHA,0,2026-08-13
UgzHTbXtTpSp0AMc7Eh4AaABAg,VlbhS8bvBHA,Renan Santos,@diogenessantos9582,2026-08-13T09:30:13Z,Só não vou pq moro na Bahia,0,2026-08-13
UgyVXoyZoNtP-Z4Et6R4AaABAg,VlbhS8bvBHA,Renan Santos,@claudiaandrade643,2026-08-13T03:16:43Z,"Vamos pra cima com tudo!
Calar a boca desses falsos comunistas esquerdistas;.com argumentos, posicionamentos, projetos o que vai elevar o país , a nação, o povo.
"""""""""""""""" O PODER DO POVO EMANA PARA O POVO!!!!?🎉🎉🎉🎉🎉",0,2026-08-13
Ugx2XQqRa0j3lPRuatZ4AaABAg,VlbhS8bvBHA,Renan Santos,@henriquelimapires2639,2026-08-13T02:39:19Z,Bora!,0,2026-08-13
Ugzyi1C_OxZYtsqz8e14AaABAg,VlbhS8bvBHA,Renan Santos,@medicinahumanaxxxiiunprg8063,2026-08-13T01:51:03Z,"Bora Lá, a USP tem vagabundos também, incrível",0,2026-08-13
UgzfPcAlJTU66XwHunh4AaABAg,VlbhS8bvBHA,Renan Santos,@AntoniodaCosta-x5t,2026-08-13T01:08:13Z,"Assim seja, vamos em frente ✌🏾🇧🇷 este país não pode não deve continuar como está, aterrorizando, criminosos 😡 o Brasil quebrado, narrativas mentirosas, culpando e prendendo inocentes, e os verdadeiros """"""""""""""""defensores"""""""""""""""" da justiça  envolvidos com crimes, roubando os velhinhos, como eu, aposentado e tendo empréstimo sem eu particularmente vi dinheiro não fiz, e no entanto, pagando a anos um valor alto de prestação mensal...",0,2026-08-13
UgxAY3Tw1Wr_rwPu0N94AaABAg,VlbhS8bvBHA,Renan Santos,@waltercosta1502,2026-08-13T00:46:02Z,"Gente burra é assim mesmo, vende fumaça e acredita no papai noel de vermelho.",0,2026-08-13
UgxQ2R9FkdW5sTrOYx94AaABAg,VlbhS8bvBHA,Renan Santos,@reginaldorodrigues8293,2026-08-13T00:12:50Z,"💛🖤🤍 Missiones futuro do Brasil.
A esquerda chama de facista todos que se libertaram do Stalinismo / leninista e que constataram a ineficácia do socialismo ❤",0,2026-08-13
Ugzf9JP4ngYKUxal_2V4AaABAg,VlbhS8bvBHA,Renan Santos,@reginaldorodrigues8293,2026-08-13T00:09:13Z,"A esquerda brasileira vive 1932😂
Arautos do atraso.
Parabéns Renan.
Livre o Brasil das amarras do século XX e da guerra fria.🎉",0,2026-08-13
UgxreU_aiOu9reX16mF4AaABAg,VlbhS8bvBHA,Renan Santos,@johnybigudo,2026-08-12T23:27:27Z,Pra cima!,0,2026-08-13
UgzUnQGa5dmv7ueK7m94AaABAg,VlbhS8bvBHA,Renan Santos,@cesarpnovais8851,2026-08-12T23:12:40Z,Vamos todos para o evento.,0,2026-08-13
UgxSiqkG-AKrePylaVt4AaABAg,VlbhS8bvBHA,Renan Santos,@Phantosh,2026-08-12T22:46:48Z,"Polícia e muita borracha com amor nessa galera. Sério, só aprendem assim. Precisamos começar a levantyar a bandeira do """"""""""""""""fascismo do bem"""""""""""""""". Chegou a nossa vez. :)",0,2026-08-13
Ugz29enkyWdRgF-RZGd4AaABAg,VlbhS8bvBHA,Renan Santos,@Alstreon,2026-08-12T21:48:33Z,"Garanta a sua segurança Renan, se possível um domo de vidro ao redor de você.",0,2026-08-13
UgzFXQWbpS43ZvwW3bJ4AaABAg,VlbhS8bvBHA,Renan Santos,@EliReal-q2v,2026-08-12T20:20:45Z,"Facismo: matar bandido 😂😂😂😂

O incrível que isso veio da própria conta da usp, bizarro esse pais, Renan processe meu querido, não deixe passar, eles tem que provar a acusação que você é facista, isso é seríssimo!",0,2026-08-13
UgzRlUS6u9ugdRuauud4AaABAg,VlbhS8bvBHA,Renan Santos,@diogokimura3245,2026-08-12T20:06:54Z,"Não queria dizer nada, mas a esquerda e o bafo ajudaram a eleger o nosso presida!!
O futuro será GLORIOSO",0,2026-08-13
Ugw9u1LhmgTIJNUfLad4AaABAg,VlbhS8bvBHA,Renan Santos,@RenatoRamosJunior,2026-08-12T20:02:24Z,👏🏾👏🏾👏🏾👏🏾👏🏾👏🏾👏🏾,0,2026-08-13
Ugyyy4rtoJVzrmDr6_F4AaABAg,VlbhS8bvBHA,Renan Santos,@heF-d8w,2026-08-12T19:08:31Z,Quero vc lá ❤,0,2026-08-13
UgyINwHmaPTN7T9-hUd4AaABAg,VlbhS8bvBHA,Renan Santos,@mensageir0_d0_futur0,2026-08-12T18:04:16Z,"Escravidão moderna é isso mesmo. Você fica preso na senzala tributária do seu governo/banco do seu ex-presidiário favorito, acorrentado no pix/split, tomando chicotada pra ganhar seu dinheiro fiduciário estatal que derrete todo dia pela inflação que nada mais é do que um método de racismo estruturado. Quer ser livre? A chave da liberdade se chama Bitcoin.",0,2026-08-13
UgzccE1zN4RXmjqVHFx4AaABAg,VlbhS8bvBHA,Renan Santos,@raquelsimone959,2026-08-12T17:36:36Z,"Quem são os fascistas mesmo ?
Tá faltando estudo e """"""""""""""""espelho"""""""""""""""" para os esquerdistas.",0,2026-08-13
UgyrOcLRbwrkOg6vtVR4AaABAg,VlbhS8bvBHA,Renan Santos,@wilderickmoraes,2026-08-12T16:56:09Z,Renan Santos Presidente 🟡⚪⚫🐆1️⃣4️⃣,0,2026-08-13
UgxjcISTN4qezdvKTa14AaABAg,VlbhS8bvBHA,Renan Santos,@ヅTheHunterヅ,2026-08-12T16:18:34Z,"Meu voto e seu Renan, faz o Brasil um lugar melhor !",1,2026-08-13
UgwQq9xY8LzcZTziCtF4AaABAg,VlbhS8bvBHA,Renan Santos,@user-profile-x,2026-08-12T15:52:30Z,"Se eles chamam de fascistas, acho que a melhor coisa é agir como fascista e fuder a vida deles. Fazer isso se cumprir pra eles pararem de brincar com titulações.",0,2026-08-13
UgwzSuzB9YSgyIMGgRN4AaABAg,VlbhS8bvBHA,Renan Santos,@user-profile-x,2026-08-12T15:51:18Z,"Adoram difamar..
Fascistas e blá blá",0,2026-08-13
UgyTDMCZD9H6QSC3nSl4AaABAg,VlbhS8bvBHA,Renan Santos,@daniloviannarodrigues8784,2026-08-12T15:27:50Z,Alienados de esquerda,0,2026-08-13
Ugzx_uabiC0h3sYQQ_h4AaABAg,VlbhS8bvBHA,Renan Santos,@bionisonvieiraleite7086,2026-08-12T13:57:37Z,"Infelizmente você é muito fraquinho, pra se tornar uma opção tem muito caminho pela frente, quem sabe em 2046",0,2026-08-13
Ugxnh-ZUDH5S0TK6wH14AaABAg,VlbhS8bvBHA,Renan Santos,@nortonnadal798,2026-08-12T13:49:09Z,Tem ir o maior número de pessoas possíveis e chamar a polícia em peso e colocar eles no lugar deles,0,2026-08-13
UgyTfxfJmxSO69SctWF4AaABAg,VlbhS8bvBHA,Renan Santos,@marceloborges531,2026-08-12T12:06:45Z,⬛️🟨⬜️ ✅️,0,2026-08-13
UgzhximO_v3xPRSygcx4AaABAg,VlbhS8bvBHA,Renan Santos,@josesantana4945,2026-08-12T11:40:53Z,Terá meu voto de confiança. Espero que possa honrar o mandato.,0,2026-08-13
UgyXm6gvhMWQTjffu7R4AaABAg,VlbhS8bvBHA,Renan Santos,@effel9772,2026-08-12T11:01:05Z,"Os MLK da USP e só a democracia relativa, o futuro já e glorioso",0,2026-08-13
UgxIwmIAu0SuB26OGxd4AaABAg,VlbhS8bvBHA,Renan Santos,@NomadeMadureira,2026-08-12T10:35:28Z,"Eles gostam de sujeira, pixação e drogas",0,2026-08-13
UgzR20j7V2sm9JYCho94AaABAg,VlbhS8bvBHA,Renan Santos,@vaneiperquim7948,2026-08-12T09:57:39Z,Estamos juntos Renan Santos presidente,0,2026-08-13
UgwK43DdJyw-QD0xBeJ4AaABAg,VlbhS8bvBHA,Renan Santos,@alefylima2087,2026-08-12T09:51:09Z,Bora lá 🟨14🟨,0,2026-08-13
UgwK1JZo95GQV57KPfd4AaABAg,VlbhS8bvBHA,Renan Santos,@CarlosRobertoPereira-w1b,2026-08-12T09:05:23Z,Vai pra cima Renan!!!!,0,2026-08-13
UgzrmbYucDc4rgJGZD14AaABAg,VlbhS8bvBHA,Renan Santos,@ToninhoCruz7,2026-08-12T05:34:02Z,"CORRIGINDO, Renan, não é tomar pra nós, é retomar pro povo que realmente é brasileiro e não quer ver suas faculdades federais, estaduais, institutos federais de posse de uns alienados que não sabem nem o que estão fazendo ou defendendo, pois são apenas massa de manobra da """"""""""""""""inteligencia do mal"""""""""""""""", que são os líderes de movimentos esquerdistas e partidos!",0,2026-08-13
UgwWfDRC1QHdKIoFmoh4AaABAg,VlbhS8bvBHA,Renan Santos,@rafaelalves4770,2026-08-12T04:17:25Z,🟨⬛️⬜️,0,2026-08-13
UgwbOcpWTU066TFphX94AaABAg,VlbhS8bvBHA,Renan Santos,@YahhCiência,2026-08-12T04:12:53Z,"Essa turma deveria perder o direito de estudar em qualquer faculdade por 20 anos, é um corja onde nós somos obrigados a sustentar",0,2026-08-13
UgxYLO6u9R_mOjApeYR4AaABAg,VlbhS8bvBHA,Renan Santos,@rickmars1,2026-08-12T04:11:18Z,"Galera, precisamos ser ativos de novo igual nas manifestações para tirar a Dilma, todo mundo manifestavam seu apoio. E vamos apoiar de novo. Meu pedido de casamento foi em uma manifestação do MBL. E agora será momento de mudanças e estarei lá de novo. Recua Comuna Recua....kkkkk..",0,2026-08-13
UgwYFkRfiwEEneVlkPl4AaABAg,VlbhS8bvBHA,Renan Santos,@emersogama,2026-08-12T03:02:31Z,"Povo doido, fica ameaçando as pessoas que nunca ameaçaram elas kkk esse pais e uma piada",0,2026-08-13
UgwBILIXrLCrpXEW3hR4AaABAg,VlbhS8bvBHA,Renan Santos,@ehellora,2026-08-12T02:21:41Z,"14 MISSÃO, com RENAN SANTOS. Nunca foi tão fácil escolher o melhor. 1️⃣4️⃣✅🟨⬜⬛🐆",0,2026-08-13
Ugzov31ks-W7T_Istp54AaABAg,VlbhS8bvBHA,Renan Santos,@hugokrozz1512,2026-08-12T02:21:26Z,Essas universidades não fazem mais sentido de existir como são hoje. Perderam totalmente a função,0,2026-08-13
UgxUmCvW_IDdWRzg_ox4AaABAg,VlbhS8bvBHA,Renan Santos,@eduardofreitasbernardeslim4941,2026-08-12T01:16:01Z,"Renan me passa o endereço e o dia , vou ver se minha mãe me deixa ir",1,2026-08-13
Ugwm7xgwh_IVlSEZkex4AaABAg,f0QfPuu_QAc,Renan Santos,@mensageir0_d0_futur0,2026-08-13T00:30:03Z,"As jornazistas sempre atacam com palavras-chave que causam algum tipo de dor no entrevistado. Por exemplo: você se considera MACHISTA, PEDOFILO, ESTUPRADOR, NAZISTA, FACISTA... e por aí vai... tentando gerar um sentimento ruim. Então assim, desviando do FOCO principal que são as PROPOSTAS. elas vão fazer muito disso em outubro, será bizarro a maldade de provocações. Então se prepare para não responder às provocações e manter o OBJETIVO principal que é MOSTRAR PROPOSTAS, e Ser EMPATICO AO MÁXIMO com a nação. Os hipócritas estarão todos lá mentindo, atacando, insinuando e propondo coisas que jamais irão cumprir, será daquele tipo de discussão que dá ânsia de vômito e repulsa por políticos. Então boa sorte jovem.",1,2026-08-13
UgxlzEmmG-sXax8fpYZ4AaABAg,f0QfPuu_QAc,Renan Santos,@CristianoLeonardo-b4s,2026-08-12T22:43:06Z,"Como dizia senhor Dinarte a família é o equilíbrio do mundo ,quando acabar a família, desastre.",0,2026-08-13
UgyuoEgAVW-b60E30zd4AaABAg,f0QfPuu_QAc,Renan Santos,@Gezielfch,2026-08-12T16:02:23Z,Falou a verdade 🤝👏🏻👏🏻👏🏻👏🏻,0,2026-08-13
UgzHEgGHBexMr8oNJ654AaABAg,f0QfPuu_QAc,Renan Santos,@wislleyoliiveira854,2026-08-12T15:55:49Z,Falar sobre os pais presos injustamente pelo 8 de janeiro não falou 😢,0,2026-08-13
UgzjBuPCOPQKuNWE6_54AaABAg,f0QfPuu_QAc,Renan Santos,@marcdaisuke,2026-08-12T02:27:09Z,14 até vingar!,0,2026-08-13
Ugx2uaYbI0PbOXkw2tB4AaABAg,f0QfPuu_QAc,Renan Santos,@SuzeteGarcia51,2026-08-11T22:24:24Z,Bravo!!!,0,2026-08-13
Ugy4uRpGYNx2fqTjQGJ4AaABAg,f0QfPuu_QAc,Renan Santos,@fabiomarques9872,2026-08-11T17:41:20Z,O futuro é glorioso! Pra cima Renan!,0,2026-08-13
UgySkbMyV5tKrB5u_ll4AaABAg,f0QfPuu_QAc,Renan Santos,@arnaldofortuna9640,2026-08-11T14:33:14Z,"Pense grande, pense Renan Santos",1,2026-08-13
Ugx0CGI-EVV7JCA-K4l4AaABAg,f0QfPuu_QAc,Renan Santos,@Sybellius-x6r,2026-08-11T12:14:15Z,SÓ NUM VOTA NESTE CARA QUEM É CEGO POLITICAMENTE,1,2026-08-13
UgxZW_oESeev52edZtR4AaABAg,f0QfPuu_QAc,Renan Santos,@miapinheiro4277,2026-08-11T06:21:30Z,Linda fala!!!  Isso é fato.  Que o nosso futuro seja GLORIOSO.,1,2026-08-13
UgzCbcCa2BAmUggX5o54AaABAg,f0QfPuu_QAc,Renan Santos,@Lobomissionario,2026-08-11T02:54:33Z,"Segue aí tropa, novo nós cortes 🐆🐆",0,2026-08-13
Ugy3LPwRt89PZMk7q1N4AaABAg,f0QfPuu_QAc,Renan Santos,@fernandofilho5501,2026-08-11T01:31:17Z,👏👏👏👏👏,0,2026-08-13
UgxWTEW1iujsbY-YGGh4AaABAg,f0QfPuu_QAc,Renan Santos,@MatheusLima-p8k7c,2026-08-11T01:20:03Z,😂😂😂 vc é uma piada,0,2026-08-13
UgxKqJoSL7qRHzjJEeB4AaABAg,f0QfPuu_QAc,Renan Santos,@yuriaguiarcunha,2026-08-10T20:37:20Z,"🇧🇷🇧🇷 O dito cidadão de bem e consciente, que pega seu título de eleitor, se dirige a um lugar de votação, e digita na urna 13 ou 22, mostra que não tem consideração nenhuma pelo país, pelo futuro da nação e pelo bem das gerações futuras. Estes abraçam de forma irresponsável, toda a culpa de vivermos em um país corrupto e decadente, e não merece o respeito dos próprios filhos, dos jovens, e daqueles que prezam realmente pelo bem do Brasil.🇧🇷🇧🇷🐅🐅🐅🐅🐅🐅",0,2026-08-13
Ugx_TXyTN2PggkLILEd4AaABAg,f0QfPuu_QAc,Renan Santos,@romeutrindade2062,2026-08-10T19:18:59Z,"D,US SEJA LOUVADO.",0,2026-08-13
Ugy9QoQPd3VJR61NL2d4AaABAg,f0QfPuu_QAc,Renan Santos,@maiconjhordan55,2026-08-10T18:05:01Z,"Cuidado ein mulherada, ele quer atacar os beneficios atrelados ao salário minimo bem como tentar olhar uma realidade que não é a do Brasil, em que mulheres tem que arcar com muitas responsabilidades, e revelar isso é encarado como ataque a masculinidade. Cada dia mais tem vendedor de curso pra aprender a ser homem, movimento redpill está em seu auge tentando colocar a culpa de todos os problemas nas mulheres. 
Abram o olho pro voto de vocês, não só pela figura do Renan, mas pelo público dele que será validado.",0,2026-08-13
Ugy9QoQPd3VJR61NL2d4AaABAg.A_L7HnIPJ2iA_R2fZj9xX6,f0QfPuu_QAc,Renan Santos,@Brunosantos-dw2ph,2026-08-13T01:20:09Z,????,0,2026-08-13
Ugz6BiaOjLiipcSAoGN4AaABAg,f0QfPuu_QAc,Renan Santos,@SoniaCristina-l6v,2026-08-10T18:04:46Z,Antigamente tinha muita mãe que que criou os filhos sem e ninguém  virava o que não presta.Acredito que tendo uma boa criação  da mãe  os filhos viram gente do bem..,0,2026-08-13
UgyDUQW-4dsCsNhlPdJ4AaABAg,f0QfPuu_QAc,Renan Santos,@Ilvanete47,2026-08-10T18:03:36Z,Esse é o nosso Presidente 🦁,0,2026-08-13
Ugw8urWX_vMwGGdBr5F4AaABAg,f0QfPuu_QAc,Renan Santos,@leonardo-ze8yh,2026-08-10T16:36:06Z,Bela msg,0,2026-08-13
UgyRms06CtEu44i817V4AaABAg,f0QfPuu_QAc,Renan Santos,@leonardo-ze8yh,2026-08-10T16:33:27Z,👏👏👏,0,2026-08-13
Ugw4bWqkqgFkwTMwW2F4AaABAg,f0QfPuu_QAc,Renan Santos,@amiltondossantos9177,2026-08-10T14:53:04Z,"Mulheres que criam ódio sobre os homens, nunca vão entender a importância de uma criança ter a presença do paí na vida delas.",0,2026-08-13
UgyW0YDqwMhGXn5UbGt4AaABAg,f0QfPuu_QAc,Renan Santos,@operador_fantasma,2026-08-10T14:51:21Z,Passei pelo meu segundo dias dos pais esse ano de 26 ❤,0,2026-08-13
UgzicHfFQf2r1dCPDYh4AaABAg,f0QfPuu_QAc,Renan Santos,@edldl1110,2026-08-10T14:23:19Z,"Metodos tradicionais da esquerda. Tudo pode, ninguem é de ninguém. Só nao pode falar mal do painho. Aí vc é genocid@ homofobicq machist@ toxicr racists fascists etc",0,2026-08-13
UgxG4owFtT8_KdLagHF4AaABAg,f0QfPuu_QAc,Renan Santos,@julianoalves2226,2026-08-10T13:51:06Z,O Futuro será Glorioso.... Deus Abençoe Poderosamente todas as Famílias do Brasil,0,2026-08-13
UgzcZ0le5FQrV_iprGl4AaABAg,f0QfPuu_QAc,Renan Santos,@RodrigoMartins-v9l,2026-08-10T13:38:14Z,🎉🎉,0,2026-08-13
Ugxl9FafxeCtVVIwwwh4AaABAg,f0QfPuu_QAc,Renan Santos,@deborarafaelade,2026-08-10T13:29:30Z,Sou grata pela presença do meu pai na minha vida! E muito fácil não ser feminista qd se tem um pai bom e uma família estruturada.,0,2026-08-13
UgzcyxWdWUjcVsiyg654AaABAg,f0QfPuu_QAc,Renan Santos,@clebersonsilva3816,2026-08-10T13:24:46Z,Vamos surpreender nas urnas o futuro será glorioso ⬛🟨⬜ na eleição só a missão.,0,2026-08-13
Ugzup7CXSr3PEJpUD8t4AaABAg,f0QfPuu_QAc,Renan Santos,@emersonlima178,2026-08-10T13:23:32Z,"Ser homem tá virando crime caralho, que bosta",0,2026-08-13
Ugw04ovn2HbVxZDbVdB4AaABAg,f0QfPuu_QAc,Renan Santos,@fabiosebastianbelemlemes2303,2026-08-10T13:18:57Z,Vamos Renan já tem meu voto.  Vamos pra cima.,0,2026-08-13
Ugz04JdjSsliakIhYU14AaABAg,f0QfPuu_QAc,Renan Santos,@RoggeroPereira,2026-08-10T13:16:29Z,"Tô em choque com Renan Santos, ele é uma megalópole de conhecimento..... Parabéns",0,2026-08-13
UgxqMJpHdCt26k-cA0F4AaABAg,f0QfPuu_QAc,Renan Santos,@fabiojuniorempirico,2026-08-10T13:13:33Z,Que texto 👏👏👏,0,2026-08-13
UgwJGNgM6xvuLxR3UNl4AaABAg,f0QfPuu_QAc,Renan Santos,@AT_Adv,2026-08-10T12:26:05Z,Renan Santos é Missão cumprida com Excelência.,1,2026-08-13
UgzUvvwxuZjL5UyyyqV4AaABAg,f0QfPuu_QAc,Renan Santos,@renatogestor-u1o,2026-08-10T12:11:08Z,"Feliz, dias do(Pai), boas relações, e  consciência na vida 💪👍💪👍",0,2026-08-13
UgxUVF2sYkIDIt9pSzN4AaABAg,f0QfPuu_QAc,Renan Santos,@Agaefe-c3g,2026-08-10T12:01:01Z,14 na veia,0,2026-08-13
UgzPAUibmjNSaptyPlh4AaABAg,f0QfPuu_QAc,Renan Santos,@RenSGameplays7748,2026-08-10T11:59:24Z,"Queria ver ele em um debate sobre esses assuntos aí. 
Hoje em dia temos uma guerra cultural. 
A  """"""""""""""""cultura pop"""""""""""""""" hoje é anti família, quase tudo incentiva as pessoas a não casarem ou a desfazer sua familia. Isso Não é papo de teoria de conspiração e não é papo de bolsominion.
É a realidade.
Queria muito um video com uma abordagem trazendo em dados, os números dos impactos dessa cultura na nossa sociedade, visto que na história, todas as sociedades que se inclinaram a essa libertinagem não demorou muito para que as pólis fossem a ruína. 
Isso é um problema que vejo que precisa ser debatido. 
Avante missão.",0,2026-08-13
UgwKhrfIapcJ0ZHfWux4AaABAg,f0QfPuu_QAc,Renan Santos,@marcosaureliodossantos4462,2026-08-10T11:56:05Z,"Só discordo em que vc fala que a mais Importante Tecnologia Criada pelo Ser Humano é a Família....
Quem Criou a Família foi Deus 🙏🙏🙏!!!",0,2026-08-13
UgwBx-PIMiB4Im2SzCp4AaABAg,f0QfPuu_QAc,Renan Santos,@marcosaureliodossantos4462,2026-08-10T11:51:01Z,"Mãe Solo é a Bola da Vez!!!
Resultado..... Sociedade Destruída!!!!",0,2026-08-13
UgxTaw5o9w9Y-emFlEx4AaABAg,f0QfPuu_QAc,Renan Santos,@caprichosparanoia,2026-08-10T11:49:50Z,Procure outro candidato que tenha discurso para todos os assuntos e falhe miseravelmente.,0,2026-08-13
UgzthflKZ76vaEx2IyZ4AaABAg,f0QfPuu_QAc,Renan Santos,@RenSGameplays7748,2026-08-10T11:49:10Z,"Muito bom, sem puxar pra nenhum lado. Abordando o tema de forma ampla. 
Meu presidente. 🤝",0,2026-08-13
Ugzbx5btJTXcznYle394AaABAg,f0QfPuu_QAc,Renan Santos,@TATIANEOFICINADOPAPEL,2026-08-10T11:43:53Z,Meu presidente,0,2026-08-13
Ugym_nF5pj27ni0vU-Z4AaABAg,f0QfPuu_QAc,Renan Santos,@felipedonadi50,2026-08-10T11:16:24Z,"""""""""""""""""Tive dificuldade de fazer as mulheres  da Globo News entenderem."""""""""""""""" 😂😂😂😂",0,2026-08-13
UgxprSsJKYuGk2yy_Md4AaABAg,f0QfPuu_QAc,Renan Santos,@antoniosilveira4227,2026-08-10T11:13:38Z,Feliz dia dos pais 👏👏👏👏👊👊👊,0,2026-08-13
Ugx3cTV6K4lrYeE-hVt4AaABAg,f0QfPuu_QAc,Renan Santos,@Kyojuu-br,2026-08-10T11:08:26Z,Chega de dividir e conquistar.... acabou a farra. Renan é o nosso Presidente!,0,2026-08-13
Ugw6AA0F8ypyLS6gI2p4AaABAg,f0QfPuu_QAc,Renan Santos,@Ricardoalexandrefull,2026-08-10T11:02:14Z,São palavras verdadeiras.  se vc buscar essa verdade magoará os materialistas dessa matrix,0,2026-08-13
UgzSbEE4KzV_YR2KeVx4AaABAg,f0QfPuu_QAc,Renan Santos,@Checagemdefatos,2026-08-10T09:30:56Z,"TODOS OS PRESOS , ATE A SUZZANA, SAIU NO DIAS DOS PAIS E O MORAIS FEZ ISTO COM O BOLSONARO, DESUMANO, MAS, TRUMP , TA SABENDO DE TUDO ISTO. O HUMILHADO SERA EXALTADO, COMO OCORREU AGORA , ONDE ELE TAVA CERTO COM A VACINA E CLOQUINA. VAI SER IGUAL , SERÁ LIBERTO DE TODAS AS CALUNIAS. BOLSONARO, O GENOCIDA, O NEGACIONISTA, TAVA CERTO. DEUS É BOM E O DIABO NÃO VALE MERDA. JESUS, NO COMANDO, POR BOLSONARO. ELE VAI SER EXALTADO, LIVRE . AMEM!!!",0,2026-08-13
UgwuHPf3Z58Snl5cSvd4AaABAg,f0QfPuu_QAc,Renan Santos,@alexandrecrescencio5929,2026-08-10T09:24:14Z,"O judaísmo internacional que está por trás dessa tentativa de destruir a sociedade ocidental, prova disso é que o George Soros financia o PSOL e sua luta contra a família",0,2026-08-13
UgzT--93AFr7___K3vV4AaABAg,f0QfPuu_QAc,Renan Santos,@BigHeaddeAaZ,2026-08-10T06:54:08Z,"Tive um sério problema no grupo de WhatsApp da militância do Missão, me expulsarem por defender o uso da Ivermectina durante a pandemia do Covid. E pasmem, pedi pra um administrador de destaque (Sasha) para me incluir em outro grupo e ele nem me respondeu. Se comportaram pior do que petistas ao não me dar e respeitar o direito de opinião.",0,2026-08-13
UgwNMc4BZm6F2IIWmLx4AaABAg,f0QfPuu_QAc,Renan Santos,@Goletasaph,2026-08-10T06:29:16Z,"Nunca vi vc em mais de 20 anos no brasil, onde vc estava? Vai saber si nao e a esquerda colocar vc pra dividir a direita",0,2026-08-13
UgyEIJQQILdgRgGvpSR4AaABAg,f0QfPuu_QAc,Renan Santos,@biis2dynha,2026-08-10T06:03:42Z,É isso senhores.,0,2026-08-13
UgzgezpwhqEyIjUptEx4AaABAg,NskOYpiTx6c,Renan Santos,@yuriktv,2026-08-13T13:00:30Z,"Código pro app:
T4RC2C  MUR278  KPX34L  KB2U6F  JXGMYN  KYXH7L
AZQUGA 45GM2J NDHGA8
J32J7X  6ULE4F  Z4EKEZ
R44ABW  JY3ZQV",0,2026-08-13
UgyyWF09dcwFDvi4wdJ4AaABAg,NskOYpiTx6c,Renan Santos,@fabisantos7505,2026-08-13T02:02:22Z,"Lembra bastante o ambiente do """"""""""""""""porão do alemão"""""""""""""""" 2007+-em Manaus. Nostalgia p mim. Esperança no meu coração. Gratidão pela coragem 14",1,2026-08-13
UgxtpwNY1ju0nSGp8b54AaABAg,NskOYpiTx6c,Renan Santos,@rafaelmaia244,2026-08-12T17:19:55Z,"Equipe de seguranças imóveis e atentos na frente do palco. Evento sem gente preta. Som muito sujo. Mas o clima do ambiente estava muito bom, só gente massa.",0,2026-08-13
UgytzAZ2Gy_iPHHec-14AaABAg,NskOYpiTx6c,Renan Santos,@JeanCirne,2026-08-12T13:18:39Z,"Fico imaginando os PF's ali """"""""""""""""Rapaz, era pra eu está com Zema, só viagem de jatinho e pão de queijo, esse maluco aqui fica inventando show e rodar o país de carro, quero hora extra""""""""""""""""",1,2026-08-13
Ugwde195uE3VK3kcGih4AaABAg,NskOYpiTx6c,Renan Santos,@Ziran_Dao,2026-08-11T16:29:31Z,"We need the normies votes. I like the band just can't see how this won't repel conventional votes. It's being right or being president, brah'. Much love, cheers",0,2026-08-13
UgznGshVwv_heUjhPOJ4AaABAg,NskOYpiTx6c,Renan Santos,@LeonardoOliveira0210,2026-08-10T22:00:39Z,ó o Luide careca e de bigodinho no canto direto aos 50:00 hahaha,0,2026-08-13
UgxCu35jyHhNaTPerDB4AaABAg,NskOYpiTx6c,Renan Santos,@LeonardoOliveira0210,2026-08-10T20:56:24Z,Setlist?,0,2026-08-13
Ugy4otlk-i6b-nAFCxJ4AaABAg,NskOYpiTx6c,Renan Santos,@vidaboamotivações,2026-08-10T20:21:55Z,Missão 14,1,2026-08-13
UgwJgjowvgO7va1rYod4AaABAg,NskOYpiTx6c,Renan Santos,@vidaboamotivações,2026-08-10T20:21:49Z,Missão 14,1,2026-08-13
Ugwbbein0tCtptY_9md4AaABAg,NskOYpiTx6c,Renan Santos,@vidaboamotivações,2026-08-10T20:21:44Z,Missão 14,1,2026-08-13
UgwU7Q3nlQmpCMsN6xt4AaABAg,NskOYpiTx6c,Renan Santos,@LOPEZFC-k3f,2026-08-10T20:18:12Z,Missão 14,1,2026-08-13
UgxNn67Yutv7tKmlsc94AaABAg,NskOYpiTx6c,Renan Santos,@LOPEZFC-k3f,2026-08-10T20:18:05Z,Missão 14,1,2026-08-13
UgwtLCS-JzFGLhioHb54AaABAg,NskOYpiTx6c,Renan Santos,@LOPEZFC-k3f,2026-08-10T20:17:59Z,Missão 14,1,2026-08-13
UgxiDKbfmgANozHuMiZ4AaABAg,NskOYpiTx6c,Renan Santos,@bernuccci,2026-08-10T20:16:03Z,Pra mim é muito um Dream Pop Rock. Muito bom,0,2026-08-13
UgxKU_CZ_dJ0W9FqLvd4AaABAg,NskOYpiTx6c,Renan Santos,@kuboobuk2,2026-08-10T13:38:59Z,"baita show rapazeada, esse album tem umas muscias muito foda!",1,2026-08-13
UgxobghcXUiNXPkDjlR4AaABAg,NskOYpiTx6c,Renan Santos,@lfz9971,2026-08-10T09:17:09Z,"os segurancas kkkkkkkkkkk
muito bom kkk",2,2026-08-13
UgxoBWfqIzPKG2ph6-V4AaABAg,NskOYpiTx6c,Renan Santos,@JaadaiCardosoPereira-f6m3u,2026-08-10T07:54:24Z,como ele não usa colete em em cima do palco se está com a proteção da PF?,0,2026-08-13
UgxaBKGhrMt0EXV6lkN4AaABAg,NskOYpiTx6c,Renan Santos,@lpsoak,2026-08-10T06:23:36Z,A direita festiva é inevitável.,2,2026-08-13
UgwVm-4G13RsbscsUmB4AaABAg,NskOYpiTx6c,Renan Santos,@Account3004,2026-08-10T04:07:07Z,Renan Santos Presidente 1️⃣4️⃣,0,2026-08-13
UgwQLvkjBCJetpyX31p4AaABAg,NskOYpiTx6c,Renan Santos,@carlosrocha9993,2026-08-10T02:23:50Z,"Zema: Eu toco teclado e tenho uma banda vamos tocarrrrrr """"""""""""""""Imagine all the pipoooullll""""""""""""""""",0,2026-08-13
UgxGkQnb11l2a-ccj8d4AaABAg,NskOYpiTx6c,Renan Santos,@Leobastos2300,2026-08-10T01:50:51Z,Vamos eleger o homi!!! Só assim a gente fica livre dessa banda pelo menos por uns oito anos…,1,2026-08-13
UgxEITMu1zBNx1L-aK54AaABAg,NskOYpiTx6c,Renan Santos,@Eusouoroot,2026-08-10T01:17:16Z,eu prefiro vcs na politica....hahahahahaha,2,2026-08-13
UgwK7Orxwxr6vztDurB4AaABAg,NskOYpiTx6c,Renan Santos,@renearon346,2026-08-10T01:06:47Z,Ta bom pra carai.. imagine o homi já tem que fuder a mente de politica e ainda cantar... tá top... Renan Santos... Limão Rosa... 14... missão .. é noix..,0,2026-08-13
UgzesfBl7P03rDSe3bh4AaABAg,NskOYpiTx6c,Renan Santos,@danieldan2319,2026-08-10T00:55:31Z,Que zoeira 😂,0,2026-08-13
UgxO-C8jSRbLv_fehop4AaABAg,NskOYpiTx6c,Renan Santos,@amarelofff3615,2026-08-10T00:04:59Z,"1:17:14 - Kim = """"""""""""""""Eu poderia estar em casa jogando Dota""""""""""""""""",1,2026-08-13
Ugz-hQ4PZEljEXvUtu94AaABAg,NskOYpiTx6c,Renan Santos,@daniellair4915,2026-08-09T22:36:40Z,18:20 . Arthur the animal!,2,2026-08-13
UgytW3d4CMvikqKR2y14AaABAg,NskOYpiTx6c,Renan Santos,@ruddysantos8971,2026-08-09T22:35:20Z,29:00 🤪🤪🤪,0,2026-08-13
UgyzTk0RB_r_3E3FZ2B4AaABAg,NskOYpiTx6c,Renan Santos,@Lei_e_Ordem.a,2026-08-09T21:59:45Z,"Mano, que música lixo. Dito isso, Renan Santos 14",0,2026-08-13
UgwEM7su2f6CI9Pj9tt4AaABAg,NskOYpiTx6c,Renan Santos,@deco6609,2026-08-09T20:19:39Z,Banda é ruim mas o homi é bão,0,2026-08-13
Ugzgryt-rT1iskew5vN4AaABAg,NskOYpiTx6c,Renan Santos,@LuiZ-jy1pi,2026-08-09T18:37:41Z,Eu tenho que gostar disso senão sou bolsopetista também? So pra saber,0,2026-08-13
Ugzgryt-rT1iskew5vN4AaABAg.A_IbEB_0ErgA_JGzm7YXzq,NskOYpiTx6c,Renan Santos,@danieldan2319,2026-08-10T00:51:19Z,Não ninguém gosta do Limão Rosa 😂,0,2026-08-13
Ugyj7iZOD1YMLuU9FVV4AaABAg,NskOYpiTx6c,Renan Santos,@Kryvex123,2026-08-09T18:15:50Z,"Mateus 24:14, Jesus afirma: """"""""""""""""E este evangelho do reino será pregado em todo o mundo como testemunho a todas as nações, e então virá o fim"""""""""""""""".",0,2026-08-13
UgxFZvXFz3_-yzVxEEF4AaABAg,NskOYpiTx6c,Renan Santos,@netonettobjj,2026-08-09T17:55:53Z,Wats,0,2026-08-13
Ugwb0DM2H45v9veqYR94AaABAg,NskOYpiTx6c,Renan Santos,@ikarinho_eterno,2026-08-09T17:29:58Z,esse vocalista parece aquele candidato a presidência maluco que tá prestes a ser o próximo presidente da república,7,2026-08-13
UgwNKyvKrYDqHbzikah4AaABAg,NskOYpiTx6c,Renan Santos,@irbento,2026-08-09T15:52:49Z,15:22 é tarde e a noite CHÁ cabou,0,2026-08-13
UgwghEd8kPatlgE8HNd4AaABAg,NskOYpiTx6c,Renan Santos,@NotInfinite1,2026-08-09T15:39:51Z,🇧🇷💪🔥,1,2026-08-13
Ugx9u4HUnD0qJ2ygUeh4AaABAg,NskOYpiTx6c,Renan Santos,@fernandomarques952,2026-08-09T14:44:31Z,"Agora vão dizer que o partido Missão é satânico,  tem gente fazendo chifrinho 😂😂😂🤘🏻👏🏻👏🏻",0,2026-08-13
Ugy4ATDqPQhOq8WsWZt4AaABAg,NskOYpiTx6c,Renan Santos,@hugodaniel1010,2026-08-09T14:41:16Z,Alguem tem o link da kick???,0,2026-08-13
Ugy4ATDqPQhOq8WsWZt4AaABAg.A_IBAZezDdpA_Jm79w6PpG,NskOYpiTx6c,Renan Santos,@lpsoak,2026-08-10T05:32:05Z,Rizzombl,2,2026-08-13
UgxcJxCK7Jwj_wFKyPV4AaABAg,NskOYpiTx6c,Renan Santos,@gguia8016,2026-08-09T14:37:03Z,Canta mal demais!,0,2026-08-13
Ugxtkb-21w4E4sV1wbB4AaABAg,NskOYpiTx6c,Renan Santos,@ricardoskruger,2026-08-09T13:44:15Z,1h30min....coro do Bafo de Embu kkkkkk,1,2026-08-13
UgzL509BgfRikXKwC0Z4AaABAg,NskOYpiTx6c,Renan Santos,@_VGarrido,2026-08-09T13:26:05Z,Missão!,4,2026-08-13
Ugy7-clTCc7SozCrult4AaABAg,NskOYpiTx6c,Renan Santos,@Rafa-p2z1v,2026-08-09T13:13:35Z,Eu queria tanto ver o vocalista e guitarrista da banda Limão Rosa presidente do 🇧🇷,2,2026-08-13
Ugw4I6OnxMmJGhNaTqp4AaABAg,NskOYpiTx6c,Renan Santos,@klebersonluciano9031,2026-08-09T13:07:44Z,o Arthur manda bem com os dois pau na mao,2,2026-08-13
UgzxOEQjE6OmvmHZd9R4AaABAg,NskOYpiTx6c,Renan Santos,@pedropetersen2405,2026-08-09T12:56:45Z,Cara q experiência foi esse show cara,2,2026-08-13
UgwISVDlvx0ye2M1BL54AaABAg,NskOYpiTx6c,Renan Santos,@rosildosantos333,2026-08-09T12:23:20Z,"O Artur falou uma coisa que, pra mim, foi marcante. Ele disse que não devemos forçar e se misturar com pessoas/organizações que não se encaixam com quem somos, algo do tipo. Fui membro do NOVO. Propus grupos de leitura de livros e ninguém se interessou, porque pareciam todos sabichões. Alertei quanto à corrupção do Bolsonaro e fui expulso do grupo de WhatsApp. Quando vejo um show desse, depois de um evento político, além de todo aprofundamento intelectual e base e ferramentas para os membros crescerem intelectualmente e ideologicamente que o MBL tem feito, eu digo pra mim mesmo, """"""""""""""""Esse é o meu lugar!"""""""""""""""". Só tenho inveja de todos os que estavam lá. Saudações de Portugal! Obs: O Chega daqui é porcaria bolsonarista. A IL é o NOVO Português. Não há nada como o Missão.",14,2026-08-13
UgwISVDlvx0ye2M1BL54AaABAg.A_HwOPUg-UVA_I5fj6q7Cy,NskOYpiTx6c,Renan Santos,@matheushenriqueferreira2456,2026-08-09T13:53:13Z,"Bem vindo, meu nobre! Em breve, haverá algo como a Missão em Portugal... Orlando Lima está trabalhando para isso. 🫡",5,2026-08-13
UgwISVDlvx0ye2M1BL54AaABAg.A_HwOPUg-UVA_IKCMnL4mW,NskOYpiTx6c,Renan Santos,@rosildosantos333,2026-08-09T16:00:09Z,@matheushenriqueferreira2456 Uau! Que ótimo! Como faço para encontrá-lo?,2,2026-08-13
UgwISVDlvx0ye2M1BL54AaABAg.A_HwOPUg-UVA_IOMDazRx4,NskOYpiTx6c,Renan Santos,@rosildosantos333,2026-08-09T16:36:27Z,Sou ainda membro da IL tapando o nariz.,0,2026-08-13
UgwISVDlvx0ye2M1BL54AaABAg.A_HwOPUg-UVA_ITvEUt0aC,NskOYpiTx6c,Renan Santos,@JulianoLeher,2026-08-09T17:25:03Z,"Spoiler: Vocês terão uma Missão Portugal.
Acompanhe o Orlando, em breve teremos um Brasil e Portugal ainda mais irmanados e unidos em prol das nossas origens em comum. Esse é o nosso destino.",6,2026-08-13
UgzSwIiOtE0lya47pzh4AaABAg,zG8JJZTQVWk,Renan Santos,@gabrielrossirocha,2026-08-11T20:57:36Z,"Tenho acompanhado sua campanha e vi seu discurso no congresso aqui no Paraná.

Cara, tenho visto algumas falas suas durante a campanha e, apesar de não ser entendido de economia nem de política, tem coisas que me deixam com uma pulga atrás da orelha sobre suas propostas.

Esses 'sincericídios' que você sempre menciona, dizendo que vai cometer, quase sempre estão ligados a medidas que envolvem 'sacrifícios', ao tomar decisões que podem ser impopulares.

Essas medidas, creio eu, quase sempre passam por remoção de direitos da população ou restrição de acesso a eles.

Será que não existem outras formas de consertar o país que não passem necessariamente pelo prejuízo da população? Por exemplo, revisão de isenções fiscais para grandes empresas, redução de salários e benefícios das classes mais altas do setor público? Não seria esse """"""""""""""""sincericídio"""""""""""""""" um sacrifício com o direito alheio, convenientemente chamado assim para dar um ar conveniente para você?",0,2026-08-13
UgzHIvE-MJk7MXmvfT14AaABAg,zG8JJZTQVWk,Renan Santos,@icarooliveiira,2026-08-11T02:19:40Z,Renan Antônio Ferreira dos Santos,0,2026-08-13
UgwA0aNkQfJsW9MwfVV4AaABAg,zG8JJZTQVWk,Renan Santos,@icarooliveiira,2026-08-11T02:18:31Z,Baita evento parabéns Paraná,1,2026-08-13
UgwVOWjvDvyHNuGxt7h4AaABAg,zG8JJZTQVWk,Renan Santos,@DesafiodaPeppa,2026-08-10T20:24:54Z,Missão 14,1,2026-08-13
UgwPAJzb5fDgNVHIIDx4AaABAg,zG8JJZTQVWk,Renan Santos,@DesafiodaPeppa,2026-08-10T20:24:48Z,Missão 14,1,2026-08-13
UgxT6I2DIUNnrOUGxQd4AaABAg,zG8JJZTQVWk,Renan Santos,@DesafiodaPeppa,2026-08-10T20:24:39Z,Missão 14,1,2026-08-13
Ugyd0h8eFbJEOdNuxQ94AaABAg,zG8JJZTQVWk,Renan Santos,@David_Felipe_Koch,2026-08-10T19:42:41Z,mano como que ninguém tá percebendo isso cara? O cara ven e mete o mesmo papo do bigodinho e nego tá aplaudindo...,0,2026-08-13
Ugw-5JICF-GAmJ1RB4l4AaABAg,zG8JJZTQVWk,Renan Santos,@pablovilha,2026-08-10T17:58:55Z,Código App Missão AYH8GX,0,2026-08-13
UgwUN_bLhGye54rh6FR4AaABAg,zG8JJZTQVWk,Renan Santos,@herlyvidalcosta6440,2026-08-10T17:54:24Z,O miserável mexe até nas câmeras... 😅😅😅😅,0,2026-08-13
UgyglskVaJtAzbL1M1p4AaABAg,zG8JJZTQVWk,Renan Santos,@Leandro_21,2026-08-10T16:55:41Z,13:40 Kim Cameramen é real,0,2026-08-13
UgyTHGJNLtukdcEWmWt4AaABAg,zG8JJZTQVWk,Renan Santos,@dinni.7073,2026-08-10T16:00:37Z,O FONÃO VIROU CÂMERAMAN?,0,2026-08-13
Ugwcfs1Sy2-bzbbw3EF4AaABAg,zG8JJZTQVWk,Renan Santos,@dinni.7073,2026-08-10T15:45:53Z,"Eu quando for velho vou dizer com orgulho que estive aqui desde sempre, desde todos os análises renais, desde os vídeos do arthur fazendo mamãe falei e perguntando do fgts, desde os primeiros debates do kim com cara de rato, nós nunca mais vamos perder, a missão vencerá, o futuro é GLORIOSO!",1,2026-08-13
UgzUcleFvor-LGQfu0N4AaABAg,zG8JJZTQVWk,Renan Santos,@cristianoscheffelmeyer8381,2026-08-10T15:38:54Z,"Finalmente um grupo de pessoas sérias querendo entrar para a política. Que não se corrompam, igual o grande juíz que virou um pífio político.",0,2026-08-13
UgzX4flPMO8h3QkfgN14AaABAg,zG8JJZTQVWk,Renan Santos,@lednewniert,2026-08-10T15:34:33Z,Que orador espetacular! Grande habilidade com as palavras. 14!!!,0,2026-08-13
UgxEFILkS-acqK95jEF4AaABAg,zG8JJZTQVWk,Renan Santos,@MatheusECLeite,2026-08-10T15:30:17Z,⬛⬜🟨14 🟨⬜⬛,1,2026-08-13
UgxrO0FqI1W98gbjkmN4AaABAg,zG8JJZTQVWk,Renan Santos,@Bruno-Tricolor,2026-08-10T15:16:51Z,"Renan santos 14 neles🎉🎉. Bora hypar o vídeo galera, a live salva. Deixe seu like para chegar nas pessoas! 🎉🎉🎉",1,2026-08-13
UgwZoEzDd1eDeujvPtF4AaABAg,zG8JJZTQVWk,Renan Santos,@Edivancolombo,2026-08-10T14:23:44Z,"Ainda não entendem o projeto da missão, isso leva tempo demais, infelizmente.",0,2026-08-13
UgwZoEzDd1eDeujvPtF4AaABAg.A_Kiy0uVYG4A_Kq9TBHA4v,zG8JJZTQVWk,Renan Santos,@Bruno-Tricolor,2026-08-10T15:26:35Z,"Pode confiar, é renan santos 14 neles! Pelomenos uma coisa diferente aí, e se for ruim nois tira, só não votar mais. Pelomenos dar chance 🎉🎉",0,2026-08-13
Ugy0dHqIEpjsbv1evhp4AaABAg,zG8JJZTQVWk,Renan Santos,@meunotebook1777,2026-08-10T13:27:05Z,13:45 Imagens raríssimas do deputado Fonão usando um fone de grande tamanho e operando câmeras. Esse é o Brasil que queremos,1,2026-08-13
UgwnAaCc7NCYpxvSf9F4AaABAg,zG8JJZTQVWk,Renan Santos,@JohnnyCaniato,2026-08-10T12:26:10Z,QUE FODAAAAAAAAAAAAAAAAAAAAAAAAA,0,2026-08-13
UgymEt-clh5tQ0yBvVh4AaABAg,zG8JJZTQVWk,Renan Santos,@MaycoOliveira-nm9vd,2026-08-10T11:46:49Z,Renan Santos 14,1,2026-08-13
Ugw_1wlp6I6jVMAYXqF4AaABAg,zG8JJZTQVWk,Renan Santos,@flavioagronegocio,2026-08-10T09:26:46Z,O Futuro é Glorioso!!,1,2026-08-13
UgzlQIT0MtatQ2gR7JB4AaABAg,zG8JJZTQVWk,Renan Santos,@dizerbinidev,2026-08-09T22:55:28Z,"Renan tem que parar de xingar, isso não é nada elegante...",1,2026-08-13
UgxLc4XZzD_PSFs4hKZ4AaABAg,zG8JJZTQVWk,Renan Santos,@missaoreport,2026-08-09T22:46:57Z,vamooooo,0,2026-08-13
UgxRxzTtXVzJC2cTpZN4AaABAg,zG8JJZTQVWk,Renan Santos,@ManchadoTV,2026-08-09T22:45:55Z,🟨⚫️🟨⚫️ MISSÃO 14 Renan Santos Presidente,2,2026-08-13
UgzUo3yiHen6w2fRIdR4AaABAg,zG8JJZTQVWk,Renan Santos,@curiousmind111,2026-08-09T22:38:46Z,Inevitável,1,2026-08-13
Ugw6k_LH0pLkwjkOSxx4AaABAg,zG8JJZTQVWk,Renan Santos,@nelsonjoppi,2026-08-09T21:32:37Z,pq o kim era o camera? kkkkk,0,2026-08-13
Ugz4eizRzjUEe3Gipgl4AaABAg,zG8JJZTQVWk,Renan Santos,@joaocontarpe9058,2026-08-09T21:09:53Z,Renan é inevitável...avante Missão 14👏👏👏🇧🇷🇧🇷🇧🇷🐆🐆🙏🙏🐆🐆,1,2026-08-13
UgzNVp0dJndXww3rUzR4AaABAg,zG8JJZTQVWk,Renan Santos,@trintao2546,2026-08-09T21:06:10Z,Elas são fáceis porque são Pobres ou elas são pobres porque são fáceis?????,0,2026-08-13
UgwFEpmL5rBEBUSlzqF4AaABAg,zG8JJZTQVWk,Renan Santos,@kuboobuk2,2026-08-09T20:20:33Z,Isso foi glorioso,2,2026-08-13
UgweOhcLB5OutQyimuJ4AaABAg,zG8JJZTQVWk,Renan Santos,@Bryan-NotbookLM,2026-08-09T20:12:59Z,"Moro tinha tudo pra ser governador pelo missão, baita erro.",0,2026-08-13
UgzzMR-yZF2kEl9tWqB4AaABAg,zG8JJZTQVWk,Renan Santos,@LeilyCanario-mq9hw,2026-08-09T19:13:05Z,🇧🇷,0,2026-08-13
Ugx_uTO_Ut6kgsKUaXl4AaABAg,zG8JJZTQVWk,Renan Santos,@onemuscle1,2026-08-09T18:41:59Z,14,0,2026-08-13
Ugw5ZHxVKwnBCeigv8F4AaABAg,zG8JJZTQVWk,Renan Santos,@wagnermoreiradocarmo9848,2026-08-09T18:23:43Z,"Renan presidente 14,o cara é bom",0,2026-08-13
UgwEpQ6sOLmCiym0gN14AaABAg,zG8JJZTQVWk,Renan Santos,@TROPICALRAPTURE,2026-08-09T18:19:45Z,"... ao invés de ficar atacando de todos os lados, o que quero saber é se vai colocar comida de qualidade na mesa, salário suficiente para o trabalhador com familia ter casa de 3 quartos, possuir um veículo zero km, ter acesso a saúde sem filas e demora, ter acesso a educação de qualidade e gratuíta, se vai resolver o atraso do país no saneamento e infra estrutura urbana, se vai abrir as portas dos shoppings para o trabalhador, se vai punir quem desmatar a amazônia, se vai fazer subir o PIB e abaixar os juros, se vai fazer reforma tributária progressiva, se vai defender a soberania nacional pelas ameaças do trumpismo, se vai fornecer segurança para o pobre e não somente para o rico ...",0,2026-08-13
UgwEpQ6sOLmCiym0gN14AaABAg.A_I_Ap986_hA_Ii0fLeSbu,zG8JJZTQVWk,Renan Santos,@brunotigre,2026-08-09T19:37:00Z,"Tem milhares de horas dele falando de todos esses temas e muitos mais e até mais importantes que algumas bobagens que você citou. E se quiser ver o compilado de propostas que é o Livro Amarelo, ou baixe o plano de governo da Missão que foi protocolado no TSE. Num discurso pra base, o viés é mais incendiário, não era um evento de apresentação de propostas, isso foi uma semana atrás, também tá disponível e você pode assistir. Sobre atacar, sim precisa atacar e muito todos esses traidores para que todo o Brasil tenha em mente o que eles realmente são. No mais, você gastou um bom tempo digitando todas as suas dúvidas, da pra ver que é uma pessoa curiosa, é só deixar a má vontade de lado e pesquisar que tá tudo aí ja disponível.",0,2026-08-13
UgwEpQ6sOLmCiym0gN14AaABAg.A_I_Ap986_hA_Inj8dFlCc,zG8JJZTQVWk,Renan Santos,@TROPICALRAPTURE,2026-08-09T20:26:54Z,"@brunotigre quer acreditar, acredite. Eu tenho 65 anos e nunca resolveram esta herança colonial, nunca houve distribuição de toda esta riqueza que o Brasil produz nas mãos do trabalhor. Não tem esquerda, nem direita, nem centro institucinal. O que temos que passar é essa vergonha de ser um dos países que mais produz no mundo e com toda esta pobreza. Pra mim tá decidido: é tudo 00, 000, 0000 na urna.",0,2026-08-13
UgwEpQ6sOLmCiym0gN14AaABAg.A_I_Ap986_hA_J2GF9buNQ,zG8JJZTQVWk,Renan Santos,@brunotigre,2026-08-09T22:42:38Z,"@T@TROPICALRAPTUREh imaginei, era só má vontade e preguiça mesmo. Não tem capacidade de ir atrás da informação e resolve atacar. Não vai ter divisão de riqueza pra trabalhador, de onde você tirou isso? Tá com 65 anos e já caducando? Me parece que não, parece só um fracassado que gasta tempo fazendo ataques vazios.",0,2026-08-13
UgwEpQ6sOLmCiym0gN14AaABAg.A_I_Ap986_hA_JbVzmj_vD,zG8JJZTQVWk,Renan Santos,@TROPICALRAPTURE,2026-08-10T03:59:21Z,"@brunotigre é o xingo, prejulgar, grosseria, preconceito? Conheço este discurso reacionário: culpar o """"""""""""""""pobre"""""""""""""""", """"""""""""""""não ficou rico, não trabalhou, é preguiçoso, é fracassado"""""""""""""""". Fiquei órfão de pai com 3 anos e de mãe com 19. Tive que lutar para ser autônomo, no começo aceitar qualquer emprego, como muitos brasileiros. Passei em concurso, depois faculdade. Me especializei em Economia Ambiental, fiz assessoria em cooperativa de catadores (gratuitamente) e tenho uma publicação com mais duas autoras sobre experiências exitosas de coleta seletiva, mas sempre trabalhei com comércio exterior. Participei do movimento Bnei Anussim e me interessei pelas questões do Oriente Médio. Fiz bico de DJ, participei de projetos, toquei em casas noturnas de São Paulo. Hoje estou aposentado (comecei cedo, aposentei cedo), poucos bons amigos, vou ao teatro, vou ao cinema,  leio livros na minha varanda. Gosto de Filosofia; estou lendo os principais pós estruturalistas. Viajo sempre que posso. A vida é sempre um aprendizado. Não sou rico, não sou gênio. Esforçado pode ser. Realço que o Brasil, mesmo com um PIB dos mais altos, não reflete na melhora do índice Gini, uma concentração de renda vergonhosa. Não confio na institucionalidade, o que não significa que seja um outsider. Reconheço minha humanidade. Sei da necessidade de uma estrutura social verdadeiramente libertária, não a que está aí imposta aos quatro cantos, com guerra. discórdia  competição. Gosto de escrever como pode ver e faço isto com uma certa facilidade. Agora pode começar a xingar... Humilhe à vontade ...",0,2026-08-13
UgySFn0aZzdplhYiWTt4AaABAg,zG8JJZTQVWk,Renan Santos,@odennisfaustino,2026-08-09T16:59:57Z,Kim operando a câmera me pegou!,0,2026-08-13
UgxKt10GbnjbQ1gcG694AaABAg,zG8JJZTQVWk,Renan Santos,@dr.adernil,2026-08-09T16:58:16Z,"",1,2026-08-13
Ugw67G82mzv3GDSTCa14AaABAg,zG8JJZTQVWk,Renan Santos,@jllesc8143,2026-08-09T16:41:15Z,Renan Santos 2026 🐆,1,2026-08-13
Ugy-cCh93JUUL-HgPCl4AaABAg,zG8JJZTQVWk,Renan Santos,@kaiocastmissão,2026-08-09T16:27:54Z,⬛⬜🟨 | 1️⃣4️⃣,2,2026-08-13
UgxhnigHg_9LfOyJk5p4AaABAg,zG8JJZTQVWk,Renan Santos,@vnascimento3207,2026-08-09T16:27:15Z,Renan Presidente 14,1,2026-08-13
Ugyc0JUgY3_hN9IOrd94AaABAg,zG8JJZTQVWk,Renan Santos,@matheusamaral9474,2026-08-09T16:05:01Z,O kim de cameraman 😂,1,2026-08-13
UgwDFduCxQ_jNAafXXV4AaABAg,zG8JJZTQVWk,Renan Santos,@tacitogabriel4963,2026-08-09T15:43:10Z,Renan santos presidente 14!,0,2026-08-13
Ugz9sUcCP6i-uohjIsd4AaABAg,zG8JJZTQVWk,Renan Santos,@ManoGNovaes,2026-08-09T15:42:01Z,Boooom! Temos Voz e temos Missão 💪🏼,2,2026-08-13
Ugzg4ghuCCUwq7nD_ul4AaABAg,zG8JJZTQVWk,Renan Santos,@MrLuizSinho,2026-08-09T15:29:23Z,1️⃣4️⃣🟨⬜⬛,1,2026-08-13
UgxEmRLeKCoAlZfQqGB4AaABAg,zG8JJZTQVWk,Renan Santos,@MrLuizSinho,2026-08-09T15:29:16Z,🎉🎉🎉,0,2026-08-13
UgyF6_hIx3wxlGgdLTp4AaABAg,zG8JJZTQVWk,Renan Santos,@Bruno0095,2026-08-09T15:14:49Z,Brabo demais. Avante Missão!,4,2026-08-13
UgyNwdGYfqRglJ4iuW14AaABAg,81nNu0azWF4,Renan Santos,@felipenoret,2026-08-13T01:06:50Z,"A polícia foi prender, resistiu, matou.",0,2026-08-13
UgwLxEkASaI_13LWvd14AaABAg,81nNu0azWF4,Renan Santos,@jon_wen_ro,2026-08-12T19:00:15Z,Prisão perpétua e castração química ou física.,0,2026-08-13
UgzCOOsAREqQGxDyAQx4AaABAg,81nNu0azWF4,Renan Santos,@MrKarinha,2026-08-12T16:58:27Z,"Sou contra pena de morte, o arrombado tem que se lembrar todos os dias, ou pelo menos por muito tempo, do que fez. Perder a vida é facil demais para quem nak tem nada a perder",0,2026-08-13
Ugzd8HJGsr6fvvHbAkx4AaABAg,81nNu0azWF4,Renan Santos,@davidandrade6015,2026-08-12T12:31:19Z,pena de morte!,0,2026-08-13
UgxrryEhTWbLx7PkeBJ4AaABAg,81nNu0azWF4,Renan Santos,@Aki-v3m9w,2026-08-12T10:31:18Z,E o maefalei entra nessa ou passa pano😂😂😂???amiguinho para os amigos a lei não vale😂😂,0,2026-08-13
Ugyqr1-wwhh3vitukMF4AaABAg,81nNu0azWF4,Renan Santos,@Marcelocosta30familia,2026-08-12T10:23:01Z,"Precisamos ter pena de morte e penas duríssima.
Chega de prender e depois soltar.",0,2026-08-13
Ugxw_W1GJEcT8xtHWPx4AaABAg,81nNu0azWF4,Renan Santos,@Jalthivan_Aros_D_Lavia,2026-08-12T09:58:50Z,Mata. Criminosos desse tipo abriram mão da própria humanidade!,0,2026-08-13
Ugz5x2QsZEq6xmdCdzB4AaABAg,81nNu0azWF4,Renan Santos,@luiscarlospinheiro1099,2026-08-12T09:47:39Z,Concordo Plenamente não tem ressocialização prá um sujeito desse e nem castração.,1,2026-08-13
Ugxizc86ohZ0_dGzrOl4AaABAg,81nNu0azWF4,Renan Santos,@leonardodeganuti3800,2026-08-12T08:26:19Z,Abusou de crianças e condenado e sentenciado 50 anos e para experiência PERPÉTUA começa com 50 anos e se nao tiver olho por olho PERPÉTUA,0,2026-08-13
UgxOSQxr4kTTrj9wsdp4AaABAg,81nNu0azWF4,Renan Santos,@leonardodeganuti3800,2026-08-12T08:24:41Z,"Concordo com todas as penas e acho pouco para os adultos, mas crimes contra crianças deveriamos ter no mínimo perpétua para começar as questões de verdadeira ordem",0,2026-08-13
UgyFMReou1BMzyiNJxZ4AaABAg,81nNu0azWF4,Renan Santos,@leonardodeganuti3800,2026-08-12T08:20:18Z,"Essa questão realmente vc tem apoio de 99% pra ser humilde nos números, isso eu acredito que tem que ser olho por olho é inaceitável e incompreensível para seres humanos",0,2026-08-13
UgxW_mN17sOShHPQs-V4AaABAg,81nNu0azWF4,Renan Santos,@tamoaipreparado,2026-08-12T06:12:55Z,➡️1️⃣4️⃣🆓🇧🇷🟨⬛⬜,0,2026-08-13
Ugxe764ZtBwVihSCTNV4AaABAg,81nNu0azWF4,Renan Santos,@tamoaipreparado,2026-08-12T06:12:43Z,Matou matou.. :$,0,2026-08-13
Ugx-rG0r9f4A8yVx2Nl4AaABAg,81nNu0azWF4,Renan Santos,@eduardomedeiros8632,2026-08-11T22:10:48Z,Renan 14,1,2026-08-13
Ugzb9lrUdZRdq0NmOcN4AaABAg,81nNu0azWF4,Renan Santos,@lucassouzadearaujo4633,2026-08-11T21:59:49Z,Prendeu matou,0,2026-08-13
Ugz8cyYeemC7THlQCjZ4AaABAg,81nNu0azWF4,Renan Santos,@paulohenriquekitai,2026-08-11T16:27:13Z,"Antes desse caso, nunca tinha
escutado o nome deste """"""""""""""""ator"""""""""""""""".",0,2026-08-13
Ugyo3XUUCx5mkNwp9BF4AaABAg,81nNu0azWF4,Renan Santos,@silviagois7285,2026-08-11T15:56:32Z,"Bandido bom é bandido morto, porque eles não tem nenhuma piedade de suas vítimas, além do mais cadeia custa caro 🫰",0,2026-08-13
UgzcHsHTwQJT2Z0dlRJ4AaABAg,81nNu0azWF4,Renan Santos,@silviagois7285,2026-08-11T15:54:46Z,A nossa Constituição precisa de uma revisão a altura da nossa necessidade de ORDEM E PROGRESSO.🤞🍀,0,2026-08-13
UgzfjCH-EoQgjdU1oWR4AaABAg,81nNu0azWF4,Renan Santos,@LuisCiferX,2026-08-11T15:12:41Z,"Acho pena de morte muito fácil, prisão perpétua e fazer trabalhar para pagar pela """"""""""""""""estadia"""""""""""""""".",0,2026-08-13
UgwEzE_TJacW6caOS_Z4AaABAg,81nNu0azWF4,Renan Santos,@visualdi4584,2026-08-11T13:48:13Z,Quero muito que o Renan ganhe,0,2026-08-13
UgwIlcXNLp9ZKuf8_mN4AaABAg,81nNu0azWF4,Renan Santos,@David-z6t2w,2026-08-11T13:16:39Z,👏👏👏👏👏👏👏,0,2026-08-13
UgxUId67Q_lfG-sEfPx4AaABAg,81nNu0azWF4,Renan Santos,@superart242,2026-08-11T12:56:37Z,A CF tem q mudar pra valores mais masculinos,1,2026-08-13
UgzAr9MSNlfTH6UJPQd4AaABAg,81nNu0azWF4,Renan Santos,@pauloisrael1,2026-08-11T12:21:13Z,1️⃣4️⃣✅️🐆🇧🇷,1,2026-08-13
UgzCtRWhm8utVnOmRht4AaABAg,81nNu0azWF4,Renan Santos,@skullstrategy01,2026-08-11T08:45:24Z,"Eu cuido de um menino de 11 anos com autismo nvl 3, ver isso dá um aperto no coração",0,2026-08-13
UgzNGcdrHT8UIkbRYaJ4AaABAg,81nNu0azWF4,Renan Santos,@Ater-Gatoveio02,2026-08-11T00:33:42Z,Up,0,2026-08-13
Ugya_4SUdFHBwFlZvO14AaABAg,81nNu0azWF4,Renan Santos,@Kurosakifps,2026-08-11T00:19:20Z,Prendeu matou,0,2026-08-13
Ugw5sVnbCPwibSUOYld4AaABAg,81nNu0azWF4,Renan Santos,@yuriaguiarcunha,2026-08-10T20:37:46Z,"🇧🇷🇧🇷 O dito cidadão de bem e consciente, que pega seu título de eleitor, se dirige a um lugar de votação, e digita na urna 13 ou 22, mostra que não tem consideração nenhuma pelo país, pelo futuro da nação e pelo bem das gerações futuras. Estes abraçam de forma irresponsável, toda a culpa de vivermos em um país corrupto e decadente, e não merece o respeito dos próprios filhos, dos jovens, e daqueles que prezam realmente pelo bem do Brasil.🇧🇷🇧🇷🐅🐅🐅🐅🐅🐅",0,2026-08-13
Ugz2MzXtZDJU2ZL8IWB4AaABAg,81nNu0azWF4,Renan Santos,@92982H,2026-08-10T16:11:55Z,-49%-,0,2026-08-13
Ugw0pF00RyyVor2UC1d4AaABAg,81nNu0azWF4,Renan Santos,@92982H,2026-08-10T16:11:33Z,-sim-,0,2026-08-13
UgxE1BHJ1TVeYL706qR4AaABAg,81nNu0azWF4,Renan Santos,@cirleisoares6901,2026-08-10T13:48:11Z,"Concordo 💯% com Renan Santos 🇧🇷💯🇧🇷
🇧🇷💯🇧🇷💯🇧🇷💯🇧🇷💯🇧🇷",0,2026-08-13
UgyESPpe8CXxJBH7ZHJ4AaABAg,81nNu0azWF4,Renan Santos,@luishenriquebastosfontao3466,2026-08-10T12:45:44Z,Renan Santos presidente !! Missão 14 !!,1,2026-08-13
UgzyOIqEH085wqQh6qF4AaABAg,81nNu0azWF4,Renan Santos,@caiojeronimo4216,2026-08-10T11:58:17Z,Pra cima !,0,2026-08-13
UgxTAMVO2ii9IegKAHp4AaABAg,81nNu0azWF4,Renan Santos,@BigHeaddeAaZ,2026-08-10T06:54:18Z,"Tive um sério problema no grupo de WhatsApp da militância do Missão, me expulsarem por defender o uso da Ivermectina durante a pandemia do Covid. E pasmem, pedi pra um administrador de destaque (Sasha) para me incluir em outro grupo e ele nem me respondeu. Se comportaram pior do que petistas ao não me dar e respeitar o direito de opinião.",0,2026-08-13
Ugw2aJ90o53L5hwrKt94AaABAg,81nNu0azWF4,Renan Santos,@lycanneves8723,2026-08-10T01:29:08Z,"Com certeza, pena de morte",0,2026-08-13
UgzCM6NyyxkJkzvvptt4AaABAg,81nNu0azWF4,Renan Santos,@Alecram.lima.14,2026-08-10T00:21:07Z,"Bizarro esse caso.. infelizmente mais um pra lista de casos inimagináveis para o país. Renan Santos pra ontem.. 
espero que ele cumpra todas as promessas.",0,2026-08-13
UgzLb3xDHXDz8Ny2c5F4AaABAg,81nNu0azWF4,Renan Santos,@cabecagone8727,2026-08-09T23:51:45Z,Prendeu matou vai ser difícil conseguir com tantos ptistas no poder mais melhor rennan que nada 14 nas urnas,1,2026-08-13
UgwZUO7aOLhY_-bh7Pt4AaABAg,81nNu0azWF4,Renan Santos,@Felipestrindade,2026-08-09T21:57:47Z,⬛️⬜️🟨,0,2026-08-13
UgwiZ1NC21ytOLkfpIp4AaABAg,81nNu0azWF4,Renan Santos,@Investindonaliberdade.04,2026-08-09T20:52:32Z,🚨Acorda Brasil Renan Santos Já 14 🫡🇧🇷,1,2026-08-13
UgyQrMcHLbXEiACoARF4AaABAg,81nNu0azWF4,Renan Santos,@Eldorado_1822,2026-08-09T18:44:57Z,Por esses e outros motivos nunca terei filhos...o mundo está muito perigoso...e neste país tudo isso é mais acentuado.,0,2026-08-13
UgxMtbo2r-iJRc_ThWV4AaABAg,81nNu0azWF4,Renan Santos,@guilhermeguimaraes1456,2026-08-09T17:32:46Z,O futuro é glorioso!,0,2026-08-13
UgyN2gJdSFT8WxrQ37N4AaABAg,81nNu0azWF4,Renan Santos,@conclusao-_-8416,2026-08-09T17:28:32Z,"E ainda tem gente que acha que o Flávio ou Lula é """"""""""""""""menos pior"""""""""""""""", mas eu concordo, o Renan não é menos pior que eles, ele é melhor, absurdamente melhor",0,2026-08-13
UgzuCYF9r7yxG56VJ794AaABAg,81nNu0azWF4,Renan Santos,@odsleyoliveira3224,2026-08-09T17:24:19Z,30 anos ainda é pouco,1,2026-08-13
UgwfdEdPp76G-ixthsB4AaABAg,81nNu0azWF4,Renan Santos,@EgremaraMartins,2026-08-09T16:45:43Z,14,1,2026-08-13
UgwePt6UWknGqxszvpp4AaABAg,81nNu0azWF4,Renan Santos,@Shauulin,2026-08-09T16:43:51Z,O pior de tudo que esse caso não teve tanta repercussão como deveria percebe que a mídia é imparcial,0,2026-08-13
Ugwcf-Hok3ahV4h1Uih4AaABAg,81nNu0azWF4,Renan Santos,@rodrigoguermandi,2026-08-09T15:38:33Z,"Prendeu matou!
Renan Santos presidente! 14",0,2026-08-13
UgwMaTUxigggRZZSVP94AaABAg,81nNu0azWF4,Renan Santos,@MariaCarolinedeSousa-cs4lu,2026-08-09T14:48:07Z,Renan Presidente 1️⃣4️⃣,1,2026-08-13
Ugw0QKfm7EcDqFxbv4R4AaABAg,81nNu0azWF4,Renan Santos,@RodrigoMiranda-h8n,2026-08-09T13:54:30Z,"Lacrador, fale logo NOS DEBATES e SABATINAS que quer criar uma nova CF, porque senão essas penas de 70, 80, 90 anos vão ficar só na sua mentalidade de peter pan. Não seja cagão!",0,2026-08-13
Ugw0QKfm7EcDqFxbv4R4AaABAg.A_I5p1cujQzA_IC2F8F-ib,81nNu0azWF4,Renan Santos,@thatswathwwind,2026-08-09T14:48:52Z,Ele fala bro,2,2026-08-13
Ugw0QKfm7EcDqFxbv4R4AaABAg.A_I5p1cujQzA_IC7Dn5qBX,81nNu0azWF4,Renan Santos,@estambet,2026-08-09T14:49:33Z,Ele já falou que defende uma nova CF em um futuro próximo...,3,2026-08-13
Ugw0QKfm7EcDqFxbv4R4AaABAg.A_I5p1cujQzA_IETS5lcAZ,81nNu0azWF4,Renan Santos,@RodrigoMiranda-h8n,2026-08-09T15:10:03Z,"@thatswathwwind Na sabatina da globonews ele não falou nada sobre criar uma nova CF. Pelo contrário: disse que se inspira no Bukele (outro lunático) mas que não vai aplicar praticamente nada daquelas medidas porque não se compatibilizam com o nosso ordenamento. Vocês infelizmente apoiam um lacrador populista, e é isso.",0,2026-08-13
Ugz4kmxIfhy205x41mx4AaABAg,CAW3RKzd09M,Renan Santos,@dmms2-x7m,2026-08-13T15:16:48Z,Achei meu candidato,0,2026-08-13
UgxGwnzHjejxjzwSel14AaABAg,CAW3RKzd09M,Renan Santos,@algustogardinal7407,2026-08-13T13:18:50Z,Nossa que vídeo chulo desse Dirceu 🙄🙄...,0,2026-08-13
UgweNOCizGV6ABW_eqR4AaABAg,CAW3RKzd09M,Renan Santos,@KelvinRodrigues-th1vb,2026-08-13T13:12:26Z,"O Dirceu kskskskskksks gente, o Dirceu, se nem deveria perder tempo com isso, quem assiste o Dirceu já está com a cabeça totalmente deturpada.",0,2026-08-13
UgxzvuvPHMBwSqLi0BN4AaABAg,CAW3RKzd09M,Renan Santos,@Andre-py7fm,2026-08-13T11:04:52Z,"Renan lhe digo uma coisa , vc sabe que pra dar certo um País tem que mexer naquele chiqueiro chamado judiciário, é por ali que tem que começar o trabalho, vc tem tudo pra dar certo como um presidente do Brasil, porém vc ja sabe, judiciário primeiro lugar.",1,2026-08-13
UgzCp3fUxKHm_O0FDkp4AaABAg,CAW3RKzd09M,Renan Santos,@AntônioCarlos-e3u2l,2026-08-13T11:02:04Z,Acorda Brasil! Acorda leitores brasileiros!,0,2026-08-13
UgxWPB6RiJky1MqW1JZ4AaABAg,CAW3RKzd09M,Renan Santos,@andreupt8737,2026-08-13T10:11:25Z,Esse 'Dirceuzinho do MBL' é bão! 👏👏👏👏,1,2026-08-13
UgyAFhEAK3-BjER0TaF4AaABAg,CAW3RKzd09M,Renan Santos,@lucianalinhares5010,2026-08-13T09:44:55Z,😊,0,2026-08-13
UgxP3Fjy4uvgTAt___V4AaABAg,CAW3RKzd09M,Renan Santos,@henriquelimapires2639,2026-08-13T09:38:15Z,"Cara, estamos chegando lá",0,2026-08-13
UgzQ-kG6d3LjCoU_P-h4AaABAg,CAW3RKzd09M,Renan Santos,@alvibarpinheiro7065,2026-08-13T02:52:56Z,"O PT destruiu, destrói e destruirá qualquer nação que ocupar no planeta terra. Vivem de forma anacrônica e sem evolução plausível. Aliás perdoe-me não só êle, mas qualquer partido de esquerda faliu nos conceitos do mundo moderno. Por favor me deem exemplo de apenas um país esquerdista que evoluiu com esses conceitos jurássicos. Porém, que a verdade seja dita, êles são competentíssimos em fazer as doutrinações para fazer a crença se perpetuar Contudo,  temos o contraponto das oligarquias, que também são tão nefastas quanto êles. A China, quando evoluiu com as reformas híbridas que Deng Xiaoping implantou, mudou parcialmente o conceito primário da era de Mao Tsé Tung. Venezuela, Coreia do Norte, Cuba e etc vivem na idade da pedra, comparando com nações de conceitos vanguardistas. O Brasil está condenado à ficar à reboque da evolução dos países do primeiro mundo. Estamos passo à passo descendo a ladeira. Infelizmente.",0,2026-08-13
UgxugHg5LcwsgyUF9id4AaABAg,CAW3RKzd09M,Renan Santos,@Brunosantos-dw2ph,2026-08-13T01:25:01Z,Pra cima!🐆🇧🇷,0,2026-08-13
UgwKWcSKLi4-FTRRgEN4AaABAg,CAW3RKzd09M,Renan Santos,@FVMs6653,2026-08-13T00:24:21Z,Missão!!!,0,2026-08-13
UgxffxkIISj-Ri4p-Wt4AaABAg,CAW3RKzd09M,Renan Santos,@lucasmatos9249,2026-08-12T23:39:50Z,Chegou o medo neles! É glorioso 🐆🇧🇷,0,2026-08-13
Ugzhsf55sfNUlUmCFHp4AaABAg,CAW3RKzd09M,Renan Santos,@nativoterrestre,2026-08-12T21:15:47Z,É a primeira vez q vou festejar com orgulho uma vitória presidencial,0,2026-08-13
UgzTKpFb8-Nvwsw1e3p4AaABAg,CAW3RKzd09M,Renan Santos,@fernandosampaio3429,2026-08-12T19:46:08Z,"Rapaz, ta todo mundo com medo do Missão e do Renan. Isso é muito significativo!",0,2026-08-13
UgwySLlJF5gPJl6AB_d4AaABAg,CAW3RKzd09M,Renan Santos,@Shorts-d2j-c6b,2026-08-12T17:25:57Z,Esse foi o mais ladrão no PT faz o lula parecer Aprendiz perto dele.,0,2026-08-13
UgyyGSdH2l6Zq0qJANV4AaABAg,CAW3RKzd09M,Renan Santos,@rodrigoagulha,2026-08-12T16:31:02Z,Não dá pra o PT usar a questão dos bancos estando o tempo que estão no poder,0,2026-08-13
Ugy767YDbhPdlQgtUVZ4AaABAg,CAW3RKzd09M,Renan Santos,@MárcioJoséSimões-s4j,2026-08-12T16:29:39Z,Esse Renan é baixinho mais tem um Ego gigantesco achando que tem alguma chance,0,2026-08-13
UgyzlZot7xiNHE4bfSJ4AaABAg,CAW3RKzd09M,Renan Santos,@AndreSteiner-Regenerative369,2026-08-12T16:18:25Z,"Isto aí Renan, confiamos que vcs serão diferentes e sábios",0,2026-08-13
UgyP_itoA81D9F-lKn54AaABAg,CAW3RKzd09M,Renan Santos,@George-br7bg,2026-08-12T15:45:04Z,Caralho kkkkkkkkk Renan Santos colocou na mesa e mandou medir kkkkkkkkkkkk,0,2026-08-13
UgyWDHRXCSBvTIkP1N54AaABAg,CAW3RKzd09M,Renan Santos,@solucaoinhome5971,2026-08-12T15:27:43Z,"O Dirceu é o diabo, cuidado com ele",1,2026-08-13
UgxqXj6JzJNveXOsk2x4AaABAg,CAW3RKzd09M,Renan Santos,@PcMarin,2026-08-12T14:31:27Z,"A """"""""""""""""bancada"""""""""""""""" do MBL é foda kkkkkk
Um japonês jogador de DOTA",0,2026-08-13
Ugx8uIgUdFSwRYEMINZ4AaABAg,CAW3RKzd09M,Renan Santos,@OpropioJmarcio,2026-08-12T13:47:40Z,A bancada de um homem só faz estrago imagina quando tiver mais  deputados da MISSÃO o choro vai ser grande.,0,2026-08-13
UgyxNWjGi9RA4idEigt4AaABAg,CAW3RKzd09M,Renan Santos,@tanostnt,2026-08-12T13:23:07Z,E o Zé não tá senil também KKKK,0,2026-08-13
UgzPVYh9PxHTcqtXlrB4AaABAg,CAW3RKzd09M,Renan Santos,@valterandersonbaptista8586,2026-08-12T11:38:21Z,Mano que camarada caquetico fora do tempo e o que este cara fez contra o FHC nos anos 90 a vai pro boteco,0,2026-08-13
UgyuU9mLp4k-bkkw4Hh4AaABAg,CAW3RKzd09M,Renan Santos,@xlucasrodrigues,2026-08-12T10:42:35Z,Kkkk o Kim vale por muitos ali,0,2026-08-13
UgzuTP_0nGJquyMD12p4AaABAg,CAW3RKzd09M,Renan Santos,@Wellingtonxavier1993,2026-08-12T09:48:51Z,A sua resposta ao Dirceu tem que ser sempre mais dura Renan...,0,2026-08-13
UgxRLMtTjVVP5Tlpn914AaABAg,CAW3RKzd09M,Renan Santos,@odairbuenodelima815,2026-08-12T09:42:37Z,Falou certinho os pt e um lixo,0,2026-08-13
UgyJrQvb2TLaRnw1kWJ4AaABAg,CAW3RKzd09M,Renan Santos,@MissionarioCorta,2026-08-12T09:35:50Z,Tão deixando a gente so har,0,2026-08-13
UgxsuSWne3pQ3DHkb4R4AaABAg,CAW3RKzd09M,Renan Santos,@brunoauer5073,2026-08-12T08:18:56Z,"a única resposta ao Zé Dirceu é """"""""""""""""O senhor deveria estar preso""""""""""""""""",0,2026-08-13
Ugx87sqLM66Hyp5mUjZ4AaABAg,CAW3RKzd09M,Renan Santos,@booklord8743,2026-08-12T05:57:38Z,"Foda é um cara desse pode só sair fora do Brasil, mas tá aqui tentando entrar pro panteão dos deuses salvando o Brasil, meu voto é seu, mas se fosse eu no seu lugar eu tava era jogando tigrinho no inferno, mas n estaria no Brasil n... Monte de abobado que n vai votar em vcs...",0,2026-08-13
UgxLMAnOEDQIyVBHtPR4AaABAg,CAW3RKzd09M,Renan Santos,@MaurícioB612,2026-08-12T02:40:04Z,"Caraca, o Dirceu tá só o mingau!",0,2026-08-13
UgyMLYHRNLKH3417-xt4AaABAg,CAW3RKzd09M,Renan Santos,@MarioSilva-yb8eu,2026-08-12T01:08:31Z,"Chega desta políticagem velha médiocre e corrupta, força Renan vamos por ordem nesta bagaça.",0,2026-08-13
Ugx-ldOSbPpy3varH3Z4AaABAg,CAW3RKzd09M,Renan Santos,@ruteduart,2026-08-11T23:25:30Z,"Dá-lhe, Renan!!!",0,2026-08-13
UgzBC2kvW_wBYY7CzFh4AaABAg,CAW3RKzd09M,Renan Santos,@MartinhoLima7,2026-08-11T23:18:26Z,A Revolução começou! #14,0,2026-08-13
UgyMODAp0UGkP-ND4HJ4AaABAg,CAW3RKzd09M,Renan Santos,@gimardasilva,2026-08-11T22:39:05Z,Farmar like kkkkkkkkkk.,0,2026-08-13
UgwBEKDRaqqQ1sHf0p14AaABAg,CAW3RKzd09M,Renan Santos,@ObitoFernandes,2026-08-11T21:48:42Z,Este debate vai ser doidera e caiado brigando com lula Renan brigando com Bolsonaro e com lula vai ser melhor debate dos anos só vai falta uma cadeirada que nem teve nas eleições passada,0,2026-08-13
UgzPvXxMUtbkRcj-8Jx4AaABAg,CAW3RKzd09M,Renan Santos,@CristinaSantos-h3t,2026-08-11T21:10:32Z,"Eles estão  desesperados. 😂😂😂
Os brasileiros estão com vocês Partido Missão!!",0,2026-08-13
UgzQgQxWCGDRQQBbKlR4AaABAg,CAW3RKzd09M,Renan Santos,@TheIFerreiraoliveira,2026-08-11T20:57:33Z,"Não sei se o renan deve achar que chamar o kim de """"""""""""""""bancada"""""""""""""""" é insulto ou elogio KKKKK",0,2026-08-13
Ugypu8Kvr_GTKep9P4V4AaABAg,CAW3RKzd09M,Renan Santos,@raimundoharlansantos6273,2026-08-11T20:20:22Z,Esse Zé Dirceu não tem nenhuma credibilidade,0,2026-08-13
UgwJ6tHqWt7Peo7Tyo14AaABAg,CAW3RKzd09M,Renan Santos,@13Eddu,2026-08-11T18:19:29Z,Não vamos deixar esse Revolucionário Comunista se crescer no nosso país.,0,2026-08-13
Ugz-9JBUApskruj7hox4AaABAg,CAW3RKzd09M,Renan Santos,@euclidescarlos187,2026-08-11T17:42:08Z,Excelente Renan - Estamos com VC,0,2026-08-13
Ugxzv5AsFYwOVHfwtZx4AaABAg,CAW3RKzd09M,Renan Santos,@vixxfgc,2026-08-11T17:20:51Z,A missão é clara,0,2026-08-13
UgxDMA5Wm7Flj6ra2k14AaABAg,CAW3RKzd09M,Renan Santos,@Tsukiyommi,2026-08-11T16:29:53Z,Zé act 😂,1,2026-08-13
UgzaffXIqdqo9b0fu3x4AaABAg,CAW3RKzd09M,Renan Santos,@amiltondossantos9177,2026-08-11T15:10:34Z,"PRA CIMA DELES, RENAN SANTOS.",0,2026-08-13
UgxrNQb2zfMQcuJKB5h4AaABAg,CAW3RKzd09M,Renan Santos,@Snyder7FW,2026-08-11T14:49:47Z,Dêem engajamento para este belo homem sábio,0,2026-08-13
UgwP28jhDoM2NqEs5MR4AaABAg,CAW3RKzd09M,Renan Santos,@luizoliveira-c4g,2026-08-11T14:49:20Z,"Esse """"""""""""""""Zé Act"""""""""""""""" RIDÍCULO, que moral tem esse ladrão!?",0,2026-08-13
Ugy_n1PhgdyCM_8ac7R4AaABAg,CAW3RKzd09M,Renan Santos,@bkliterff4023,2026-08-11T14:49:13Z,"Esse véio eo Lula são as 2 figuras mais asquerosas da política brasileira
PRA CIMA MISSÃO PRA CIMA RENAN",0,2026-08-13
UgwPasmxaFsIgZR_xI14AaABAg,CAW3RKzd09M,Renan Santos,@edu.fs.2540,2026-08-11T14:36:14Z,Imagina você chegar nessa idade e ainda te darem um papel ridículo desses kkkk Era melhor ter continuado preso kkkk,0,2026-08-13
Ugy6BNYvY7h9Dv9EPnp4AaABAg,CAW3RKzd09M,Renan Santos,@felipefilgueiras3120,2026-08-11T13:31:48Z,O futuro é glorioso,0,2026-08-13
UgzTrKc2kPMGMcHt9Up4AaABAg,CAW3RKzd09M,Renan Santos,@izildafaria3776,2026-08-11T13:28:23Z,"Dito isso: é Missão, é 14",0,2026-08-13
UgyJOf3wIrnfqrspPOJ4AaABAg,-8Aowj11e3o,Renan Santos,@nikitaaaa18,2026-08-13T17:10:19Z,E lula proteje isso e o PT também chama vítima da sociedade!,0,2026-08-13
UgxVVWG39EBkz-77xhd4AaABAg,-8Aowj11e3o,Renan Santos,@sergio201083,2026-08-13T17:07:17Z,"Pena de morte pra ontem 
Chega de familias destruidas 

Os bandidos tem o dinheiro de matar 
Os cidadãos de bem não?

O Brasil so sera sério com pena de morte",0,2026-08-13
UgyRNL7PILJ6jeS7Vv54AaABAg,-8Aowj11e3o,Renan Santos,@rafaelalves4770,2026-08-13T17:05:37Z,🟨⬛️⬜️,0,2026-08-13
UgxdQJ9YF29EGSH4WoR4AaABAg,-8Aowj11e3o,Renan Santos,@DanielLacorte-cq5yy,2026-08-13T17:03:50Z,ta ganhando meu voto,0,2026-08-13
UgwZ2XuAtlL8R1c51-R4AaABAg,-8Aowj11e3o,Renan Santos,@RicardoGonçalvesOliveira-q9j6w,2026-08-13T17:03:38Z,"Acho que sim 
O Flávio bolsanaro será mais um Lula do centrão 😊😊era Flávio tô quase mudando 😊😊",1,2026-08-13
UgzNu4MvOSb42BeA1DZ4AaABAg,-8Aowj11e3o,Renan Santos,@onçanaagua,2026-08-13T16:57:39Z,"ganha renan, por favor!",0,2026-08-13
Ugw-e6b3vPVy6rOGF7N4AaABAg,-8Aowj11e3o,Renan Santos,@jonjonessaas,2026-08-13T16:50:13Z,massa,0,2026-08-13
UgzgMKUqs1b0KWNCbiB4AaABAg,-8Aowj11e3o,Renan Santos,@AntonioSiqueira-c4w,2026-08-13T16:49:03Z,Em relação o vídeo eu sou a favor : mas vamos ser realistas deixando claro que não sou especialista em leis acho um presidente eleito não tem como fazer mudanças por decreto pois um presidente para mudar alguma coisa tem te ter infelizmente a maioria na câmara federal e a maioria no senado ( aí eu pergunto com essa câmara federal e atual senado federal será alguém consegue !!! SEM CONTAR O NOSSO STF que hoje acho que manda mais que um presidente),0,2026-08-13
UgwmPwY9mIPhy1gEbZ54AaABAg,-8Aowj11e3o,Renan Santos,@bismarkribeiro9655,2026-08-13T16:39:59Z,Não tem quem não chore 😢,0,2026-08-13
Ugzd4agthiM6Ays-6wV4AaABAg,-8Aowj11e3o,Renan Santos,@AntonioSiqueira-c4w,2026-08-13T16:39:53Z,Esses meninos meninos os cambau deveria pegar prisão perpétua ou pena de morte !!!,0,2026-08-13
Ugwuzj25_VFL0_Z9KJt4AaABAg,-8Aowj11e3o,Renan Santos,@rafaeloliveira4622,2026-08-13T16:34:17Z,"Punir adultos q já tem o caráter formado ele acha errado ..... em compensação ele acha q recuperar jovens com o caráter em formação tá errado .... 

Pedir coerência pra essa turma é o mesmo q pedir pra um cachorro falar ...",0,2026-08-13
Ugxgo71IlrCrqvTF_uN4AaABAg,-8Aowj11e3o,Renan Santos,@Vlogclipes,2026-08-13T16:21:09Z,"PRENDEU, MATOU!",0,2026-08-13
Ugy2oijCbUQ8TgTAo9V4AaABAg,-8Aowj11e3o,Renan Santos,@LuísCarlosTridapalli,2026-08-13T16:11:41Z,"Apoiado👏👏👏 SOMENTE COM PENAS ALTÍSSIMAS E PRISÃO PERPÉTUA PODERÁ DIMINUIR OS CRIMES NO BRASIL, INCLUSIVE PENA DE 60 ANOS PARA POLITICOS CORRUPTOS.",0,2026-08-13
UgwXsFO28xtvDM4k3lV4AaABAg,-8Aowj11e3o,Renan Santos,@lelecopeteleco1659,2026-08-13T16:06:07Z,"O criminoso precisa comer o pão que o diabo amassou. Eles precisam não só pagar o crime com perda da liberdade, eles precisam ressarcir suas vítimas. Trabalho forçado para dar uma indenização mensal para os familiares.",1,2026-08-13
UgzANFbS_PE8j1vECzR4AaABAg,-8Aowj11e3o,Renan Santos,@ElvisSilva-qr5ue,2026-08-13T15:59:53Z,Se tiver mais 4 anos de PT  até quem fez o L vai querer  o fim do governo e não vai ter o que fazer... Acabaremos!,0,2026-08-13
Ugwu-Hj39zTsCtQkoOx4AaABAg,-8Aowj11e3o,Renan Santos,@joncutrim,2026-08-13T15:58:21Z,"Não a pena de morte.
Sim a pena de trabalho não remunerado até a morte",0,2026-08-13
UgxEizdhzdMnaqCRIl54AaABAg,-8Aowj11e3o,Renan Santos,@LaerteS.Inacio-uc6xt,2026-08-13T15:39:48Z,@RenanSantos presidente!,0,2026-08-13
UgwouBkAS1EtcJ1gytF4AaABAg,-8Aowj11e3o,Renan Santos,@Jesus_te_amaaaa,2026-08-13T15:38:48Z,É isso aí meu presidente,0,2026-08-13
UgxN6E2cb3iC8xGLX4J4AaABAg,-8Aowj11e3o,Renan Santos,@ronierearaujo5234,2026-08-13T15:35:58Z,Eu apoio sua decisão. Pode arrochar.,0,2026-08-13
UgzbqUmzk5hwECQkoLx4AaABAg,-8Aowj11e3o,Renan Santos,@PG-qr2os,2026-08-13T15:31:29Z,"@renansantosmbl suas palavras são um sonho. Como vc fará é um pesadelo. Antes dos bandidos vc dará a """"""""""""""""única solução real"""""""""""""""" 💀 com quem manda no Brasil?",0,2026-08-13
UgwHZB1TTG9xAg0sYNh4AaABAg,-8Aowj11e3o,Renan Santos,@F.BATIST4,2026-08-13T15:21:14Z,Esse menino merece vingança!,1,2026-08-13
UgzDGiTsuJIA9uKL55V4AaABAg,-8Aowj11e3o,Renan Santos,@marcusviniciusoliveiracarv6335,2026-08-13T15:14:00Z,Ja passou da hora,0,2026-08-13
Ugz4lzW0tMgGEol-9Z54AaABAg,-8Aowj11e3o,Renan Santos,@Dass1111,2026-08-13T15:09:58Z,Só quem entende ou perdeu um ente querido deseja mudança,0,2026-08-13
UgwzqRoQZpXgyoTCRtd4AaABAg,-8Aowj11e3o,Renan Santos,@terezadesouza9884,2026-08-13T15:04:21Z,RENAN SANTOS VAI SER O MELHOR PRESIDENTE DO BRASIL 🐆🐆🐆🐆🐆🐆🐆🐆🐆🐆👏🏼👏🏼👏🏼👏🏼👏🏼👏🏼👏🏼👏🏼👏🏼👏🏼👏🏼🥳🥳🥳🥳🥳🥳🥳🥳🥳🥳🎉🎉🎉🎉🎉🎉🎉🎉🎉🎉🙏❤️,0,2026-08-13
UgzkIvAE33rYZSj60bR4AaABAg,-8Aowj11e3o,Renan Santos,@terezadesouza9884,2026-08-13T15:03:20Z,Deus tenha Misericordia da população brasileira que vive a merce da bandidagem 🙏🙏🙏🙏🙏🙏🙏🙏🙏🙏🙏🙏🙏🙏🙏🙏🙏🙏🙏🙏🙏🙏 proteja Senhor todos os inocentes 🙏🙏🙏🙏🙏🙏🙏🙏🙏,0,2026-08-13
UgyxYDT9NHoqGhni31V4AaABAg,-8Aowj11e3o,Renan Santos,@terezadesouza9884,2026-08-13T15:01:54Z,AVANTE MISSÃO 🐆🐆🐆🐆🐆🐆🐆🐆🐆🐆🐆🐆👏🏼👏🏼👏🏼👏🏼👏🏼👏🏼👏🏼👏🏼👏🏼👏🏼👏🏼👏🏼🥳🥳🥳🥳🥳🥳🥳🥳🥳🥳🥳🥳🎉🎉🎉🎉🎉🎉,0,2026-08-13
UgxLaKd2ejCChcLNZPl4AaABAg,-8Aowj11e3o,Renan Santos,@Andersonleon-p9z,2026-08-13T14:54:47Z,É muito triste 😔 a criança crescer sem o pai . Meu voto é seu Renato,0,2026-08-13
UgyRj1gtVRnsMgWxe_R4AaABAg,-8Aowj11e3o,Renan Santos,@mmusic1047,2026-08-13T14:47:20Z,Por mais que eu não concorde com seu posicionamento sobre redução da Jornada de trabalho estou vendo que a melhor opção de voto é vc ....,0,2026-08-13
UgzKP6ZUY9N2dxlVNmp4AaABAg,-8Aowj11e3o,Renan Santos,@raimundoharlansantos6273,2026-08-13T14:41:27Z,Brasil precisa de uma mudança radical,0,2026-08-13
UgzZCZQRxS4KiirEK-J4AaABAg,-8Aowj11e3o,Renan Santos,@eritorochadouradorocha7685,2026-08-13T14:33:57Z,tô achando que vou votar em você,0,2026-08-13
UgzVsbIww08fISCAXvd4AaABAg,-8Aowj11e3o,Renan Santos,@diegohenrique2899,2026-08-13T14:30:58Z,"Fez MERD4 não tem idade, tem que pagar!",0,2026-08-13
UgyniV0D8g5sMYBaOux4AaABAg,-8Aowj11e3o,Renan Santos,@cinthiarenzipersonal2171,2026-08-13T14:29:11Z,"""""""""""""""""Engraçado"""""""""""""""" que o ECA defente os criminosos desgraçados mas o menino que ficou sem pai não tem direito nenhum né? 

Nojo desse Brasil 😢",0,2026-08-13
UgyQJF8Ij0G647zJzU94AaABAg,-8Aowj11e3o,Renan Santos,@lucasazevedo23,2026-08-13T14:28:53Z,"Isso aí. Mas antes, vamos legalizar o aborto, para matar o mau pela raiz 🙌🏻🫶",0,2026-08-13
UgztBRP5xFykhELgYp54AaABAg,-8Aowj11e3o,Renan Santos,@Amaro-p5p,2026-08-13T14:25:42Z,Aqui do interio do Rio Grande do Norte! Tamos com Renan Santos,0,2026-08-13
UgwbdmR2yyA9vm8MLcZ4AaABAg,-8Aowj11e3o,Renan Santos,@clailsonferreira6069,2026-08-13T14:23:50Z,Haaahaaahaaa😂😂😂😂 Brasil e uma piada justiça e uma piada essas coisas não acontecem com ou políticos e juízes.,0,2026-08-13
UgwNsBILwIJQ4haSCdl4AaABAg,-8Aowj11e3o,Renan Santos,@brenoferreira4719,2026-08-13T14:19:54Z,Como seria bom o Renan santos ganhar  essa eleição. Mas infelizmente muitas pessoas ainda não o conhecem. Na minha familia e no meu ciclo de amizades poucos o conhecem.,0,2026-08-13
UgwqEnKjdi0Wck5FQ8x4AaABAg,-8Aowj11e3o,Renan Santos,@jeffersonwilsonteixeira6998,2026-08-13T14:10:24Z,Fora Lula,0,2026-08-13
UgytlWre3b12rzp5kdp4AaABAg,-8Aowj11e3o,Renan Santos,@jeffersonwilsonteixeira6998,2026-08-13T14:10:18Z,Fora PT,0,2026-08-13
UgwjdwBfzDoNjE0HHKt4AaABAg,-8Aowj11e3o,Renan Santos,@SuperSidinho,2026-08-13T13:41:17Z,"Meu voto é  FLÁVIO BOLSONARO PRESIDENTE NO PRIMEIRO TURNO EM 2926. Porém, espero vê lo mais amadurecido, com essa garra e confiança toda em um próximo pleito. Vc tem futuro. Mas gostaria de vê lo brigando por projetos que estejam alinhados com seus objetivos. Brigando não contra homens, mas contra legislações absurdas que não levam ninguém à nada. Pavimenta tua estrada, faça pontes e abra novos caminhos. E num futuro não muito distante, MEU VOTOS E DE QUEM CONHEÇO, SERÃO TODOS SEU!! Não seja como o aço, que deforma e entorta. Mas sim como o Bambu,que o vento bate, enverga ,enverga ,mas depois sempre volta a posição inicial. Seja flexível, sem ser sem personalidade. O Brasil precisa de homens e mulheres de coragem, muita personalidade e inteligência acima da média para não cometer os erros tradicionais da velha e podre política brasileira.",0,2026-08-13
UgyzHrPHKAmtRI_InE94AaABAg,-8Aowj11e3o,Renan Santos,@carlosrosa2064,2026-08-13T13:39:12Z,"CHEGA A DAR VONTADE DE CHORAR OUVINDO ISSO, E MUITO TRISTE! PRISÃO PERPÉTUA PARA ESSES GURIS NO MÍNIMO",1,2026-08-13
UgziXWo6eIJkrqOqi9F4AaABAg,-8Aowj11e3o,Renan Santos,@LucasFilosofo2026,2026-08-13T13:11:30Z,VOCÊ TERA MEU VOTO RENAN !,0,2026-08-13
UgypynO77H2p84xYahN4AaABAg,-8Aowj11e3o,Renan Santos,@veraceciliapavan,2026-08-13T13:07:33Z,"Voto no RENAN e vamos espalhar essa postagem para todos, RENAN tem que ser o presidente deste país! Chega de gente com rabo preso.",0,2026-08-13
Ugz8tosHDYeiZP5yAal4AaABAg,-8Aowj11e3o,Renan Santos,@isabelkressinrahman6673,2026-08-13T12:58:57Z,Uma merda o Brasil é daí que são adolescentes?? Mataram não tem justificativa seria prisão perpétua ou pena de morte mas no Brasil só inocente fica na cadeia,0,2026-08-13
UgxDdKyq1jTcVNgxxXh4AaABAg,-8Aowj11e3o,Renan Santos,@Rasdsss,2026-08-13T12:55:54Z,Inevitável,0,2026-08-13
Ugwr6c1fuOdIxB7O-fV4AaABAg,-8Aowj11e3o,Renan Santos,@renatogestor-u1o,2026-08-13T12:32:31Z,👍👍💪💪,0,2026-08-13
UgyciHGi09c1EYtWJkB4AaABAg,-8Aowj11e3o,Renan Santos,@shrjacloja,2026-08-13T12:29:05Z,Alguem ja viu um lixo deixar de feder ? Entao esses lixo devem ser descartado mesmo !!!!!,0,2026-08-13
UgygH_gORdi1wC8VSkh4AaABAg,-8Aowj11e3o,Renan Santos,@MrDemo28,2026-08-13T12:24:01Z,Perfeito,0,2026-08-13
UgzzG4sJuk_RyLgN89d4AaABAg,-8Aowj11e3o,Renan Santos,@cofredenotas,2026-08-13T12:21:36Z,Exatamente!! Esse ano será o voto da vingança!,0,2026-08-13
UgzuXVM7q7HdBcoT00B4AaABAg,-8Aowj11e3o,Renan Santos,@leticiabrito7665,2026-08-13T12:19:24Z,CANALHAS MIL VEZES......CANALHAS!!!!!!,1,2026-08-13
UgxEYNhql9nMIpBDdf54AaABAg,-8Aowj11e3o,Renan Santos,@mauriciuscastello,2026-08-13T12:18:10Z,Na minha opinião eles tem que trabalhar pra indenizar a familia e a propria comida.,0,2026-08-13
Ugy6a7-4Whp3Uyf7YC14AaABAg,oNvwAFzoTPU,Renan Santos,@ansleyzheth,2026-08-12T23:18:15Z,Cidadão aponta uma arma e te ameaçar é inocente? .... Claro claro,0,2026-08-13
UgxfljR6zlf_oqOmbWV4AaABAg,oNvwAFzoTPU,Renan Santos,@carlaoradio,2026-08-12T15:40:46Z,Muito acima dos demais!!!! Espero q vá ao segundo turno!,0,2026-08-13
UgyKabWfM51CcZ8LdG94AaABAg,oNvwAFzoTPU,Renan Santos,@medicinahumanaxxxiiunprg8063,2026-08-12T10:14:39Z,"Viu votar nele,Bora Renan!",0,2026-08-13
UgzdjsbFX4oJzDWWA6d4AaABAg,oNvwAFzoTPU,Renan Santos,@medicinahumanaxxxiiunprg8063,2026-08-12T10:14:13Z,Jornalista que é pior que bandido,0,2026-08-13
UgzXEfLwGiU7_b8nR1R4AaABAg,oNvwAFzoTPU,Renan Santos,@164Road,2026-08-11T23:54:45Z,"""""""""""""""""Mas não tem o risco de matar inocentes"""""""""""""""". 
E quantos inocentes estão sendo mortos por dia no Brasil, nas mãos dos criminosos?",0,2026-08-13
UgzC2lNvqD1DDfu_cAJ4AaABAg,oNvwAFzoTPU,Renan Santos,@DaniloFreitasMesquita,2026-08-11T12:32:13Z,No Brasil a vítima é o bandido,0,2026-08-13
UgxVAB3_APq8luAYyit4AaABAg,oNvwAFzoTPU,Renan Santos,@jribeiro4743,2026-08-11T10:37:39Z,Renan Santos 14 🟨⬜️⬛️,0,2026-08-13
UgyCGG5C-zcN_lqNfmR4AaABAg,oNvwAFzoTPU,Renan Santos,@carloslara3247,2026-08-11T01:17:57Z,Tem meu voto,0,2026-08-13
UgxRM-ucF-Qxbd5riM94AaABAg,oNvwAFzoTPU,Renan Santos,@Joelroque1974,2026-08-11T00:46:34Z,"Quem es tu..
..eu j 1x que tive.....tendo uma arma na teste......e hj para traba.....preciso ter.um segurança.. ..armado.....",0,2026-08-13
Ugw3IHyViNkJCSI9ucx4AaABAg,oNvwAFzoTPU,Renan Santos,@alenicegoncalves4234,2026-08-10T16:39:05Z,"Prendeu, matou.",0,2026-08-13
UgxkBv4SkxrBkHVQnOB4AaABAg,oNvwAFzoTPU,Renan Santos,@RaphRSilva,2026-08-10T16:32:29Z,Globo disse que não podia fazer corte kk,1,2026-08-13
Ugzj131lJk5Dn0XpKHN4AaABAg,oNvwAFzoTPU,Renan Santos,@carlosdiniz5480,2026-08-10T08:46:18Z,Tá mentindo? Claro que não! Não existe Direitos Humanos para cidadãos de bem!,1,2026-08-13
Ugwcl8HFhjwTCRPcJdN4AaABAg,oNvwAFzoTPU,Renan Santos,@MaurícioB612,2026-08-10T07:14:52Z,"Parecem advogadas de bandido!
""""""""""""""""Ah, que eu quero entender o que essa declaração quer dizer...""""""""""""""""  só faltou dizer, """""""""""""""" você vai mat*rr meus meninos?""""""""""""""""",1,2026-08-13
Ugye2WzRYjnzo8aYu294AaABAg,oNvwAFzoTPU,Renan Santos,@evaldosilva7098,2026-08-10T07:10:45Z,👏👏👏🐯 14 MISSÃO Renan Santos 👀👀👀👊👊👊,0,2026-08-13
UgzliwOm5sfmx5bCSid4AaABAg,oNvwAFzoTPU,Renan Santos,@BigHeaddeAaZ,2026-08-10T06:54:48Z,"Tive um sério problema no grupo de WhatsApp da militância do Missão, me expulsarem por defender o uso da Ivermectina durante a pandemia do Covid. E pasmem, pedi pra um administrador de destaque (Sasha) para me incluir em outro grupo e ele nem me respondeu. Se comportaram pior do que petistas ao não me dar e respeitar o direito de opinião.",0,2026-08-13
UgzQUCUEAGJnd_eFzkB4AaABAg,oNvwAFzoTPU,Renan Santos,@marialuciavieirabarros8421,2026-08-10T02:36:55Z,"Kkkkkkkk
Entendeu??
Avante Missão!
🖤🧡🇧🇷🐆",0,2026-08-13
UgyyzZo64sno5_ip1Mx4AaABAg,oNvwAFzoTPU,Renan Santos,@gabrielronzani7338,2026-08-09T23:09:15Z,14,0,2026-08-13
Ugx5GESqnce2AYl2Vyd4AaABAg,oNvwAFzoTPU,Renan Santos,@Felipestrindade,2026-08-09T22:02:19Z,"Nossa, a grama é verde😅",0,2026-08-13
UgxKPnfHdthgdv_uWUF4AaABAg,oNvwAFzoTPU,Renan Santos,@conclusao-_-8416,2026-08-09T17:30:33Z,"Prendeu 
Matou
😎☕",0,2026-08-13
UgwDy1wb_Qago2CM1Rl4AaABAg,oNvwAFzoTPU,Renan Santos,@EgremaraMartins,2026-08-09T16:26:37Z,A polícia odeia bandido . Vc jovem 👏 consegue está em paridade com ela não né . Então meu conselhos é não entra para o movimento se não vc vai se perder e não há oração que resolva 🙏 isso . A oração é cuide da sua carcaça 🙏 porque vc só tem uma .😅😅😅😅 Deixe o fuzil e vai capina um lote ganha um troço honestamente . Nem tudo é racismo🎉😅❤. O que o homem planta isso também ceifará . Bíblia sagrada .,0,2026-08-13
UgyVSyaaRoYsq0VleUR4AaABAg,oNvwAFzoTPU,Renan Santos,@carlodjose9991,2026-08-09T15:44:36Z,"_Ⓜ️issão dada, Ⓜ️issão cumprida Renan Santos pra presidente urgente do Brasil 14 🇧🇷_",1,2026-08-13
Ugx9Fyik1wI6N1td1NN4AaABAg,oNvwAFzoTPU,Renan Santos,@ClaudioTolledo,2026-08-09T15:18:53Z,RS14,0,2026-08-13
UgwcdHMvt8fm5uIMRxJ4AaABAg,oNvwAFzoTPU,Renan Santos,@doug1810,2026-08-09T14:27:14Z,Renan Santos para presidente do Brasil! Nro 14. Partido Missão! 💪💪👏👏👏,1,2026-08-13
UgxFWm4jSxTyi1Iiejl4AaABAg,oNvwAFzoTPU,Renan Santos,@IvanJr-u9x,2026-08-09T13:55:29Z,"Discordo do meu candidato!! É pra ser: matou, prendeu!!",0,2026-08-13
UgyHpK1x9hbDZNGY-SF4AaABAg,oNvwAFzoTPU,Renan Santos,@AlaelsonBorges-e3z,2026-08-09T13:43:38Z,A esquerda eles defende marginais as vítimas da sociedade deles,0,2026-08-13
UgwGlI3jSqIWq9ayrC94AaABAg,oNvwAFzoTPU,Renan Santos,@JoséArthurBermudesdaSilveiraJu,2026-08-09T13:13:39Z,Não pude colocar a cara das duas amebas agora? Sabemos que é a  Natuza.,0,2026-08-13
Ugzm9xrinBytehwSSjF4AaABAg,oNvwAFzoTPU,Renan Santos,@edersansil44,2026-08-09T12:39:30Z,Renan Santos 2026 🇧🇷🇧🇷🇧🇷,0,2026-08-13
UgztZJHjAlkwNrZo8j14AaABAg,oNvwAFzoTPU,Renan Santos,@gregoriopereira790,2026-08-09T12:28:23Z,Roubou o trabalhador tão já era .. bora pra cima Renan.. já tem meu voto,0,2026-08-13
UgwHSaF1GzDvhgFm7v94AaABAg,oNvwAFzoTPU,Renan Santos,@Humano081,2026-08-09T12:14:42Z,"Prendeu, matou",0,2026-08-13
UgxoeAacw5POLy45ZEx4AaABAg,oNvwAFzoTPU,Renan Santos,@betokr78,2026-08-09T11:54:13Z,"Enxergo uma nova esperança. Tera meu voto, de minha família e de quem eu conseguir angariar.",0,2026-08-13
UgwmUlSGM5pAunPO9Z94AaABAg,oNvwAFzoTPU,Renan Santos,@joelsonsouza2734,2026-08-09T11:50:32Z,Quando ganhar vai ficar a mesma merda,0,2026-08-13
UgxO0zD9kRwaBKQNsxF4AaABAg,oNvwAFzoTPU,Renan Santos,@joaoneto_Missao14,2026-08-09T11:49:52Z,"Renan Santos presidente
Só vai para o 'Matou' quem quiser e não quem tá andando na rua... hoje já se mata o inocente, em diversos latrocínios, precisamos mudar",0,2026-08-13
Ugx2eS8t88xgpl_UofZ4AaABAg,oNvwAFzoTPU,Renan Santos,@alexandreazevedo5293,2026-08-09T11:46:11Z,"AA repórter perguntando """"""""""""""""se não vai ter abuso""""""""""""""""?

O brasileiro de bem já está sendo abusado há tempos.....",0,2026-08-13
Ugyf8Z2VhHMEv5rLCoR4AaABAg,oNvwAFzoTPU,Renan Santos,@vitormateusdebiazi2403,2026-08-09T11:21:10Z,Bandido tem que comer só alface na cadeia os cara vai magro volta gordo,0,2026-08-13
UgyiIQ7KXjQTPT7eimZ4AaABAg,oNvwAFzoTPU,Renan Santos,@kadupedretti,2026-08-09T10:34:59Z,Sadi com voz da Marilha gabriela😂😂😂,0,2026-08-13
UgwPMm1vkMryvkY_gGx4AaABAg,oNvwAFzoTPU,Renan Santos,@ismaelferreira7708,2026-08-09T10:18:36Z,Renan Santos Missão 14 o único com proposta reais em todas as áreas.,0,2026-08-13
UgyH66qD0vDFbqif0O54AaABAg,oNvwAFzoTPU,Renan Santos,@ArnaldoMatoso,2026-08-09T09:40:26Z,Apoi,1,2026-08-13
UgygzFydwK3eK3oNgpZ4AaABAg,oNvwAFzoTPU,Renan Santos,@jefersonvasques5549,2026-08-09T08:32:23Z,Mesmo que não ganhe 10% to pensando em votar nele,0,2026-08-13
Ugxcumabj-0dCHExvzZ4AaABAg,oNvwAFzoTPU,Renan Santos,@danielcass3999,2026-08-09T07:55:48Z,Só tem que ter muito cuidado com o facto de que alguns dos próprios criminosos estão dentro da Polícia ou têm parceria com a agentes da Polícia.,0,2026-08-13
UgyKJBd4z0wYKmUT9nN4AaABAg,oNvwAFzoTPU,Renan Santos,@oguiirodrigues,2026-08-09T05:37:01Z,Ter que alterar voz e borrar a imagem de uma JORNALISTA já mostra como esse país está doente.,1,2026-08-13
UgzweG-r_HLPt5TSmdB4AaABAg,oNvwAFzoTPU,Renan Santos,@JNSAQ,2026-08-09T04:54:31Z,É aquela famosa frase “tá com pena? Leva pra casa”,0,2026-08-13
UgyrRWa0Cd_vFXouPtl4AaABAg,oNvwAFzoTPU,Renan Santos,@VigilantedoApocalipse,2026-08-09T04:26:36Z,"Bolsonaro 2018 era bandido bom é bandido morto , depois ele virou a chuchuca do centrão, vamos de Renan Santos desse vez.",0,2026-08-13
Ugxw6DYuCULtZ2WErtl4AaABAg,oNvwAFzoTPU,Renan Santos,@ulissesaurelio321,2026-08-09T02:23:13Z,"Natuza e Sadi, provavelmente vocês nunca foram assaltadas, estupradas, tiveram uma arma apontada para vocês, ou parentes assaltados e até mortos por criminosos. Desculpe a sinceridade , mas se um dia tiverem essa experiência em suas vidas, e espero que não , acredito que irão entender porque a pena de morte e bem vinda nesse país 😊",0,2026-08-13
Ugy6dKToBIM633-koCN4AaABAg,oNvwAFzoTPU,Renan Santos,@vacuumViolin,2026-08-09T02:08:28Z,"Eu vou para a rua apoiar o Missão! Seria fantástico ver milhões nas ruas pelo Brasil, algo maior que as manifestações pró impeachment",0,2026-08-13
Ugy4UbhcrWCLX4sw6qd4AaABAg,oNvwAFzoTPU,Renan Santos,@acheibarato99,2026-08-09T02:05:55Z,1️⃣4️⃣🔥,2,2026-08-13
Ugwr6Xo-CpbdOWTlTtp4AaABAg,oNvwAFzoTPU,Renan Santos,@tiagoorlamunder,2026-08-09T01:58:44Z,🙋🏼‍♂️🙅🏽‍♀️🐆,1,2026-08-13
UgyIMipkLUxJP9ONB314AaABAg,oNvwAFzoTPU,Renan Santos,@TDBento,2026-08-09T01:38:32Z,Tragam a urna logo...,0,2026-08-13
UgxaZfqxdu7QXZxBeZB4AaABAg,oNvwAFzoTPU,Renan Santos,@gustavoperegrino5193,2026-08-09T01:30:30Z,Renan santos melhor candidato 2026,0,2026-08-13
Ugz--rykPxxKCzFuGhd4AaABAg,oNvwAFzoTPU,Renan Santos,@razxlt,2026-08-09T00:50:56Z,"""""""""""""""""vamos matar quem roubar"""""""""""""""" oq q ela não entendeu? kkkkkkkkk",0,2026-08-13
UgzBF35YSeJfHRoIUnZ4AaABAg,oNvwAFzoTPU,Renan Santos,@alexis5878,2026-08-09T00:43:11Z,"É impressionante o esforço que alguns(mas) fazem pra passar a mão na cabeça de bandido. Eu não vejo o mesmo ímpeto para questionar em favor das vítimas, qnd o candidato passa pano pra vagabundo.",0,2026-08-13
UgwluwVPeGtGc_UpDaR4AaABAg,FfJMuX-VYZA,Renan Santos,@leandrosilvagomes1831,2026-08-13T16:46:39Z,"Estou vendo seus vídeos. Suas propostas, mais sinceramente estou com medo de me iludir novamente",0,2026-08-13
UgwrCu6aEgB9MrV9f6N4AaABAg,FfJMuX-VYZA,Renan Santos,@amarildopadilha1564,2026-08-13T16:11:02Z,Comecou a incomodar com este tanto de voto que vai ter..kkkk,0,2026-08-13
UgyeAZQzclC9211sxBJ4AaABAg,FfJMuX-VYZA,Renan Santos,@Sandro-j7y,2026-08-13T16:10:08Z,Eu quero é Renan Presidente!!!,0,2026-08-13
Ugxq1QN6su1RmSwZR354AaABAg,FfJMuX-VYZA,Renan Santos,@deuzimarsouza5494,2026-08-13T16:08:58Z,"Engraçado que a Globo News agora está dizendo que o STF NÃO pode obrigar um jornalista a revelar sua fonte, porque isso seria inconstitucional.

Me parece (opinião minha) que a Globo News não está disposta a revelar uma fonte sua se o STF mandar.

Quem diria!!!",0,2026-08-13
UgxrZrReLlDE9spnQGJ4AaABAg,FfJMuX-VYZA,Renan Santos,@Richard360.26,2026-08-13T15:49:28Z,Esse tem meu voto!,0,2026-08-13
UgyoHYH6spxtjVHhTVF4AaABAg,FfJMuX-VYZA,Renan Santos,@Richard360.26,2026-08-13T15:48:44Z,Ele falou o óbvio!,0,2026-08-13
UgxVImVJXoh57vdksHl4AaABAg,FfJMuX-VYZA,Renan Santos,@Richard360.26,2026-08-13T15:48:20Z,Acho  que eles muito burro mesmo 😂😂,0,2026-08-13
UgyKl3WjAnU1TgfUfJl4AaABAg,FfJMuX-VYZA,Renan Santos,@Lary_Alfinete,2026-08-13T15:44:17Z,"Cara a jornalista pergunta """"""""""""""""o senhor q vai decidir oq é ilegal ou n?"""""""""""""""" E o Renan fala """"""""""""""""eu n a constituição, se for ilegal com base na constituição eu n vou acatar"""""""""""""""" ai vem esse mobral do caralho dizer q o Renan falou q vai decidir oq é ilegal ou n pqp n sei se é mau-caratismo  ou incompetência",0,2026-08-13
UgxUloJagjCj780aDlV4AaABAg,FfJMuX-VYZA,Renan Santos,@marcoPraiaRun,2026-08-13T15:25:44Z,🇧🇷✅,1,2026-08-13
Ugyn05wU2l-s-D6rvjh4AaABAg,FfJMuX-VYZA,Renan Santos,@FranciscoBrandão-e8u3n,2026-08-13T15:09:58Z,"Pior é que as atitudes democráticas atuais tem trazido descontrole na segurança e não inibe a corrupção 
Na verdade, tá uma várzea",0,2026-08-13
Ugy44yIWjLe31wCFThx4AaABAg,FfJMuX-VYZA,Renan Santos,@felippecardoso2244,2026-08-13T15:09:08Z,PODER MODERADOR DO IMPERADOR TRAVA TODOS OS PODERES PENSA BEM.....❤,1,2026-08-13
UgykrnB8OWEecpHM1ml4AaABAg,FfJMuX-VYZA,Renan Santos,@kevinmoreira5147,2026-08-13T14:55:09Z,Verdade,0,2026-08-13
Ugwfd9rbMQg2oBb2pGp4AaABAg,FfJMuX-VYZA,Renan Santos,@suporteinformatica6887,2026-08-13T14:02:06Z,"O próprio supremo Saiyajin não cumpre a CF, esse Bostil é uma piada mesmo",0,2026-08-13
UgzEjKxOeov_1LEbUnh4AaABAg,FfJMuX-VYZA,Renan Santos,@manoelsoares9365,2026-08-13T13:10:13Z,"Se os brasileiros não aproveitarem agora pra fazer as mundanças necessárias , eles vao sofrer mais 4 anos no mínimo, depois não reclamem",0,2026-08-13
Ugx60X11mBJroIuXRz54AaABAg,FfJMuX-VYZA,Renan Santos,@gerlanalves9283,2026-08-13T13:04:40Z,O QI desse pessoal é muito baixo,0,2026-08-13
Ugx1LcO4KGt1I39wzUZ4AaABAg,FfJMuX-VYZA,Renan Santos,@mikaelEspíndola,2026-08-13T12:55:23Z,"Ué mas os bolsonaristas fala que somos cria do STF 😂😂😂😂😂😂. 
Nosso presidente é o único que tem coragem e não tem rabo preso para enfrentar o STF 
1️⃣4️⃣",0,2026-08-13
Ugy8TfQDTPaRIyJ3TSl4AaABAg,FfJMuX-VYZA,Renan Santos,@ismaelferreira7708,2026-08-13T12:07:40Z,"O STF serve ao crime organizado. 
Bora Missão 14 vencer. 🇧🇷🇧🇷🇧🇷",0,2026-08-13
Ugw7DJLG2JwPmjkK5it4AaABAg,FfJMuX-VYZA,Renan Santos,@TLP-u1z,2026-08-13T10:49:23Z,"STF não é um poder moderador, mas se comporta como tal",0,2026-08-13
UgyfA4xiQsMHrcDdBFt4AaABAg,FfJMuX-VYZA,Renan Santos,@evertonribeiro4906,2026-08-13T10:22:28Z,Vc é surreal irmão.... parabéns,0,2026-08-13
Ugzz6UXxGQ8pq7gKuNB4AaABAg,FfJMuX-VYZA,Renan Santos,@teacher.rawlinson,2026-08-13T09:20:29Z,14!,1,2026-08-13
Ugw62MuDN8KFt4Uv4ax4AaABAg,FfJMuX-VYZA,Renan Santos,@MarioSilva-yb8eu,2026-08-13T02:48:27Z,"Que analista imbecil,tem que ter paciência com a capacidade interpretativa destes profissionais da treta, força Renan.",1,2026-08-13
UgyrqGde4R52ziPT9yl4AaABAg,FfJMuX-VYZA,Renan Santos,@Brunosantos-dw2ph,2026-08-13T01:29:12Z,🗣🔥É 14 e confirma!🐆🇧🇷,1,2026-08-13
UgztWI2bckIwLpUVPAh4AaABAg,FfJMuX-VYZA,Renan Santos,@johnybigudo,2026-08-13T00:44:29Z,Canhoteiros são frouxos,0,2026-08-13
UgwBuHlEDlXHKxLQEKV4AaABAg,FfJMuX-VYZA,Renan Santos,@felipeaugustosousa6147,2026-08-12T23:33:01Z,Esse cara precisa ganhar,1,2026-08-13
UgwpDt_zRjXX-9f-ibF4AaABAg,FfJMuX-VYZA,Renan Santos,@giovanneoliveira2826,2026-08-12T20:45:23Z,"Desde qnd o STF pode tomar decisão ilegal? Nenhuma decisão inconstitucional deve ser cumprida, por nenhum cidadão,a própria lei garante.",0,2026-08-13
UgwTb5R2MA9RQNL-N5B4AaABAg,FfJMuX-VYZA,Renan Santos,@evertonbazzei2083,2026-08-12T18:03:35Z,Dito isso Renan presidente do Brasil.,0,2026-08-13
Ugx6jDoeJwPcTYJMKTV4AaABAg,FfJMuX-VYZA,Renan Santos,@mensageir0_d0_futur0,2026-08-12T17:44:14Z,"Leis, políticas e constituição que foi criada por criminosos estatais. Escravidão moderna é isso mesmo, você paga caro para os três poderes te roubar, oprimir e sodomizar. Você fica preso na senzala tributária do seu governo/banco do seu ex-presidiário favorito, acorrentado no pix/split, tomando chicotada pra ganhar seu dinheiro fiduciário estatal que derrete todo dia pela inflação que nada mais é do que um método de racismo estruturado. Quer ser livre? A chave da liberdade se chama Bitcoin.",0,2026-08-13
UgwiSrSeFXeadsGQIyN4AaABAg,FfJMuX-VYZA,Renan Santos,@leleuu157,2026-08-12T17:41:32Z,"O candidato mais preparado, o FUTUROS É GLORIOSO, AVANTE MISSÃO 🟨⬛️🟨⬛️🟨⬛️🟨⬛️🟨⬛️🟨⬛️🟨⬛️🟨⬛️🟨⬛️🟨⬛️🟨⬛️🟨⬛️🟨⬛️🟨⬛️🟨⬛️🟨⬛️🟨⬛️🟨⬛️🟨⬛️🟨⬛️🟨⬛️🟨",0,2026-08-13
Ugxtk6773sA0CllInnB4AaABAg,FfJMuX-VYZA,Renan Santos,@laurosantana1418,2026-08-12T16:48:38Z,Bizarro o óbvio soar tão absurdo,0,2026-08-13
Ugy7U_T7ScpAb-7s4xt4AaABAg,FfJMuX-VYZA,Renan Santos,@mariojunior1305,2026-08-12T16:48:24Z,"Renan, faça um vídeo questionando se uma decisão do STF determinando que um jornalista quebre o sigilo da fonte deve ser cumprida.",0,2026-08-13
UgyEiM2hSNgHp8PHCXl4AaABAg,FfJMuX-VYZA,Renan Santos,@adrianorodrigues8593,2026-08-12T16:48:03Z,"Nao me dê falsas esperanças igual ao Bozo fez 😅
Vou tentar mais uma vez. Por hora, tem meu voto!",0,2026-08-13
UgxKO3CjhPD6xqhuYC94AaABAg,FfJMuX-VYZA,Renan Santos,@mariojunior1305,2026-08-12T16:44:51Z,Dá-lhe Renan! Dá-lhe Missão!,0,2026-08-13
Ugxb6W1g4s3TMI7PStV4AaABAg,FfJMuX-VYZA,Renan Santos,@bkliterff4023,2026-08-12T16:06:14Z,"Dito isso, avante MISSÃO avante RENAN",0,2026-08-13
UgzFScDXKk6ZwFGreZJ4AaABAg,FfJMuX-VYZA,Renan Santos,@felippeal4389,2026-08-12T16:04:45Z,"Mas e aí, um juiz que se acha um deus e vai contra a constituição quebrando o sigilo do jornalista pode fazer o que bem entender, certo?",0,2026-08-13
Ugwp6AWLqGun2558PTZ4AaABAg,FfJMuX-VYZA,Renan Santos,@tiol4u,2026-08-12T15:17:36Z,"E tem a pegadinha. Ao criticarem a fala do Renan tratam como se ele, sozinho, decidisse descumprir a ordem do STF, porém ele já tinha explicado que o faria após o Poder Legislativo aprovar a GLO, ou seja, dois poderes cujo os representantes foram eleitos (um dos quais representa a vontade do povo - o legislativo) devem se curvar a interpretação de um terceiro não eleito.",0,2026-08-13
Ugz08XRNBsTWsSGRmqN4AaABAg,FfJMuX-VYZA,Renan Santos,@TiagoDias-f7l,2026-08-12T15:12:46Z,Cara vc até agora e o único que tem minha aprovação entres esses candidatos  que Deus esteja contigo até o fim e vc vença,0,2026-08-13
Ugyp6_T4CJUX9HmAHEV4AaABAg,FfJMuX-VYZA,Renan Santos,@robsonsantos8892,2026-08-12T14:49:04Z,Esses jornalistas são os piores vagabundo dessa ditadura do Brasil tudo por dinheiro,0,2026-08-13
UgwTh6ZzrwQEsYACqEJ4AaABAg,FfJMuX-VYZA,Renan Santos,@TwiistzHP2,2026-08-12T14:35:45Z,A Globo tem um monte de petista por isso acharam ruim,0,2026-08-13
UgxPLM3qCGcO6w9ZY5p4AaABAg,FfJMuX-VYZA,Renan Santos,@patriciaricoy3041,2026-08-12T14:20:05Z,Corretíssimo Renan,0,2026-08-13
UgwrS9gYBexZtOAOKIV4AaABAg,FfJMuX-VYZA,Renan Santos,@lindinhodealmeida5537,2026-08-12T13:18:39Z,"De boa Renan se vc conseguir entrar , e não fazer uma revolução para acabar com esses desmandos do STF e centrão , não adianta vc será engolido . A única esperança e vc conseguir apoio das forças de segurança, exército ,PM , federal ,civil que tbm estão cheia de corrupção, pra conseguir mudar esse Brasil mesmo eu acho que só com força bruta . E outra coisa olha como o Brasil se encontra um país dominado por facçãoes, um país com níveis educacionais riciculos , um povo cada dia que passa mais pobre , com denuncias robustas de corrupção em todas esferas de poder inclusive sobre membros do STF , mas na cabeça desses jornalistas o STF e sacro santo.",0,2026-08-13
UgyPlEbEXRJZg99d7Lh4AaABAg,FfJMuX-VYZA,Renan Santos,@RodrigoMattos8712,2026-08-12T13:00:24Z,14 neles,0,2026-08-13
UgxMFECtq8o24YivATZ4AaABAg,FfJMuX-VYZA,Renan Santos,@josneidrosdek7117,2026-08-12T12:38:57Z,Entreviste o proprio stf e faça essa pergunta eles com notavel saber jurídico tera de responder exatamente isso e isso vindo deles derruba as narrativas esquerda,0,2026-08-13
UgxOq_aCXWHTi1RXImZ4AaABAg,FfJMuX-VYZA,Renan Santos,@dbores2007,2026-08-12T12:29:53Z,Falta coragem aos demais candidatos!,0,2026-08-13
UgyXUy8KxJYc955Xqwt4AaABAg,FfJMuX-VYZA,Renan Santos,@andreandre2723,2026-08-12T12:14:19Z,Thomas Traumann não sabe fazer análise nem de jogo de várzea. “Todo enviezado desse jeito!!!”,0,2026-08-13
UgwozRTkyKpbMD7o4JR4AaABAg,FfJMuX-VYZA,Renan Santos,@J.Vignochi,2026-08-12T12:08:18Z,"Meu voto e o da minha família são seus.

O que está em cima é como o que está em baixo.",0,2026-08-13
Ugw2AItt7ETGPqx38gl4AaABAg,FfJMuX-VYZA,Renan Santos,@SaulloCruz,2026-08-12T11:41:27Z,O bom das sabatinas e entrevistas é que o Renan já está treinando para os debates. Está sendo minimamente confrontado nos pontos mais melindorosos do seu projeto. Nos debates vai estar um veneno!,0,2026-08-13
Ugyh6OiNrjHjc7P7L-N4AaABAg,FfJMuX-VYZA,Renan Santos,@sabonetebom1237,2026-08-12T11:09:17Z,Globo manipulando sempre,0,2026-08-13
UgxKvdEElaTzsyqU5sR4AaABAg,FfJMuX-VYZA,Renan Santos,@leandrorosaa,2026-08-12T10:43:19Z,Vamooooooool,1,2026-08-13
UgwFfCFhDPgGSrgtOs14AaABAg,FfJMuX-VYZA,Renan Santos,@effel9772,2026-08-12T07:36:29Z,"Ou os caras da globonews ou são burros ou de mau caráter, o Renan já fala que decisões ilegais não se cumprem, líder fraco não serve de nada, avante missão",0,2026-08-13
UgxKyVQ3Lx710yvQXl54AaABAg,FfJMuX-VYZA,Renan Santos,@GustavoAugusto-d5r,2026-08-12T03:46:39Z,Niiiisss,0,2026-08-13
UgziJ0JNcZM56t9ozjt4AaABAg,33o1pmD-KZQ,Renan Santos,@jeffersonfilisbino5576,2026-08-12T10:18:31Z,Jornalista capitalista e dando uma de comunista mas está na Grécia e povo brasileiro tem que ser escravo meu voto e 14 Renan Santos chega de hipocrisia,0,2026-08-13
Ugx7wNzvkf5z7bLD1cN4AaABAg,33o1pmD-KZQ,Renan Santos,@opiniãodecentavos,2026-08-10T12:49:34Z,"Imagina que sonho seria os manifestantes indo na faculdade errada pra """"""""impedir"""""""" o evento 😂😂😂😂😂😂",1,2026-08-13
Ugzzz7wNg-qMig6Ns8F4AaABAg,33o1pmD-KZQ,Renan Santos,@emanuelgoulartalves279,2026-08-10T11:42:52Z,14 🐆,0,2026-08-13
Ugw4CH0SbERdp4C9tbN4AaABAg,33o1pmD-KZQ,Renan Santos,@geovannifontes14,2026-08-10T10:44:13Z,É uma mini Ana Hering/Amanda Vetorazo? ❤,0,2026-08-13
Ugx84C_h1_Mcc9O5Dq94AaABAg,33o1pmD-KZQ,Renan Santos,@Xnamed2411,2026-08-09T23:41:44Z,"Alguma alma caridosa poderia me informar, em qual plataforma ou lugar eu consigo encontrar o deputado estadual e prefeito que são filiados ao partido missão? Desculpa a ignorância!",0,2026-08-13
UgxyLadt657JEs3Dgyt4AaABAg,33o1pmD-KZQ,Renan Santos,@Niurose,2026-08-09T15:37:38Z,#Renan14,1,2026-08-13
Ugx-zw1AjgAxdrJrr1Z4AaABAg,33o1pmD-KZQ,Renan Santos,@williamdsmontanha309,2026-08-09T14:53:39Z,"Angelina """"""""lendo teleprompter"""""""" disfarça mais que o Flávio kkkkkkkkkkkkkkkkk",1,2026-08-13
UgwE2Ec7cDb3RvzQr5J4AaABAg,33o1pmD-KZQ,Renan Santos,@mbldadepressão,2026-08-09T14:45:12Z,Eu aposto minha casa nessa guria em um debate contra o Flávio,1,2026-08-13
UgwLTCnBYbf5d_yPMJB4AaABAg,33o1pmD-KZQ,Renan Santos,@Afonso1995,2026-08-09T12:40:31Z,"Torcendo tanto pra esse cara ganhar essa eleição, não dá pra aguentar mais 4 anos de desgoverno Lula, antes eu estava inclinado a votar no Flávio, quando conheci o Renan mudei de ideia sem pensar, é o candidato com mais potencial de mudar as coisas nesse país.",1,2026-08-13
UgzleRWmoYxKe7D6QYV4AaABAg,33o1pmD-KZQ,Renan Santos,@AndréRamos-f2h,2026-08-09T12:10:02Z,Só teremos a agradecer ao Wagner Moura por ajudar a eleger Renan!!!,0,2026-08-13
Ugyx-2FZAzIGZa1XWgx4AaABAg,33o1pmD-KZQ,Renan Santos,@AndréRamos-f2h,2026-08-09T12:02:57Z,"Gravar esse vídeo no ‘morro’ Grécia é demais! Ele gosta de morro, só tem que ser na Grécia!",0,2026-08-13
UgwFPLyfeXeimlGebkt4AaABAg,33o1pmD-KZQ,Renan Santos,@AndréRamos-f2h,2026-08-09T11:58:18Z,Vão sair em 3 anos para matar outra pessoa?,0,2026-08-13
UgzGylmeo7b-q2mUZl54AaABAg,33o1pmD-KZQ,Renan Santos,@fabiozimmerman7598,2026-08-09T09:41:50Z,Diminuir imposto de importação 🙏🏻,0,2026-08-13
UgzDir_hLY5l2AcLUKZ4AaABAg,33o1pmD-KZQ,Renan Santos,@vilcefernandobalsini4713,2026-08-09T03:26:37Z,14_MISSÃO,1,2026-08-13
Ugx1PYmR6ahcUqT8OU94AaABAg,33o1pmD-KZQ,Renan Santos,@TiagoMafraPIRULITO,2026-08-09T00:35:15Z,Pra cima...Missão Brasil gigante 14...única via,1,2026-08-13
UgwQvPqGUD0xjjKPkAp4AaABAg,33o1pmD-KZQ,Renan Santos,@HarpyEagleeee,2026-08-08T23:51:16Z,Renan quero me filiar,1,2026-08-13
UgxrNJo-I-t-zcWjDK14AaABAg,33o1pmD-KZQ,Renan Santos,@victorsouza4819,2026-08-08T22:05:59Z,Live da fofura,1,2026-08-13
UgybQCggaaWf2kCUlft4AaABAg,33o1pmD-KZQ,Renan Santos,@hbltcpmjm-científico,2026-08-08T20:49:35Z,Vai pra cima,2,2026-08-13
Ugz2PIOm_ign7psNCNd4AaABAg,33o1pmD-KZQ,Renan Santos,@douglasbueno411,2026-08-08T20:43:53Z,Wagner Moura é só a representação da esquerda. Hipocrisia pura.,2,2026-08-13
Ugy6kNHuWTJV-9-hd2J4AaABAg,33o1pmD-KZQ,Renan Santos,@Manow26AkiTM,2026-08-08T20:26:29Z,Meu pré-candidato é RENAN SANTOS do partido Missão,2,2026-08-13
UgyETnPcTs2NZbs091J4AaABAg,33o1pmD-KZQ,Renan Santos,@JoselindoDepaula,2026-08-08T19:52:42Z,"Renan Santos não te conhecia , tô gostando do seu projetos e os planos de governo para o Brasil.   Eu queria que fosse Vc que tivesse no Lugar do Flávio Bolsonaro.   Muito sorte nessa sua Trajetória da campanha Eleitoral.",3,2026-08-13
UgxU-Esh-H_H9OioRuF4AaABAg,33o1pmD-KZQ,Renan Santos,@LuizMelo-o5v,2026-08-08T19:25:36Z,NÃO SE ENGANEM.A DIFERENÇA DO RENAN PRO LULA É QUE ELE TEM 10 DEDOS.,0,2026-08-13
UgxU-Esh-H_H9OioRuF4AaABAg.A_G6vFrbv64A_GK37hvvpT,33o1pmD-KZQ,Renan Santos,@Edu-l6x,2026-08-08T21:20:24Z,"Isso faz o que sempre fazem só sabem xingar e ser uns animais, mas lembre que sem nosso apoio não ganham do lula no segundo turno e o que vcs fazem ficam criticando e atacando o pior com argumentos ridículos, Sim gente cobra mesmo da direita quando faz merda aí vem vcs tratando eles iguais a deuses e seu senhor Flávio não é o Jair é um fantoche. Com altos indícios de corrupção hipócritas, faz o que sabem xinguem mas sem a gente não ganham",3,2026-08-13
UgyOtmmBL8ghU6w8hER4AaABAg,33o1pmD-KZQ,Renan Santos,@victoriafernanda6121,2026-08-08T19:17:47Z,"XS6GG6
LFH3DF
T4FQV4
429H3J
E3XXAZ
LBY5KP
QSCJUF
YVS9S6",1,2026-08-13
UgzfsMKLtnV__bxgBvZ4AaABAg,33o1pmD-KZQ,Renan Santos,@krebaum_veneno,2026-08-08T18:07:46Z,"Códigos para criar conta no app MISSÃO 

AT5XJN
T8224H
BUKYLL
ES9LNM
LMXP2V
7XM2AL
HU8KXC
SRSWNY
44SFDC
45937U
49SHU7
A3MQBN
BFP56T

N8N8MD · Esse pode ser usado 10x",1,2026-08-13
UgykEZrM_mUhO--KKfd4AaABAg,33o1pmD-KZQ,Renan Santos,@PauloRicardo-xh5rn,2026-08-08T18:06:55Z,Código pra ativar o app Missão,0,2026-08-13
UgzI5Ph_eezkMVk6L8Z4AaABAg,33o1pmD-KZQ,Renan Santos,@leandro-raposo,2026-08-08T17:12:20Z,KYVNHD pra entrar no APP!,0,2026-08-13
UgyZCuUJ0VsvthUrVdp4AaABAg,33o1pmD-KZQ,Renan Santos,@viniciussilva4956,2026-08-08T16:39:09Z,Comentário para engajar 🐆1️⃣4️⃣,0,2026-08-13
Ugw1DSmGYiAYtcZfwiB4AaABAg,33o1pmD-KZQ,Renan Santos,@prof.cipolla7039,2026-08-08T16:36:05Z,"Apoiar criminosos NOTÓRIOS como Lula e Bolsonaro deveria dar vergonha na cara, mas no brasil é torcida... O brasileiro fracassa por vocação.",2,2026-08-13
UgyOoi4pCCLKvQNOBEF4AaABAg,33o1pmD-KZQ,Renan Santos,@prof.cipolla7039,2026-08-08T16:35:58Z,@renansantosmbl é necessário e urgente para a presidência do Brasil. Siga o @partidomissao.,3,2026-08-13
Ugys38q7nYyGbawNE0t4AaABAg,33o1pmD-KZQ,Renan Santos,@prof.cipolla7039,2026-08-08T16:35:47Z,@renansantosmbl se destaca no diagnóstico e proposições assertivas para um Brasil GLORIOSO! Apoie os candidatos do @partidomissao.,0,2026-08-13
UgynJwfFPXaTb-8H_SR4AaABAg,33o1pmD-KZQ,Renan Santos,@prof.cipolla7039,2026-08-08T16:35:40Z,Apoie os candidatos do @partidomissao e ajude a construir um Brasil soberano e glorioso,0,2026-08-13
Ugw6TGVsRL4ynOMDS7R4AaABAg,33o1pmD-KZQ,Renan Santos,@prof.cipolla7039,2026-08-08T16:35:35Z,"Esse cara, @renansantosmbl, é um GIGANTE. O brasileiro não pode perder essa oportunidade.",0,2026-08-13
UgyOHS-9Kd6L50J3BUF4AaABAg,33o1pmD-KZQ,Renan Santos,@rafaelsl543,2026-08-08T16:28:31Z,A missão é inevitável! É Renan Santos 14!,1,2026-08-13
UgwCQYloVXC41QwDpl14AaABAg,33o1pmD-KZQ,Renan Santos,@andreafloresbh,2026-08-08T16:27:54Z,"Não gostei.  o tempo todo malhando os caras que nem são candidatos e não tirei nenhuma  insiste pra eleição .preferia que  aproveitasse as suas poucas aparições pra tentar defender a campanha . Falar de estrelas ou artistas não vai ajudar ao Renan e pode até atrapalhar . 
Enfim eu voto em vc mas se não tentar ser mais incisivo na campanha e nas propostas não vai seguir bem  .",0,2026-08-13
UgzxtYZMf7asIHxAjF54AaABAg,33o1pmD-KZQ,Renan Santos,@redbullteste,2026-08-08T16:15:47Z,QUE FOFINHAAA! 🥰,0,2026-08-13
Ugy4S4FAJo5s5T53t4R4AaABAg,33o1pmD-KZQ,Renan Santos,@fernandovalle2152,2026-08-08T16:02:36Z,2026 é 14 e bora evoluir!,0,2026-08-13
Ugz4LvXBbdK7zBIfAFV4AaABAg,33o1pmD-KZQ,Renan Santos,@williansouza9441,2026-08-08T15:55:51Z,"Sim amigo, eu vou votar kasino 14",0,2026-08-13
UgxyS-Hw4OAwe8bM-o54AaABAg,33o1pmD-KZQ,Renan Santos,@mizzogames,2026-08-08T15:40:49Z,Rei dos Piratas? Não! Rei dos Trabalhos!,0,2026-08-13
Ugy9SBtYa803Pp5r9l14AaABAg,33o1pmD-KZQ,Renan Santos,@bolsopetista1,2026-08-08T15:40:44Z,Realmente não seria uma boa ideia usar a cabeça do Tio Alê pra vestir kkkkkkkkk Mto bom,0,2026-08-13
Ugw22OMCj5Nl7dF43ix4AaABAg,33o1pmD-KZQ,Renan Santos,@mizzogames,2026-08-08T15:40:24Z,"14 nas urnas, dito isso Bluey é o melhor desenho da geração dela!",0,2026-08-13
UgxcpEMaU4bq9M5NUN94AaABAg,33o1pmD-KZQ,Renan Santos,@bolsopetista1,2026-08-08T15:38:49Z,Renan Rei dos Trabalhos 2026,0,2026-08-13
UgzYdhbGty6s9YBRVBp4AaABAg,33o1pmD-KZQ,Renan Santos,@lcrcar,2026-08-08T15:36:39Z,Grande Rei dos Trabalhos.,2,2026-08-13
Ugy7e14qPpd1nMgVHF54AaABAg,33o1pmD-KZQ,Renan Santos,@RGama04,2026-08-08T15:24:50Z,A menininha transformou o renan no tobey maguire KKKKKK,0,2026-08-13
Ugy4ps36nXvbulw_H1l4AaABAg,33o1pmD-KZQ,Renan Santos,@Miguel_TFF,2026-08-08T15:23:13Z,VAMOS REI DOS TRABALHOS!,0,2026-08-13
Ugz-LR6RQq5Qzvf2dit4AaABAg,33o1pmD-KZQ,Renan Santos,@univer188,2026-08-08T14:52:35Z,"31:37_____na minha opinião,tinha q ser dente por dentes e ponto......",0,2026-08-13
UgwnCPf_Ds5VVnh-IYt4AaABAg,33o1pmD-KZQ,Renan Santos,@andressaericardo55,2026-08-08T14:40:40Z,🇧🇷🐆⬛️🟨⬜️,0,2026-08-13
UgzutHea--Sqzk3BfVl4AaABAg,33o1pmD-KZQ,Renan Santos,@luffydobrasil1758,2026-08-08T14:38:23Z,Lula pode ser líder do partido dos trabalhadores mas nunca será Rei dos Trabalhos,1,2026-08-13
Ugy1Cn-nnLKcb0LsAEd4AaABAg,33o1pmD-KZQ,Renan Santos,@luffydobrasil1758,2026-08-08T14:37:16Z,Futuro Rei dos Piratas? Não! Rei dos Trabalhos 😂,0,2026-08-13
UgyFLdZ_pSTruH3ZGM94AaABAg,33o1pmD-KZQ,Renan Santos,@Deusnaoexiste1,2026-08-08T14:34:43Z,Ela entende kkk cabelin de boy band,0,2026-08-13
UgyrROyYXOyz1AMF5V54AaABAg,WL5NKWP3FYc,Renan Santos,@rick-f7vz,2026-08-12T16:09:49Z,Renan 14,1,2026-08-13
Ugy295ZDDZUy9TbgaXN4AaABAg,WL5NKWP3FYc,Renan Santos,@diogenespedrosa,2026-08-12T08:51:03Z,Tão perigoso e hipócrita quanto o Lula. Renan Santos é literalmente um verme.,0,2026-08-13
UgwfXkQLrQ7p8yS6Zrl4AaABAg,WL5NKWP3FYc,Renan Santos,@cleomarqueirozsaraiva8358,2026-08-11T14:20:51Z,😅mentiroso não dá nada o que ele dá é financiamento para carro pro povo se ralar isto sim 😅,0,2026-08-13
Ugw4MQ3vU34L1KTqCAl4AaABAg,WL5NKWP3FYc,Renan Santos,@Rodrigooooo10,2026-08-11T11:35:57Z,"Cumpra as promessas que foram feitas ao nosso Rio Grande do Sul por favor, cada chuva que dá nós ficamos preocupados, e cada ano vai piorar",1,2026-08-13
Ugw8ge81c9imXubXKm54AaABAg,WL5NKWP3FYc,Renan Santos,@angelicabraga8005,2026-08-11T00:10:32Z,Vale a pena compartilhar pois a grande mídia não mostra a situação deplorável e desumano que essas pessoas vivem. Mais uma artimanha desse desgoverno que só sabem fazer promessas e por trás das câmeras fazem a festa com o dinheiro do povo.,0,2026-08-13
UgxCrGyOJVwOo3Quu8V4AaABAg,WL5NKWP3FYc,Renan Santos,@adrianap.araujo,2026-08-10T21:46:49Z,"O pior ainda, foi o aumento na quantidade de moradores de rua em Porto Alegre, por conta da enchente.",2,2026-08-13
UgyPQ0Pp9rnUFl3kF9F4AaABAg,WL5NKWP3FYc,Renan Santos,@luanalazaro3118,2026-08-10T20:30:05Z,"Deveria aparecer em rede nacional, compartilhem esse vídeo pra aquela pessoa que defende o PT.",0,2026-08-13
Ugycp_jrwE07fnoh0CN4AaABAg,WL5NKWP3FYc,Renan Santos,@DesafiodaPeppa,2026-08-10T20:23:48Z,Missão 14,1,2026-08-13
UgzjqbznNDXJYvgdx6p4AaABAg,WL5NKWP3FYc,Renan Santos,@DesafiodaPeppa,2026-08-10T20:23:42Z,Missão 14,1,2026-08-13
UgwfEzrVkteWjouVO0V4AaABAg,WL5NKWP3FYc,Renan Santos,@DesafiodaPeppa,2026-08-10T20:23:37Z,Missão 14,1,2026-08-13
Ugwcpck1a1mZokTmPHh4AaABAg,WL5NKWP3FYc,Renan Santos,@vidaboamotivações,2026-08-10T20:21:07Z,Missão 14,0,2026-08-13
Ugyzh7k2x3E4XzZIy8x4AaABAg,WL5NKWP3FYc,Renan Santos,@vidaboamotivações,2026-08-10T20:21:03Z,Missão 14,0,2026-08-13
UgwFw5KJrrD8A6jpEjZ4AaABAg,WL5NKWP3FYc,Renan Santos,@vidaboamotivações,2026-08-10T20:20:58Z,Missão 14,0,2026-08-13
UgxTo8GVmQUqz-m0sS54AaABAg,WL5NKWP3FYc,Renan Santos,@LOPEZFC-k3f,2026-08-10T20:15:41Z,Missão,0,2026-08-13
UgzSU_lBnVYLpRb6p7p4AaABAg,WL5NKWP3FYc,Renan Santos,@PKGamer2006,2026-08-10T20:03:54Z,é só comigo que o áudio fica contando?,0,2026-08-13
UgyDhjMR5FVuhC2QPLx4AaABAg,WL5NKWP3FYc,Renan Santos,@felipe.lima.08,2026-08-10T18:07:46Z,Código App Missão • 64KYFC,0,2026-08-13
UgxBui2dEHI2C6p7sZR4AaABAg,WL5NKWP3FYc,Renan Santos,@rafawalendorff3038,2026-08-10T17:22:59Z,Cadê a mídia pra dar voz ao pessoal??,0,2026-08-13
UgxV7kQ7C9R3Bx-z6tl4AaABAg,WL5NKWP3FYc,Renan Santos,@Edivancolombo,2026-08-10T16:20:48Z,Meee que isso.,0,2026-08-13
Ugz0HCNgsJY4ZbRbMlh4AaABAg,WL5NKWP3FYc,Renan Santos,@7-Teodoro,2026-08-10T16:05:21Z,nao ganha nem pra sindico,0,2026-08-13
Ugz0HCNgsJY4ZbRbMlh4AaABAg.A_KuaNyJ2-MA_LgVF1Qnvj,WL5NKWP3FYc,Renan Santos,@Flamengorj-d3d,2026-08-10T23:21:25Z,Quem é você pra falar isso 😂 um demônio,1,2026-08-13
Ugw28nrhhOqX58tM7-d4AaABAg,WL5NKWP3FYc,Renan Santos,@Kalemeireles,2026-08-10T15:50:23Z,Esse vídeo precisa ser compartilhado o máximo possível !!!,0,2026-08-13
Ugx3OO4_knzVGPs7TVR4AaABAg,WL5NKWP3FYc,Renan Santos,@felipevieira5908,2026-08-10T15:36:04Z,Perto da eleição viram santos né amam o povão vale até tomar chimarrão frio...depois se ganhar mandam o acessor ou passam de helicóptero.,0,2026-08-13
Ugy-gjRiEG-c4_LD39Z4AaABAg,WL5NKWP3FYc,Renan Santos,@DaviRenania,2026-08-10T15:00:02Z,Não sei quem da direita está falando que não tem crise climática. O que falam que é que não há aquecimento global antropogênico.,0,2026-08-13
Ugxv5Rc1Y6hd-6JzfV54AaABAg,WL5NKWP3FYc,Renan Santos,@IgorGoulding,2026-08-10T14:55:24Z,Caralho mn vc ver que o Brasil tá fudido de norte a sul,1,2026-08-13
Ugw27S5W2sOhhIXr10N4AaABAg,WL5NKWP3FYc,Renan Santos,@cadeaseta,2026-08-10T14:14:26Z,"Caramba cara, que humilhação estão fazendo com essas pessoas",0,2026-08-13
UgxKvM6lzVKP55c0nYR4AaABAg,WL5NKWP3FYc,Renan Santos,@ThiagoFerreira509,2026-08-10T13:57:13Z,"A mulher pagava aluguel, e agora quer ganhar uma casa kkkkkk, não é possível que 100% do rio grande do sul está assim, se pagava aluguel em algum lugar, paga em outro bairro, mais fácil ficar aí para ganhar algo do governo kkkk",0,2026-08-13
UgxKvM6lzVKP55c0nYR4AaABAg.A_Kfvt5yVfIA_Kk3mIgIG9,WL5NKWP3FYc,Renan Santos,@Tmberco,2026-08-10T14:33:23Z,"Qual parte você não entendeu que eles perderam os empregos? É um bairro distante, pouco povoado, a disponibilidade de empresas para trabalhar é muito baixa, ficou quase impossível para ela retomar o próprio emprego, TODOS do vídeo falaram que não conseguiram retomar a vida profissional como antes.

Além disso, você não entendeu que a doença dela se agravou? O sus não cobre o tratamento da doença dela",0,2026-08-13
UgyYZHKhiBRP-fokKvp4AaABAg,WL5NKWP3FYc,Renan Santos,@MANIACUPOM,2026-08-10T12:49:35Z,14,0,2026-08-13
Ugxe2crSUBBBkrJONE94AaABAg,WL5NKWP3FYc,Renan Santos,@R3N4T0323,2026-08-10T12:30:54Z,"Sabe o que é pior ter que ouvir que esse é o cara responsável por dividir a direita! As pessoas que falam que vão votar no bolsonaro tinham que ter vergonha de se considerar direita, Votar em um cara que tem escandalo de Rachadinham, banco master e a proposta dele e telefone para mulheres e tirar o pai da prisão. Mas culpado e o Renan kkkkk. O futuro será glorioso 14 <3",1,2026-08-13
UgwTN9gJQ3g_lJSa6i94AaABAg,WL5NKWP3FYc,Renan Santos,@PITOMBA..,2026-08-10T12:04:24Z,Será que uma macha pelo rio grande do sul ajudaria?,0,2026-08-13
UgwVpoJ-CUCKfXNM9sF4AaABAg,WL5NKWP3FYc,Renan Santos,@flipy.2142,2026-08-10T04:37:12Z,"Caraca, que triste isso. Parabéns pelo seu posicionamento Renan de mostrar isso pra gente",1,2026-08-13
Ugxeuml14wx9p56Tq_R4AaABAg,WL5NKWP3FYc,Renan Santos,@juansylvestre2078,2026-08-10T04:00:00Z,"Era bem simples de resolver, talvez um pl no sentindo de: empresas que ajudassem locais onde houve calamidade publica teria abatimento do imposto de renda baseado no valor da ajuda. isso já teria resolvido facilmente e o governo nem ia precisar de fato dar o dinheiro. rpz da um like pra ver se chega em algum deputado federal a ideia",4,2026-08-13
UgwAM6ujkj7WSVhR3pR4AaABAg,WL5NKWP3FYc,Renan Santos,@lucasjose7266,2026-08-10T00:40:31Z,Cadê os jornais mostrando isso? a mídia como sempre escondendo a verdade da população!!,0,2026-08-13
UgztZI8s2uc8jq5VbzF4AaABAg,WL5NKWP3FYc,Renan Santos,@TiagoMafraPIRULITO,2026-08-10T00:30:09Z,Missão Brasil agora 14,0,2026-08-13
UgzNd5eE7FAO5Jwo5ux4AaABAg,WL5NKWP3FYc,Renan Santos,@paulorobertodosreis,2026-08-10T00:29:44Z,Tô com o Renan Santos,0,2026-08-13
UgwtpYHUNOs0dle0frl4AaABAg,WL5NKWP3FYc,Renan Santos,@10FLX,2026-08-10T00:02:29Z,"Força ai pro Rio Grande do Sul, cada estado do Brasil infelizmente em seus desafios mais todos temos os mesmo bandidos que estão contra todos nos Brasileiros",0,2026-08-13
UgyvcKlMOdfPBCu9nFh4AaABAg,WL5NKWP3FYc,Renan Santos,@kevinkir_win5404,2026-08-09T23:09:20Z,"Trabalhador brasileiro não merece passar por isso, nem os gachos, nem os catarina, nem os bahia, nem os manauaras. Quem trabalha merece pelo menos uma casa própria digna",0,2026-08-13
UgzLvcXEiLXeB3Tkidl4AaABAg,WL5NKWP3FYc,Renan Santos,@MrALEXLEOCADIO,2026-08-09T22:43:34Z,"Se investigar direitinho, o custos desses containers já deve estar sendo mais alto do que o de fazer uma casa. Garanto q alguem tá ganhando muito com isso.",0,2026-08-13
UgynGpj6C1ZzpEnPg2l4AaABAg,WL5NKWP3FYc,Renan Santos,@RodrigoSoneca,2026-08-09T22:26:56Z,"QUE triste, moro bem perto da divisa de RS, fico triste com esse povo sofrendo.",0,2026-08-13
UgwN_FodQ0mZsVwsJUh4AaABAg,WL5NKWP3FYc,Renan Santos,@etienesilva5945,2026-08-09T19:23:22Z,"Escavar mas a Rios, fazer canaleta mas fundas. No joga lixos no Rio. Muralha nas beirada do Rio",0,2026-08-13
UgwjCXa-cBwZ2Y2r-xd4AaABAg,WL5NKWP3FYc,Renan Santos,@etienesilva5945,2026-08-09T19:21:49Z,"Acho que isto tem jeito,  aqui em Recife alagava,  e ter jeito.",0,2026-08-13
UgyPDB0bd91Pss22X_p4AaABAg,WL5NKWP3FYc,Renan Santos,@yanesrosenskrabe1724,2026-08-09T19:10:01Z,1️⃣4️⃣🇧🇷🐆⬛️⬜️🟨,1,2026-08-13
UgzU-FxGsSZW70yoGe54AaABAg,WL5NKWP3FYc,Renan Santos,@Luso-paraense,2026-08-09T19:02:32Z,Macapá tem um lugar chamado norte sul onde tem muito criminoso.😭,5,2026-08-13
UgzU-FxGsSZW70yoGe54AaABAg.A_Ie4E8HAS2A_IeEsXmsvH,WL5NKWP3FYc,Renan Santos,@CROSS-VANGUARDA,2026-08-09T19:04:00Z,❤,0,2026-08-13
UgycSAjeUBZ89VuxiaZ4AaABAg,WL5NKWP3FYc,Renan Santos,@BrazilCraft-Oficial,2026-08-09T18:31:07Z,"visto isso vou votar no flavio, não tenho problema com o renan mais sim com o lula.",0,2026-08-13
UgycSAjeUBZ89VuxiaZ4AaABAg.A_IaU45L06XA_JfGvG5JcP,WL5NKWP3FYc,Renan Santos,@RegenteNolan,2026-08-10T04:32:15Z,Vai lamber as 👢👢 do rachadinha,0,2026-08-13
UgycSAjeUBZ89VuxiaZ4AaABAg.A_IaU45L06XA_Lgt1fa_QM,WL5NKWP3FYc,Renan Santos,@Flamengorj-d3d,2026-08-10T23:24:49Z,"O Negócio é que Flávio não vence o lula no 2° turno! Mas nem fudendo ele vence! Se for qualquer outro, até o cabo daciolo no 2° turno vence! Mas Flávio aposto com você o que for que ele não ganha...",0,2026-08-13
UgzZ2YaYMwiyHfgZOmR4AaABAg,WL5NKWP3FYc,Renan Santos,@leonardocavalcanti4688,2026-08-09T18:08:19Z,Isso,0,2026-08-13
UgxDkKDs5RPwSQnByc14AaABAg,WL5NKWP3FYc,Renan Santos,@josevfn,2026-08-09T16:44:08Z,"esse cara é um mau caráter, nunca será presidente do Brasil",0,2026-08-13
UgxDkKDs5RPwSQnByc14AaABAg.A_IPE_TLLd5A_JfIqTQJWT,WL5NKWP3FYc,Renan Santos,@RegenteNolan,2026-08-10T04:32:31Z,😂,0,2026-08-13
Ugyi92PW8nfhN7Rtz9h4AaABAg,Skru1hCcIkI,Renan Santos,@bal-x1m,2026-08-13T16:59:01Z,"Eu tbm vou votar 
Farei mais uma tentativa 
Com Renan de Santos",0,2026-08-13
UgyKMKQBcQELF-8H-jJ4AaABAg,Skru1hCcIkI,Renan Santos,@kildarelion4675,2026-08-13T16:17:35Z,Certo o maior problema a polícia prende o judiciário solta como vai resolver ? Renan vamos ser 14,0,2026-08-13
Ugz8E6y0uwcuWa_fvvt4AaABAg,Skru1hCcIkI,Renan Santos,@Sandro-j7y,2026-08-13T16:13:12Z,Eu quero é Renan Presidente!!!,0,2026-08-13
UgxF9VhEFOcEEice6Ih4AaABAg,Skru1hCcIkI,Renan Santos,@joaogabriel4387,2026-08-13T15:25:07Z,Me dê uma prova concreta q consegue fazer isso não queremos bandido vivo queremos sangue. Voto em vc,0,2026-08-13
Ugz72ilBtE6Dnq7XUxJ4AaABAg,Skru1hCcIkI,Renan Santos,@inaldoalves5730,2026-08-13T13:04:00Z,Vc fala demais,0,2026-08-13
UgxyberjnG7Rb4jlUsd4AaABAg,Skru1hCcIkI,Renan Santos,@Emanuelfontenelle,2026-08-13T13:00:12Z,MISSÃO para cima e Renan Santos 2026,0,2026-08-13
UgzYKY1wSQKLNlXA5dd4AaABAg,Skru1hCcIkI,Renan Santos,@SFGAMERBR,2026-08-13T12:42:36Z,Espero q seja luz no fim do túnel n um trem igual Bolsonaro,0,2026-08-13
UgwdAoKv9WkQ4O_k9yd4AaABAg,Skru1hCcIkI,Renan Santos,@jeanjhonnatan4487,2026-08-13T12:21:54Z,Nosso. PRESIDENTE 👏🏻👏🏻👏🏻👏🏻👏🏻👏🏻,0,2026-08-13
Ugyu1qlN8u_2TC7aHrB4AaABAg,Skru1hCcIkI,Renan Santos,@CassioDeleu,2026-08-13T11:00:52Z,"Como já diziam Titãs: """"""""Não é que vou fazer igual, eu vou fazer pior."""""""" Pra cima deles RENAN, não se esqueça dos corruptos que são piores!!!",0,2026-08-13
Ugwx2984fIpV_zB0ETV4AaABAg,Skru1hCcIkI,Renan Santos,@andreandre2723,2026-08-13T03:29:50Z,E se o Congresso rejeitar o Decreto de Estado de Defesa?,0,2026-08-13
UgwIhoaokULoP0rOYih4AaABAg,Skru1hCcIkI,Renan Santos,@tuelhudo,2026-08-13T01:12:15Z,"Pera. Então não posso criar um abate em Brasília, mas posso entrar numa guerra com os ratos da polícia?",0,2026-08-13
Ugw4jOt9X6s8zfYp1Yx4AaABAg,Skru1hCcIkI,Renan Santos,@guilhermeoliveira-6812,2026-08-12T22:25:57Z,"""""""""bem melhor""""""""",1,2026-08-13
UgwXI7-krqkPl-MC5nF4AaABAg,Skru1hCcIkI,Renan Santos,@pixysolowing3806,2026-08-12T20:17:17Z,Foda-se é 14 não tem jeito.,0,2026-08-13
UgyHpDfobn92Ovytw8t4AaABAg,Skru1hCcIkI,Renan Santos,@jessicavedety,2026-08-12T18:35:35Z,14,0,2026-08-13
Ugx5y98ivvUxd5BYl_V4AaABAg,Skru1hCcIkI,Renan Santos,@eduardomuller6727,2026-08-12T17:36:20Z,Interessante,0,2026-08-13
Ugwyz-TZtEjsuH1xk3d4AaABAg,Skru1hCcIkI,Renan Santos,@ClaudioSantos-vl7dp,2026-08-12T16:09:48Z,Parabéns,0,2026-08-13
UgzCGJ1KMITAJmvgL9p4AaABAg,Skru1hCcIkI,Renan Santos,@ClaudioSantos-vl7dp,2026-08-12T16:09:09Z,Quando for fazer isto precisa usar drones,0,2026-08-13
UgwxHpUqce213rs6eW94AaABAg,Skru1hCcIkI,Renan Santos,@ProCorts1,2026-08-12T15:26:12Z,"Cara, moro na região de Poços de Caldas, e por incrível que pareça, a polícia civil está todo dia prendendo membros ligados ao pcc aqui na região em específico em São João da Boa Vista e em aguai, são cidades que nem se houve falar no jornal, mas sempre tem membros envolvidos com crimes na cidade, precisamos disso para mudar o Brasil",0,2026-08-13
UgzMlhC-ceamPrgH4fp4AaABAg,Skru1hCcIkI,Renan Santos,@diogorafaeldossantos8676,2026-08-12T12:32:45Z,Tôp top top pra cima,0,2026-08-13
UgxqEOkK-0AYqM4e1Qx4AaABAg,Skru1hCcIkI,Renan Santos,@ObrasDasMolduras,2026-08-12T11:52:01Z,já garantiu meu voto,0,2026-08-13
Ugw935SfVYMyV9sVuIh4AaABAg,Skru1hCcIkI,Renan Santos,@trismeg,2026-08-12T11:23:12Z,Quero ver Canabrava fazer Estado de Defesa na Faria Lima,0,2026-08-13
UgyMBUAOxGkGTh0Ry_F4AaABAg,Skru1hCcIkI,Renan Santos,@edfarynha,2026-08-12T11:02:18Z,Parabéns presidente!!! É isso que nossa nação merece!!! Paz!!!,0,2026-08-13
Ugy8iIdifKpiRIl8L0B4AaABAg,Skru1hCcIkI,Renan Santos,@EduardoOliveira-wu8sc,2026-08-12T09:25:34Z,Muito bom dado isso se não ganhar como presidente pode muito bem ser ministro da justiça,0,2026-08-13
UgzXNSJQdZeB2DIQr9t4AaABAg,Skru1hCcIkI,Renan Santos,@adelsoncruz6365,2026-08-12T03:46:24Z,esse renan fala muito igual o ciro gomes😂😂,0,2026-08-13
UgxLZIo18YCApW43MQx4AaABAg,Skru1hCcIkI,Renan Santos,@josuesevahc,2026-08-12T03:41:13Z,❤❤❤,0,2026-08-13
UgxlMwHv6HVTP6B6RIx4AaABAg,Skru1hCcIkI,Renan Santos,@franklinquadros453,2026-08-12T03:17:28Z,Meu mentiroso favorito ❤,0,2026-08-13
UgwpkipiDWMfjmPtoix4AaABAg,Skru1hCcIkI,Renan Santos,@Vida-t5f,2026-08-12T03:02:36Z,"E dar , oportunidades aos jovens . Pessoas fazem provas para entrar em órgãos públicos. Os únicos que entram é os filhos de  coronéis, deputados etc... isso tem que acabar.cheio de pessoas com capacidade ! E nao dão oportunidades. Chega de costas largas .",0,2026-08-13
UgxQOcptmsYoP_1ajCN4AaABAg,Skru1hCcIkI,Renan Santos,@Vida-t5f,2026-08-12T03:00:04Z,Pena de morte! Matou morreu . Nada de criar cadeias . nao e hotel 🌟 tem que ser bem ruim e apertada .para nunca mais querer o crime.  Agua e pão como antigamente . Teto é para trabalhador. Pessoas que querem uma vida boa ser do bem .não fazer mal ao proximo . Ou é isso .ou não vai conseguir. Entrar nas casas dos milhonarios . Chefoes . Nao adianta pegar so os laranjas 🍊,0,2026-08-13
Ugy_aovU1SAjaD5Nu0x4AaABAg,Skru1hCcIkI,Renan Santos,@joseferrera5540,2026-08-12T02:13:05Z,"Infelizmente, INFELIZMENTE, esse cara não vai vencer! As urnas serão fraudadas, caso ele vença, e muitas pessoas de lugares dominados pelo crime serão coagidos a votar no candidato do PT ou no bolsonaro Jr., mas no Renam, não...",0,2026-08-13
Ugzo1AbClYRWjzfpA6p4AaABAg,Skru1hCcIkI,Renan Santos,@FacanhaRodrigo,2026-08-12T02:07:53Z,"Recuou? Se vc só tivesse recuado, seria bom rsrsrs",0,2026-08-13
Ugw1aI5U6hC35I6kv7l4AaABAg,Skru1hCcIkI,Renan Santos,@leilasouzadealencar3238,2026-08-12T01:16:27Z,"O cara é um ativista.
Promessas ATÉ O LULE FEZ,NA Realidade depois que assume,se torna um esquerdista.
Não acredito nele!",0,2026-08-13
UgzPsXvlBoHZdcAeb2J4AaABAg,Skru1hCcIkI,Renan Santos,@AndreDioli,2026-08-12T01:05:15Z,Isso vai dar uma merda....,0,2026-08-13
UgyxKDs9LN8xhlUXg2h4AaABAg,Skru1hCcIkI,Renan Santos,@AndreSilva-p3m5h,2026-08-12T00:52:53Z,Ah fala muito.,0,2026-08-13
Ugy8uynGsVOhQk66I6J4AaABAg,Skru1hCcIkI,Renan Santos,@sezimbras,2026-08-12T00:11:33Z,"qualquer brasileiro que vê esse vídeo, e não apoia o Renan imediatamente, é uma pessoa perversa e mau carater!!!",0,2026-08-13
Ugy4knuHhZoleYaV5994AaABAg,Skru1hCcIkI,Renan Santos,@evaldol.pereira9899,2026-08-11T22:50:59Z,Já tem o meu voto. E já virei cabo eleitoral..,0,2026-08-13
Ugy-u235gTzTkULmmvV4AaABAg,Skru1hCcIkI,Renan Santos,@joaozinho4530,2026-08-11T20:12:07Z,Só não vai entrar em quem tá morto foi foda kkk a eu votaaaa,0,2026-08-13
UgyJkB04ZoARqsUkOMV4AaABAg,Skru1hCcIkI,Renan Santos,@RenanHenriqueleadall,2026-08-11T19:52:58Z,"Dúvida sincera… Se a medida for pra uns estados enquanto que pra outros não for, não vai acabar espalhando os bandidos e expandindo pra outros estados? Sendo que com certeza tem gente ligada a bandido vivendo em todos os estados",0,2026-08-13
UgzjEHeAhb8PQxuK0S14AaABAg,Skru1hCcIkI,Renan Santos,@guilhermearaujo3550,2026-08-11T18:51:37Z,Delícia demais! Ansioso pelos próximos 4 anos com Renan Santos como presidente,0,2026-08-13
UgzI-0pKz7l37qNWTs14AaABAg,Skru1hCcIkI,Renan Santos,@gracianolisboa2561,2026-08-11T17:46:50Z,😢Qual o número do Renan pra min já fazer uma cola aqui na hora de votar,0,2026-08-13
UgwgKbBCCatVA425XFh4AaABAg,Skru1hCcIkI,Renan Santos,@gustavohenrique-cs8ib,2026-08-11T16:58:28Z,"Se você não vencer, desisto do Brasil",0,2026-08-13
UgzuT8YhVnnXheL44n54AaABAg,Skru1hCcIkI,Renan Santos,@wesdertrip2704,2026-08-11T16:52:03Z,"Piada os principais chefes estão nos condomínios , esse cara mora na onde a casa dele não vai poder invadir ? só na do pobre .",0,2026-08-13
UgzsvzeTs3vHLVyrkyV4AaABAg,Skru1hCcIkI,Renan Santos,@mf7_pro,2026-08-11T16:39:35Z,"EU to contigo, mas já sei oq vai rolar. Desde tiradentes nada muda, vc vai virar martir ainda. A corrupção ta enraizada num nivel tão alto que nada vai dar certo nesse país. É triste, mas é. Tem muito mais favelado que gnt de bem, muito mais eleitor daquele pilantra do Lula.",0,2026-08-13
Ugwu95BMRo_UYEDvKIB4AaABAg,Skru1hCcIkI,Renan Santos,@aero4787,2026-08-11T14:12:19Z,],0,2026-08-13
UgwB53nbt1ES2GIsVd94AaABAg,Skru1hCcIkI,Renan Santos,@edesvalrodrigues9975,2026-08-11T13:39:28Z,Que comece a caça aos ratos. Principalmente aos INTOCÁVEIS!,0,2026-08-13
UgyJS8JJEQbquhWlHV14AaABAg,Skru1hCcIkI,Renan Santos,@edldl1110,2026-08-11T11:19:54Z,"Temos um inimigo, esse inimigo está vencendo. Criminosos de facção e os políticos ladrões. As pessoas que acham que esse problema vai ser resolvido com essa democracia mentirosa que temos, são parte do problema.",0,2026-08-13
Ugzr9gg3_ppiV3qEFB54AaABAg,Skru1hCcIkI,Renan Santos,@CharlesHenrique-f5s,2026-08-11T10:26:01Z,"""""""""Trair o povo é pior q os traficantes"""""""" ! 😮👏👏",0,2026-08-13
UgzWZ6s4sWrFGBVqSD54AaABAg,Skru1hCcIkI,Renan Santos,@AnaClaudiaCastro220,2026-08-11T07:22:06Z,Parabéns!!! Que possamos viver livre do crime organizado. 🙏💯👏,0,2026-08-13
UgwWUMqYP8mbgxQ-n1V4AaABAg,Skru1hCcIkI,Renan Santos,@raite8632,2026-08-11T06:17:49Z,"Rapaz , essa de longe é a melhor proposta. Esse """"""""big brother do crime organizado"""""""" tem que ser melhor divulgado pelo marketing da missão em. Se geral souber disso, ainda mais com premiação em dinheiro geral vai querer votar no Renan .",0,2026-08-13
Ugyd9VYctlPDavE3g814AaABAg,Skru1hCcIkI,Renan Santos,@NerdCrash.,2026-08-11T02:52:39Z,Sonho de todos !!!!!,0,2026-08-13
UgyRgEtFBN5X0jwGA8d4AaABAg,Skru1hCcIkI,Renan Santos,@DroneBoy-RN,2026-08-11T02:48:57Z,"Boa garoto, pra cima deles",0,2026-08-13
UgwqhWgrnBVl3nDSfbV4AaABAg,FvLw26kBOto,Renan Santos,@wesleypereiramendesdasilva7084,2026-08-13T16:14:58Z,10 anos 😂😂😂😂😂 otimista vc Renan 😂😂😂 2 anos no máximo está livre 😂😂😂,0,2026-08-13
UgxFmsfxE5pBHPl3JvN4AaABAg,FvLw26kBOto,Renan Santos,@dralinnzimmermann,2026-08-13T15:34:35Z,"Nãoooooooo cadeia? Pra quê, pra superpopular os presídios? Cadeira elétrica e cremação. Ou tu irá construir mais presídios desnecessários neste país.",0,2026-08-13
Ugyswlfn85Z25ssRu154AaABAg,FvLw26kBOto,Renan Santos,@DouglasCabral93,2026-08-13T14:44:36Z,"O discurso é bonito, agora a pergunta que fica é: Como vai fazer isso acontecer?",0,2026-08-13
Ugws3Am8a_2JTZPqGO54AaABAg,FvLw26kBOto,Renan Santos,@guilhermealmeida6927,2026-08-13T11:16:17Z,"Crimes que não prescreve.
1. Racismo
2. Ação de Grupos Armados.

Agora o crime contra a ordem constitucional, inovação em razão dos acontecimento de 8 de Janeiro.",0,2026-08-13
UgxVt4Sd91ya4s6olkF4AaABAg,FvLw26kBOto,Renan Santos,@carlosribeiro1942,2026-08-13T10:58:14Z,"Gostaria que ele fosse julgado na China, já que é  o país símbolo do  governo.",0,2026-08-13
UgzDvjsyflWZ81a5Lap4AaABAg,FvLw26kBOto,Renan Santos,@tiagocesar41,2026-08-13T03:20:20Z,"Com essa moda de arrumar laudo de """"""""autismo"""""""" pra criança idiota e mau educada...",0,2026-08-13
UgxBNkEyFVrySQENEHV4AaABAg,FvLw26kBOto,Renan Santos,@HistóriacomValdemaríMorais,2026-08-13T01:21:24Z,O pai desse menino se deixar barato é apenas um frouxo.,0,2026-08-13
UgyKT0BunzlXrbxuwBp4AaABAg,FvLw26kBOto,Renan Santos,@malkova12,2026-08-13T00:45:35Z,"Renan e em casos como o seu que é """"""""falsamente"""""""" acusado de estupro ? Condenaria a morte alguém inocente e culpado falsamente ou lhe daria tempo para aquele que fez a denuncia se arrepender e voltar atrás da denuncia ?",0,2026-08-13
UgyyIEqlaijp6ExM8o54AaABAg,FvLw26kBOto,Renan Santos,@noelia-u5b,2026-08-13T00:36:28Z,Tem que ter justiça!,0,2026-08-13
UgxmQSrlNfL-1d1QlSF4AaABAg,FvLw26kBOto,Renan Santos,@noelia-u5b,2026-08-13T00:36:00Z,"Mas o que é de presídio que vai ter de ser construído, não tá escrito...",0,2026-08-13
UgxREmkI0HRNO3ULsrx4AaABAg,FvLw26kBOto,Renan Santos,@Ancapsu-Go,2026-08-12T23:26:07Z,PENA DE MORTE URGENTE NO BRASIL!!!,1,2026-08-13
Ugzl0Z1vlFvdnLTRyTF4AaABAg,FvLw26kBOto,Renan Santos,@evandrobunno.bunno.5576,2026-08-12T21:15:38Z,Pena de morte é pouco...,0,2026-08-13
UgzjiIXNKchgruRgh_14AaABAg,FvLw26kBOto,Renan Santos,@Canal-lk3up,2026-08-12T21:09:47Z,"Absurdo mesmo, mas ficamos 30 anos dormindo e não vimos o que eles fizeram com o nosso país, não vai ser fácil arrumar a casa, com um congresso sujo, donos de partidos sujos e o pior, com os 11 que se intrometerm em tudo e talvez mais sujo que o congresso inteiro, eu só vejo uma saída e nessa saída vai ter muito derramamento de sangue, por que os que estão no poder abusando, não vão querer sair tão fácil.",0,2026-08-13
UgwPR9Kh5sBGuYTWQsh4AaABAg,FvLw26kBOto,Renan Santos,@hadessportswear1030,2026-08-12T21:06:51Z,"Conta seu caso aí com sua ex que te acusou de estupro,vms colocar todos estupradores em pneus.",0,2026-08-13
UgzbcR8KYkAFJk_LWqh4AaABAg,FvLw26kBOto,Renan Santos,@RicardoMenegonmenegon,2026-08-12T20:51:19Z,mas tá vivo ainda??,0,2026-08-13
Ugyf1qJb_hcGF4Zme4d4AaABAg,FvLw26kBOto,Renan Santos,@LZAdriano,2026-08-12T20:08:05Z,"um judiciário que entende que uma suposta intenção de ofender alguém com palavras, ser algo mais grave do que um estupro, esse judiciário não deveria existir.",0,2026-08-13
UgwS1g-USqOAguNjSQx4AaABAg,FvLw26kBOto,Renan Santos,@tudo1pouco2026,2026-08-12T18:32:29Z,Tinha q colocar pra doar os órgãos.,0,2026-08-13
Ugykh4HkYWuixpKVxcV4AaABAg,FvLw26kBOto,Renan Santos,@Nex.Clipbr,2026-08-12T18:25:32Z,a mulher que foi estudada por vc renan  santos tbm pode pedir sua pena de m* ????,0,2026-08-13
Ugy80nYIJAKiye1C5Td4AaABAg,FvLw26kBOto,Renan Santos,@rafaelh6315,2026-08-12T16:41:05Z,"Estupradores estão tentando emplacar a tese do estupro culposo para tentar atenuar a pena. Desculpa, mas isso não existe.",0,2026-08-13
UgwZYnduntW2ws3Jia94AaABAg,FvLw26kBOto,Renan Santos,@jorgesilva-iw7bx,2026-08-12T16:39:17Z,Esse era pra ir visitar o capeta.,0,2026-08-13
UgwDa521tTtPHcyl9ft4AaABAg,FvLw26kBOto,Renan Santos,@FernandaLima-te3vb,2026-08-12T16:05:46Z,Muito bom! Concordo plenamente,0,2026-08-13
Ugz2KP1ZsWQy6UEPuV54AaABAg,FvLw26kBOto,Renan Santos,@jessicavedety,2026-08-12T15:15:12Z,"A pedofilia é pior do que a guerra, deixa sequelas para o resto da vida.",0,2026-08-13
UgxMRpvWBWteLhs5yyF4AaABAg,FvLw26kBOto,Renan Santos,@manubelarmino,2026-08-12T14:46:56Z,Up,0,2026-08-13
UgxoUMz-WgKwAuloiE94AaABAg,FvLw26kBOto,Renan Santos,@rafaelssegovia,2026-08-12T13:45:40Z,Joga no meio dos amigos das facções... vai virar umamenina bacan ali...,0,2026-08-13
UgxK729I4SHPx5RNYch4AaABAg,FvLw26kBOto,Renan Santos,@campos7.930,2026-08-12T13:24:37Z,Meu voto é seu Renan! 🫱🏾‍🫲🏼👍🏽,0,2026-08-13
UgxYmjSCCdjbKR5YOqx4AaABAg,FvLw26kBOto,Renan Santos,@RoteiroBr,2026-08-12T13:11:45Z,"Ótimo vídeo… quem sabe quando você for representante legal da família seja confiável para sociedade que gostaria de governar. Para isso terá que ter mandatos públicos, leis feitas por você ou pelos seus representados e o mais difícil após os 40 ter filhos é uma família.",0,2026-08-13
UgztpPwzAl55zlZY9ch4AaABAg,FvLw26kBOto,Renan Santos,@amnjs92,2026-08-12T12:48:12Z,"Se você chama ele de doente, automaticamente está concedendo um benefício a ele.",0,2026-08-13
Ugz4zPjuMtYpRuo236x4AaABAg,FvLw26kBOto,Renan Santos,@JonasCouto-e6l,2026-08-12T11:26:36Z,Prisão perpétua deve ser incluída na justiça brasileira,0,2026-08-13
Ugxw02hZUa66Ol0GbpR4AaABAg,FvLw26kBOto,Renan Santos,@themasterofnone1770,2026-08-12T10:34:22Z,A hipocrisia! Renan Renan fiz merda fiz merda.,0,2026-08-13
UgzmvkVDJHgM9hYX11B4AaABAg,FvLw26kBOto,Renan Santos,@nunesnc7076,2026-08-12T09:32:31Z,Grande Renan...cada short reflete o sonho da mudança,0,2026-08-13
Ugwy-dVXcotyUYxYC_t4AaABAg,FvLw26kBOto,Renan Santos,@donizetimaccarone1413,2026-08-12T08:54:07Z,"Faz um vídeo sobre Os áudios vazados de caráter sexista divulgados por Arthur do Val, seu coleguinha de banda..e tem gente que dá credibilidade pra uns bosta desses..",0,2026-08-13
UgwJlSyX7yHv3SVdMsB4AaABAg,FvLw26kBOto,Renan Santos,@Madruga_rasta,2026-08-12T06:00:32Z,"Mano só de pensar já é revoltante....
Eu tenho um filho autista de 6 anos",0,2026-08-13
Ugzlp0VgRC0QE1BSIw94AaABAg,FvLw26kBOto,Renan Santos,@arthurbretas2003,2026-08-12T05:34:05Z,"País nojento, a pior notícia aqui no Brasil é sempre a próxima",0,2026-08-13
Ugzsga3XDdIaAZvcz114AaABAg,FvLw26kBOto,Renan Santos,@tatiolycristinaalvescruz3219,2026-08-12T04:03:44Z,Espero que o povo use a inteligência e pare de votar em Direita e esquerda.,0,2026-08-13
Ugzvlgn34V-XYyXIJk14AaABAg,FvLw26kBOto,Renan Santos,@Dass1111,2026-08-12T03:13:14Z,"Cara, como eu gostaria de ver essas ideias sendo aceita pelos brasileiros.",0,2026-08-13
UgwboeqPl2fbBcN50JJ4AaABAg,FvLw26kBOto,Renan Santos,@emersogama,2026-08-12T03:05:56Z,Esse pais tá doente e a muito tempo,0,2026-08-13
UgxKG01UJrhZ8pd31Pl4AaABAg,FvLw26kBOto,Renan Santos,@semrumo2024,2026-08-12T02:20:36Z,A população é dizimada por assassinatos pior que a guerra enquanto não houver pena de morte vamos ver a população ser dizimada,0,2026-08-13
UgzQClW71feD_0PeEOl4AaABAg,FvLw26kBOto,Renan Santos,@jasarbagis,2026-08-12T01:25:51Z,"Com Renan Santos, teremos um futuro glorioso 🟨⬜⬛14",0,2026-08-13
UgwtK-7gjSjQbVrF_m54AaABAg,FvLw26kBOto,Renan Santos,@atguim,2026-08-12T00:52:40Z,"Faltou falar que eles tem que trabalhar pra pagar os gastos da cadeia. Se não quiser ou puder trabalhar pra pagar a cadeia, passa pra família. Se a família não quiser ou puder pagar. Mata.",0,2026-08-13
UgwdN6E6q7Ub7rmfcRN4AaABAg,FvLw26kBOto,Renan Santos,@giltondemelo,2026-08-11T23:56:03Z,No mínimo uma perpétua,0,2026-08-13
UgxRWcWPKYkFYm5WkU54AaABAg,FvLw26kBOto,Renan Santos,@AndreSilva-p3m5h,2026-08-11T22:55:57Z,Tamos juntos,0,2026-08-13
UgwC9tksTvjW778mhON4AaABAg,FvLw26kBOto,Renan Santos,@CassiaSouza-rp9pg,2026-08-11T22:39:02Z,Renan Deus te abençoe!,0,2026-08-13
Ugz0HjRO0iFXMNJklBh4AaABAg,FvLw26kBOto,Renan Santos,@alanemanuel4886,2026-08-11T22:13:53Z,Aonde eu assino meu presidente pra gente colocar essa lei em vigor!,0,2026-08-13
Ugzr2msXdwZS3Nu7Pn14AaABAg,FvLw26kBOto,Renan Santos,@vito8810,2026-08-11T21:28:59Z,Tinha que ter castração química.,0,2026-08-13
UgyLZnz_zaxyb3nI8954AaABAg,FvLw26kBOto,Renan Santos,@enzopereira7042,2026-08-11T21:23:54Z,Força,0,2026-08-13
Ugx0ziH-puS43q-TOSd4AaABAg,FvLw26kBOto,Renan Santos,@josue-o4f1r,2026-08-11T20:35:44Z,"O debate sobre a segurança pública e o combate à criminalidade violenta frequentemente resvala para propostas drásticas, das quais a pena de morte é o expoente máximo. Em cenários marcados pela sensação de insegurança, parcelas da sociedade veem na eliminação física do criminoso a resposta definitiva para a restauração da ordem. Contudo, essa percepção é instrumentalizada pela classe política por meio do chamado """"""""populismo penal"""""""", um fenômeno que explora o medo e a revolta da população para promover medidas de fachada em vez de soluções estruturais. Diante disso, evidencia-se que a pena de morte não reduz a taxa de delitos, não inibe o criminoso em seu estado lógico de tomada de decisão e mascara a falência do Estado em proteger seus cidadãos. A verdadeira transformação da segurança pública exige abandonar a vingança institucionalizada e adotar políticas governamentais técnicas, focadas na prevenção, na inteligência e na assimetria de meios para cometer crimes.


1. O Populismo Penal e a Exploração da Revolta Popular
O populismo penal consolida-se no uso da dor e do desespero coletivo como moeda de troca eleitoral. Conforme teorizado pelo sociólogo David Garland em A Cultura do Controle, o debate contemporâneo sobre o crime abandonou a busca pela eficiência e pela reintegração social em prol de uma política de """"""""atuações expressivas e punitivas"""""""", na qual a pena serve mais como espetáculo para acalmar a opinião pública do que como instrumento de controle criminal. Propor o endurecimento de penas ou a pena capital possui custo orçamentário imediato irrisório e apelo emocional elevado. Trata-se de uma demagogia que vende a falsa impressão de um Estado forte, quando, na realidade, revela a incapacidade das instituições em investigar e processar com celeridade. Em vez de investir em gestão, inteligência e assistência social contínua, os discursos populistas entregam respostas simplistas que alimentam um ciclo ininterrupto de vingança estatal, enfraquecendo as bases do devido processo legal.

2. A Ineficácia da Pena de Morte, o Garantismo e a Mente do Infror
Sob a ótica criminológica, a premissa de que a severidade da pena inibe o crime baseia-se no mito da """"""""escolha racional"""""""" do infror. O jurista italiano Cesare Beccaria, em sua obra clássica Dos Delitos e das Penas (1764), já advertia que """"""""não é a intensidade da pena que produz o maior efeito sobre o espírito humano, mas a sua extensão"""""""", pontuando que o freio aos crimes não é a crueldade do castigo, mas a certeza da punição. A maioria dos crimes violentos ocorre sob forte alteração emocional, influência de substâncias ou pela percepção imediata de impunidade. No momento do ato, o indivíduo não pondera a sanção final, mas a probabilidade de ser capturado. Além disso, segundo o modelo do Garantismo Jurídico de Luigi Ferrajoli (Direito e Razão), o sistema penal deve existir primordialmente para limitar o arbítrio do poder estatal e proteger o cidadão de erros irreversíveis. Uma vez executada a pena capital, elimina-se qualquer margem para a correção de falhas judiciais, violando o princípio fundamental da dignidade humana.

3. Alternativas Governamentais: Inteligência e Asfixia Operacional
A reestruturação da segurança pública exige do governo uma atuação assentada em políticas de Estado multidisciplinares e contínuas. Em vez da eliminação física do indivíduo, a experiência internacional demonstra que a resposta mais eficaz consiste em retirar os meios e as oportunidades para a prática delitiva. O caso do Japão na desarticulação da Yakuza exemplifica essa abordagem: o Estado não recorreu a execuções em massa, mas sim ao arcabouço legislativo das Leis Antigangue (Boutouhou), que isolou financeira e socialmente os integrantes das organizações criminosas, impedindo-os de abrir contas bancárias, firmar contratos ou alugar imóveis. Quando o Estado sufoca a capacidade operacional do crime e fortalece a perícia e a inteligência policial para garantir a certeza da prisão, a atratividade do delito desmorona. Paralelamente, a prevenção situacional e a presença ostensiva do Estado com equipes multidisciplinares atuam na raiz que alimenta o aliciamento nas comunidades vulneráveis.

Conclusão
Em suma, a defesa da pena de morte sustenta-se sobre uma ilusão alimentada pelo populismo penal, que confunde a busca por justiça com a prática de vingança institucional. Como demonstraram Beccaria, Ferrajoli e Garland, a pena capital não altera a dinâmica do crime, não inibe o infror e expõe a fraqueza de um Estado que abdica de sua função de proteção e limites ao arbítrio. O caminho para uma sociedade mais segura passa pela rejeição de discursos fáceis e pela implementação de políticas públicas complexas, calcadas na certeza da punição, no fortalecimento da investigação técnica, na asfixia financeira do crime organizado e no acompanhamento social contínuo. Somente ao retirar dos criminosos os meios de transgredir e ao fortalecer as instituições de proteção é que o Estado cumprirá o seu papel fundamental: o de preservar vidas e resguardar a ordem sem regredir à barbárie.",1,2026-08-13
Ugx0ziH-puS43q-TOSd4AaABAg.A_NyKXVx_bJA_OXOafmrWW,FvLw26kBOto,Renan Santos,@gavaudan2131,2026-08-12T01:50:51Z,"Copia e cola fora de contexto, o caso é sobre um estuprador agindo sozinho e você cita argumentos relacionados a ação do Estado contra crime organizado?
E nem um excluí o outro por sinal, você pode ter uma proposta de segurança pública real e defender a pena de morte. Agora pode argumentar que é barbárie ou não, mas aí é bem subjetivo...",0,2026-08-13
Ugx0ziH-puS43q-TOSd4AaABAg.A_NyKXVx_bJA_PsmiDLMj1,FvLw26kBOto,Renan Santos,@josue-o4f1r,2026-08-12T14:25:46Z,"@gavaudan2131 
O contexto é exatamente o mesmo: a função do Estado frente ao crime.

Mesmo em crimes individuais e chocantes como esse, a pena de morte comete dois erros graves de lógica:

Incentivo ao Homicídio: Se a pena para estupro for a morte, você dá ao estuprador um incentivo direto para matar a criança/vítima e eliminar a testemunha, já que a punição dele já será a máxima de qualquer jeito. A pena proporcional serve justamente para proteger a vida da vítima.

Confusão entre Vingança e Justiça: A solução para a revolta desse caso não precisa ser a execução (que abre margem para erros judiciais irreversíveis em um sistema falho), mas sim a incapacitação real (prisão perpétua sem progressão) e a reforma das regras de prescrição.

A pena de morte continua sendo uma resposta populista porque finge resolver o problema na ponta final sem corrigir as brechas da investigação e do sistema prisional que deixam criminosos soltos.",0,2026-08-13
Ugy-oUB-_cXZAULH2ox4AaABAg,FvLw26kBOto,Renan Santos,@joozorio3746,2026-08-11T20:02:49Z,Renan Santos presidente,0,2026-08-13
UgxEmIl25tHaq2NljZh4AaABAg,FvLw26kBOto,Renan Santos,@maxwellmarcilio502,2026-08-11T18:55:22Z,"Nao existe pessoa pior que este ator de mierda , para esses casos sim deveria haver pena de morte para servir de exemplo",0,2026-08-13
UgwJsYfUtHkLlf8k_y54AaABAg,Ch4eEKWqTIs,Renan Santos,@christiansantos8868,2026-08-13T15:35:27Z,O L sempre foi de Loser,0,2026-08-13
UgwR2XypsOefYq0Bakx4AaABAg,Ch4eEKWqTIs,Renan Santos,@danilocreusa7401,2026-08-13T11:50:11Z,Estamos sem discord por culpa dela?????,0,2026-08-13
UgyxiUPg9OQ5GoOE1lh4AaABAg,Ch4eEKWqTIs,Renan Santos,@NUNKDIGANUNK,2026-08-13T00:16:25Z,"Censura e impostos kkkk
As facções dominando o país e ela preocupada com uma rede social. Todas redes sociais tem golpe, então censura logo tudo",0,2026-08-13
UgzUGhkumiAedmycxFt4AaABAg,Ch4eEKWqTIs,Renan Santos,@CassioDeleu,2026-08-13T00:12:32Z,"PERFEITO JANJA, VAMOS NEGOCIAR, PODE SER???
VAMOS TROCAR O ACESSO À REDE EM TROCA DE LIBERAÇÃO DOS 100 ANOS DE SIGILO. NEM ESTOU PEDINDO TRANSPARÊNCIA SOBRE SEUS GASTOS COM O NOSSO DINHEIRO, APEMAS PARA VOCÊ. PODEMOS???",0,2026-08-13
UgyCt90me2LvV9D-Tzh4AaABAg,Ch4eEKWqTIs,Renan Santos,@ForaDaCaixa-ttb,2026-08-12T09:50:40Z,A gente precisa urgentemente ter pena de morte para corruptos,0,2026-08-13
Ugxl7ovej3bcB4aJVep4AaABAg,Ch4eEKWqTIs,Renan Santos,@MaurícioB612,2026-08-12T06:20:37Z,"O que a gente precisa é tirar o ex presidiário e a marmita de porta de cadeia do ar, isso é o que precisamos!",0,2026-08-13
UgwACVOOT1C-fEwXtox4AaABAg,Ch4eEKWqTIs,Renan Santos,@edgarl-on.4885,2026-08-11T18:54:25Z,"Não vai adiantar nada, irão todos usar VPN e acessar do mesmo jeito, assim como estão fazendo com o Eca Digital aqui no Brasil e a verificação de idade da UE.",0,2026-08-13
UgyTVB0edUjxIPZdIuh4AaABAg,Ch4eEKWqTIs,Renan Santos,@flavio2537,2026-08-11T15:57:09Z,Instrumento é censura.,0,2026-08-13
Ugx3n9WvQpAgQ5z7W394AaABAg,Ch4eEKWqTIs,Renan Santos,@arnaldofortuna9640,2026-08-11T14:33:36Z,"Pense grande, pense Renan Santos",1,2026-08-13
UgwVRtoy2B_jycyjjEV4AaABAg,Ch4eEKWqTIs,Renan Santos,@hahayshit,2026-08-10T03:17:22Z,Nossa liberdade está acabando em pleno nossos olhos,0,2026-08-13
UgzXbKoXDQ1bjoo8LAl4AaABAg,Ch4eEKWqTIs,Renan Santos,@JoséCarlosLeandroOlegário,2026-08-10T00:11:47Z,Que olhar vazio e demoniaco dessa mulher,0,2026-08-13
UgzOEKoo6c8IW7_ofjl4AaABAg,Ch4eEKWqTIs,Renan Santos,@Fix3_King,2026-08-10T00:05:35Z,"Essa galera é muito idiota mano.
Tem que punir os criminosos isso sim",0,2026-08-13
UgzyZHavrorPkXINp5B4AaABAg,Ch4eEKWqTIs,Renan Santos,@XDzin_22,2026-08-09T20:01:15Z,Ela quer me atrapalhar a gravar os vídeos com os mano,0,2026-08-13
Ugw5fsR19Terlx0SVZF4AaABAg,Ch4eEKWqTIs,Renan Santos,@Techphone-c5o,2026-08-09T19:07:41Z,Finalmente meu presidente falou disso obs: tá atrasado 😊,0,2026-08-13
Ugy58FJ9K6NwIeg91PB4AaABAg,Ch4eEKWqTIs,Renan Santos,@dv20246,2026-08-09T18:49:42Z,Como se fechar uma rede social fosse resolver todos os problemas do Brasil kkkkk,0,2026-08-13
UgxoCcjlE-ukS5RlfmJ4AaABAg,Ch4eEKWqTIs,Renan Santos,@E.N.S.1,2026-08-09T18:47:23Z,A mão dela mostrando que ela está desesperada,0,2026-08-13
UgyA8T2SX9Ez6gJQu1N4AaABAg,Ch4eEKWqTIs,Renan Santos,@LuisNeto-k3d8y,2026-08-09T18:03:16Z,"É simples! 
Descartem pelo amor de Deus o PT do Brasil.",0,2026-08-13
UgxPjefbMFiz2hs47XV4AaABAg,Ch4eEKWqTIs,Renan Santos,@joozorio3746,2026-08-09T17:45:49Z,Que vergonha!!!,0,2026-08-13
Ugx2suW34zG3YuFs_KF4AaABAg,Ch4eEKWqTIs,Renan Santos,@EduardoAzevedo-c5y,2026-08-09T17:26:21Z,ASQUEROSA sendo ASQUEROSA.,0,2026-08-13
UgyeTPZzESzMAMepokJ4AaABAg,Ch4eEKWqTIs,Renan Santos,@apenasexiste7528,2026-08-09T15:49:14Z,Que mulher insuportável 😒,0,2026-08-13
UgwKn0hcfqAFizzBr314AaABAg,Ch4eEKWqTIs,Renan Santos,@JarbasBento-he6fz,2026-08-09T15:38:32Z,Tô pensando serámente em vota nesse doido,0,2026-08-13
UgyfjYv_xqJTdhI6nPx4AaABAg,Ch4eEKWqTIs,Renan Santos,@RelatosInternet,2026-08-09T15:36:54Z,Eu usando VPN,0,2026-08-13
Ugxi5Av8wZulaEvLkht4AaABAg,Ch4eEKWqTIs,Renan Santos,@philippesbf,2026-08-09T15:25:09Z,"Um grupo de jovens, cujos pais nãos fazem sua obrigação de vigiar seus filhos nas redes sociais, promove suicídio de uma menina. Por causa disso vão banir a rede do país.
Choquei destrói a vida de uma menina expondo sua privacidade para o mundo, que se suicida na sequência por esse motivo, e está aí até hoje.
Da pra perceber que a preocupação deles não é a vida das crianças....",0,2026-08-13
Ugwi7XQYDyjC9UJ00fh4AaABAg,Ch4eEKWqTIs,Renan Santos,@adrianmon2405,2026-08-09T14:33:07Z,"Só de ouvir a voz dessa senhora, me dá náuseas.",0,2026-08-13
Ugz63ZOqnLSD2eYRlZF4AaABAg,Ch4eEKWqTIs,Renan Santos,@fernandofilho5501,2026-08-09T13:53:33Z,🤦‍♂️🤦‍♂️🤦‍♂️🤦‍♂️,0,2026-08-13
UgyKqOts0DTaimJvY0p4AaABAg,Ch4eEKWqTIs,Renan Santos,@Mitrius197,2026-08-09T13:43:27Z,Em vez de combater e criar ferramentas só  que não  ! Faz o L !❤,0,2026-08-13
UgxSl_tjNNyNaOh2KXR4AaABAg,Ch4eEKWqTIs,Renan Santos,@rutequeiroz6319,2026-08-09T11:26:55Z,Quem deixa essa coisa falar? So nesse país. Fora Lulaladrao.,0,2026-08-13
UgzyPhfLlo-yNl6JrTZ4AaABAg,Ch4eEKWqTIs,Renan Santos,@akirasuzuki8847,2026-08-09T08:34:34Z,Nojo de ouvir a voz da janja . . .,0,2026-08-13
Ugx7SW-ND2w4vU6DUT14AaABAg,Ch4eEKWqTIs,Renan Santos,@brunorodrigues1067,2026-08-09T07:37:14Z,Nem deveria ter espaço de fala nessa situação,0,2026-08-13
Ugw_1vTEWcP_9gFjChp4AaABAg,Ch4eEKWqTIs,Renan Santos,@Sybellius-x6r,2026-08-09T05:47:21Z,"Minha Senhora, Discord é uma rede de hackers, do tipo """"""""mula-sem-cabeça""""""""",0,2026-08-13
UgxZ-XtbAptvfBjv3UV4AaABAg,Ch4eEKWqTIs,Renan Santos,@INecromancer_,2026-08-09T04:23:26Z,"Combater o crime acontecendo na plataforma e punir os criminosos: ❌️

Banir a plataforma, fazendo com que os criminosos migrem para outra plataforma, punir os usuários e não resolver pørra nenhuma: ✅️🫏",0,2026-08-13
Ugx4UcPxn11UN4oItTl4AaABAg,Ch4eEKWqTIs,Renan Santos,@derekgregorio2712,2026-08-09T03:42:42Z,Brasil é o marido que chega em casa e pega a mulher traindo ele com o pedreiro em cima do sofá da sala... e ele vende o sofá.,0,2026-08-13
UgxRTzXU961o7C1PVIt4AaABAg,Ch4eEKWqTIs,Renan Santos,@Jeahnny40,2026-08-09T02:41:12Z,"Eu não tenho uma palavra pior do que “absurdo”. Talvez inadmissível, inconcebível, ultrajante… Quem essa mulher pensa que é?",0,2026-08-13
Ugx-LtTrHJrexDxndfR4AaABAg,Ch4eEKWqTIs,Renan Santos,@Caio-f5c,2026-08-09T02:11:53Z,'' ela tem que ter filho quando ela quiser! 😡'' kkkkkkkkkkk,0,2026-08-13
Ugzu9qPaJCZg3dHxICp4AaABAg,Ch4eEKWqTIs,Renan Santos,@caiocezarleme246,2026-08-09T01:47:55Z,bom video!,0,2026-08-13
Ugwl29-39wNepTLNcm14AaABAg,Ch4eEKWqTIs,Renan Santos,@pauloSilva-on1cm,2026-08-09T01:02:02Z,Pela fé quem é essa peste na fila do pão pra tá dando ordem nem ela nem o 9 dedos foram aceitos ou eleitos pelo povo pra essa semana futuro e sem noção pedir algo. Ridículo isso tá bagunçado!!!,0,2026-08-13
Ugyl4Z9R68S8Z5Wuc8p4AaABAg,Ch4eEKWqTIs,Renan Santos,@luizoliveira-c4g,2026-08-09T00:55:36Z,Nojo dessa Janje.,0,2026-08-13
Ugx8_FZOlitelMkkZvV4AaABAg,Ch4eEKWqTIs,Renan Santos,@trevomaber0,2026-08-09T00:51:19Z,Vamos proibir a existência de água por causar afogamentos... Cada papo de uma criatura que nem deveria dar opinião política... Ela não foi eleita para nada...,0,2026-08-13
Ugz9AU2LGwiL2UHrzvR4AaABAg,Ch4eEKWqTIs,Renan Santos,@josuegabriel444,2026-08-09T00:51:02Z,Ai me diz se essa porra não é censura?,0,2026-08-13
Ugzyn1jgtiQ9Ylhibl14AaABAg,Ch4eEKWqTIs,Renan Santos,@franciscojosealves3376,2026-08-08T23:40:46Z,Como a esposa ou namorada de Renan agiria se chegasse ao cargo de 1a dama?,0,2026-08-13
UgzFyC1E0dl1s85fJ1h4AaABAg,Ch4eEKWqTIs,Renan Santos,@scothmota1,2026-08-08T23:01:28Z,Isso é propaganda política de graça pra direita!!!,0,2026-08-13
Ugy4RKinYoqx_M3Mc5N4AaABAg,Ch4eEKWqTIs,Renan Santos,@silasbatistamariola5442,2026-08-08T22:54:08Z,Isso,1,2026-08-13
UgwgncGZurvL3pQqv154AaABAg,Ch4eEKWqTIs,Renan Santos,@rogeriobispodasilva7475,2026-08-08T22:42:55Z,Censura imposto prisão de quem fala a palavra de Deus,0,2026-08-13
UgyVQJa16boBWQOYvw94AaABAg,Ch4eEKWqTIs,Renan Santos,@R0driigu,2026-08-08T22:29:26Z,"OK AGORA EXPLICA COMO ALGUEM MO°°E E DEPOIS SE INFOR°°CA ??
.",0,2026-08-13
UgzGXVuK8uqjPC_RXgJ4AaABAg,Ch4eEKWqTIs,Renan Santos,@casualidade8103,2026-08-08T22:21:30Z,Discord está causando discordia,0,2026-08-13
UgyH17bS39grC8itsEt4AaABAg,Ch4eEKWqTIs,Renan Santos,@NicolasGabriel_1414,2026-08-08T22:12:49Z,"O real problema dessa rede social são as crianças e adolescentes inseridos em grupos de comunicação repletos de pessoas que querem usurfruir da vontade de quem está inserido nesses grupos, o pior é quando essas pessoas tendem a impactar o emocional dos adolecentes e crianças, cometendo atos desconfortáveis para os usuários infantojuvenis. Enfim, quem carrega toda essa culpa dessas vítimas são na maioria dos casos a negligência dos seus pais não averiguar o que os seus filhos fazem na Internet e também não perceberem com que tipo de pessoa elas estão se comunicando em uma rede social cada vez mais repleta desses aproveitadores que implicam má influências sobre as vítimas que fazem.

E sobre a opinião da Janja, ela está extremamente errada no ponto que ela argumenta proibir esta rede social do Brasil. No entanto, para a proposta do Renan Santos, ele foi mais sagaz e menos populista e menos autoritário do que a fala da Janja que cegamente queria proibir a rede social sem pensar demais sobre tais consequências. Em suma, a expressão da ideia da Janja foi apenas uma demonstração de tênue pensamento crítico enquanto o do Renan foi excepcional no que condiz a crítica.

O FUTURO É GLORIOSO!",0,2026-08-13
UgwvvAFm9u85C39VxT14AaABAg,Ch4eEKWqTIs,Renan Santos,@paulooliver3251,2026-08-08T21:47:30Z,"Não viaja mano!! A pessoa tá claramente falando “a gente” se referindo ao povo. Tenho assistido suas entrevistas e você não consegue e parece que nunca vai conseguir se comunicar com o povo mano. Se vc for um cara verdadeiro o seu discurso vai conectar com o povo mas inteligência e eloquência o povo sente mesmo sem entender que soa falso, a sua comunicação é uma versão de PSDB 2.0 só comunica com os playboy da bolha.",0,2026-08-13
Ugw2FkaDTeG1xYg_KjN4AaABAg,Ch4eEKWqTIs,Renan Santos,@cidineiluizantoniazzi,2026-08-08T21:28:45Z,"Uai, quem votou nela , qual cargo ela ocupa",0,2026-08-13
Ugx-2v9ETyD-zFQ2co94AaABAg,Ch4eEKWqTIs,Renan Santos,@entregasuber,2026-08-08T21:17:39Z,Essa pessoa e uma desgraça,0,2026-08-13
UgwaQ2WhguNStHyMpgV4AaABAg,Ch4eEKWqTIs,Renan Santos,@ClaudineiMoreira-n4o,2026-08-08T21:12:39Z,Porque não tira o Instagram se tiver moral?,0,2026-08-13
Ugzr7gPoLy8fRkZV1eZ4AaABAg,kpkxCts2p98,Renan Santos,@jorgecolares1307,2026-08-13T15:55:45Z,Alea iacta est!,2,2026-08-13
UgwWvTEvN47_i_xlXgx4AaABAg,kpkxCts2p98,Renan Santos,@pauloisrael1,2026-08-13T14:42:48Z,1️⃣4️⃣✅️🐆🇧🇷,1,2026-08-13
UgxD2BfUbqeACSHOy_F4AaABAg,kpkxCts2p98,Renan Santos,@bevolts,2026-08-13T12:55:42Z,"Vai falar bem desse jeito na casa do chapéu, o futuro é glorioso!!",0,2026-08-13
Ugw8o71bkv7nv-Wwl9t4AaABAg,kpkxCts2p98,Renan Santos,@Safira-t1p8e,2026-08-13T12:17:53Z,"Ótimo, bora 14",0,2026-08-13
Ugye_eqKdcD__ETZrV94AaABAg,kpkxCts2p98,Renan Santos,@Edson1922,2026-08-13T12:01:54Z,Boa vamos subir o Nível 📈👏🏽💪🐆 Missão 1️⃣4️⃣,1,2026-08-13
Ugzz6Ea0e72iXO9MOWx4AaABAg,kpkxCts2p98,Renan Santos,@davidandrade6015,2026-08-13T00:32:01Z,Está esquecendo de dizer que é o número 14!,0,2026-08-13
Ugy5VMb-__GIDO4dI294AaABAg,kpkxCts2p98,Renan Santos,@5vinicius100,2026-08-12T22:02:39Z,Se o Renan não ganhat eu desisto do brasileiro,0,2026-08-13
UgwT0RgS8PbymEaEqHN4AaABAg,kpkxCts2p98,Renan Santos,@neliobarros6682,2026-08-12T20:07:52Z,"Dito isto, Renan dos Santos 14",0,2026-08-13
Ugz0F4FIHCYASE7hLIN4AaABAg,kpkxCts2p98,Renan Santos,@jnjn51,2026-08-12T18:31:01Z,PARABÉNS Renan Santos  meu presidente,0,2026-08-13
UgzKsRw8PzPoSRXLy3l4AaABAg,kpkxCts2p98,Renan Santos,@tdahlizando4060,2026-08-12T15:59:48Z,"Vão boicotar esse cara.
Duvido ser convidado pra debate na globo,depois desse massacre que ele fez na sabatina com as jornalistas 😂😂😂😂😂😂",0,2026-08-13
UgzJL8WFahmcN-o84w14AaABAg,kpkxCts2p98,Renan Santos,@wellingtonaugusto6072,2026-08-12T14:39:28Z,Trabalhando pra isso. Tmj,0,2026-08-13
Ugzk4w22jvuv9UvIINR4AaABAg,kpkxCts2p98,Renan Santos,@eduardomedeiros8632,2026-08-12T11:22:37Z,Renan 14,0,2026-08-13
UgzLNnNYvbjDkSpjfjp4AaABAg,kpkxCts2p98,Renan Santos,@EduardoMena-m1i,2026-08-12T10:55:02Z,"Renan precisa melhorar um pouco a imagem dele em si. As vezes ele aparece um bagunçado em câmera. Imagem tbm arrecada voto. É só uma opinião, calma ai galera kkkkk hoje em dia é perigoso dar opinião na internet",0,2026-08-13
UgwLgF6lRwfmOPnESHR4AaABAg,kpkxCts2p98,Renan Santos,@JaemeOliveira-k4x,2026-08-12T10:34:16Z,Aí sim Renan. vc e a Revolução agora e abrir o olho dessa turma pra astear a nossa bandeira...parar de ser vira lata....força tamos com vc,0,2026-08-13
UgxDIjRdfTaLQzSRwlB4AaABAg,kpkxCts2p98,Renan Santos,@wendellmarinho6027,2026-08-12T10:05:58Z,Acho bom que ele não liga muito pra aparência fica mais autêntico,0,2026-08-13
UgydntTch1hHtcVore94AaABAg,kpkxCts2p98,Renan Santos,@thiagosouza117,2026-08-11T22:52:14Z,Avante missão!,0,2026-08-13
UgzoDHDNxhvQSM413jN4AaABAg,kpkxCts2p98,Renan Santos,@arturdiasrj,2026-08-11T17:01:04Z,"Pela primeira vez na vida, eu votarei com vontade e convicção. Renan presidente",0,2026-08-13
UgwU4UtPLUmm9loZMhF4AaABAg,kpkxCts2p98,Renan Santos,@amiltondossantos9177,2026-08-11T16:55:24Z,METENDO O PÉ NA PORTA DOS LAVRADORES.,0,2026-08-13
UgwBA6e9DaXjz9bTo4V4AaABAg,kpkxCts2p98,Renan Santos,@MinoDrops,2026-08-11T16:48:34Z,"O Renan já levanta da cama gravando vídeo, olha esse cabelo KKKKKKKKKKKKKKKKKKK",0,2026-08-13
UgxrkEX3qm6VBvfoqqN4AaABAg,kpkxCts2p98,Renan Santos,@ThiagoCarvalho-qh9zk,2026-08-11T13:42:25Z,E as Ucranianas?,0,2026-08-13
Ugz-boLC9bQ9yqcqscB4AaABAg,kpkxCts2p98,Renan Santos,@DanielAlves-x8g,2026-08-11T09:32:31Z,Avante missão!,1,2026-08-13
UgzT1p6LGyCvcplPEHR4AaABAg,kpkxCts2p98,Renan Santos,@MANUZITAGAMESS,2026-08-11T04:29:31Z,"Não acredito que exista político perfeito, mas acredito que algumas pessoas demonstram mais preparo, coerência e disposição para enfrentar os problemas do país do que outras. Renan Santos é alguém que, concorde-se ou não com todas as suas ideias, costuma defender suas posições de forma clara e aberta ao debate.",0,2026-08-13
UgzVAAqsxNMgnoqchEd4AaABAg,kpkxCts2p98,Renan Santos,@matheusFrancisco-d4p,2026-08-10T20:29:15Z,Renan Santos para nosso Presidente 👏👏👏👏👏👏👏🇧🇷🇧🇷🇧🇷🇧🇷🇧🇷🇧🇷🇧🇷🇧🇷🇧🇷🇧🇷🇧🇷🇧🇷🇧🇷🪖🪖🪖🪖🪖🪖🪖,0,2026-08-13
UgxJB7y2KmzeTi4m6Sp4AaABAg,kpkxCts2p98,Renan Santos,@Questoria-ia,2026-08-10T18:37:35Z,O povo quer mudanças com previsibilidade (sem sustos). Renan Santos se encaixa perfeitamente nisso.,0,2026-08-13
Ugxt5aTLU73ZCDZJ4s94AaABAg,kpkxCts2p98,Renan Santos,@thiagokanti,2026-08-10T15:28:54Z,Já fizemos a mudança sem sermos eleitos. Imagine a mudança apoia ganharmos as eleições,0,2026-08-13
UgyRM4fqruzuCOvX0sF4AaABAg,kpkxCts2p98,Renan Santos,@chechelBR,2026-08-10T15:08:52Z,Renan seu movimento lembra o Enéias so que a diferença hoje em dias não queremos perder uma pessoa inteligente e direta igual o Enéias,0,2026-08-13
UgxpHc58bc6xX-HeVkB4AaABAg,kpkxCts2p98,Renan Santos,@cirleisoares6901,2026-08-10T13:54:25Z,"RENAN SANTOS É O MELHOR CANDIDATO MAIS PREPARADO, MESMO SEM DIPLOMA, PARA SOLUCIONAR OS PROBLEMAS DO BRASIL,JUNTO COM SUA EXCELENTE EQUIPE, DO MBL E PARTIDO MISSÃO. 🇧🇷💯🇧🇷💯🇧🇷💯🇧🇷💯🇧🇷",0,2026-08-13
Ugw6EshoRRPRbgzzVIZ4AaABAg,kpkxCts2p98,Renan Santos,@todoqcrer,2026-08-10T13:24:09Z,pra cima pra cima pra cima Renan,0,2026-08-13
UgwOicuofX3D5Nf4Sfd4AaABAg,kpkxCts2p98,Renan Santos,@EscolafutebolPagani,2026-08-10T04:37:58Z,"Vai dar certo guerreiro! Continue! Se n for nessa... será na próxima! Pq se for o PT, eles vão acabar de enterrar o Brasil e nós seremos aqueles que irão ressuscitar e n mais salvar nosso país! Pra cimaaaaaa",0,2026-08-13
UgyZLg7Muclt3iNSgMN4AaABAg,kpkxCts2p98,Renan Santos,@ThyHard100,2026-08-10T03:17:57Z,"Pelo oque eu já vi em vários comentários, muito eleitores novos que nunca votaram ou vão voltar a votar, estão surgindo para votar no Renan Santos, realmente o futuro é glorioso ⬛⬜🟨🐆",0,2026-08-13
Ugz-l_ZmUU8dzQnLBAZ4AaABAg,kpkxCts2p98,Renan Santos,@CarlosAntônio-p5v1r,2026-08-10T03:05:36Z,"Vamos nessa, Renan.",0,2026-08-13
Ugy_UUGN5usQQhAtLU54AaABAg,kpkxCts2p98,Renan Santos,@andyD.d.oliveira2394,2026-08-10T02:14:33Z,"GENTE ACORDA !! VAMOS MUDAR PARA UM NOVO CAMINHO 
RENAN 14 MISSAO MBL TMJ",1,2026-08-13
UgwvvffzqXD0MdA-czp4AaABAg,kpkxCts2p98,Renan Santos,@magrellocarvalho1704,2026-08-10T02:04:02Z,Pra cima deles Renan.,0,2026-08-13
UgxY_3oOiAD9LwWwDbZ4AaABAg,kpkxCts2p98,Renan Santos,@PORTELA83,2026-08-09T22:25:30Z,"Aos poucos os brasileiros inteligentes vão conhecer melhor Renan. Só espero que não seja apenas em 2030 após afundarmos no fundo do poço e atolarmos na lama. Da tempo Brasil, acorda 🇧🇷 🚀",0,2026-08-13
UgzH2XIlgU9NRbcL06R4AaABAg,kpkxCts2p98,Renan Santos,@Daviid083,2026-08-09T16:59:33Z,🎉,0,2026-08-13
UgynRcCSSQtpYJ2yCcl4AaABAg,kpkxCts2p98,Renan Santos,@wellnovais,2026-08-09T11:22:58Z,Boa!,0,2026-08-13
Ugxi0x-b_EvR19rJHCt4AaABAg,kpkxCts2p98,Renan Santos,@flavioreis_6647,2026-08-09T11:05:48Z,1️⃣4️⃣⬛🟨,0,2026-08-13
UgzLIrrnN_oP4I2lxUN4AaABAg,kpkxCts2p98,Renan Santos,@hauansoaresjardim8288,2026-08-09T09:53:49Z,"Candidato C
14 neles",0,2026-08-13
UgxmcIudx22RMbCRlo14AaABAg,kpkxCts2p98,Renan Santos,@corpsebiffi,2026-08-09T09:19:44Z,"Tenho 43 anos. Tenho profundo despeito pela geração anterior à minha, de políticos que destruíram toda a esperança da minha geração.
Agora tenho esperança novamente. Renan, da mesma geração que a minha, será a vingança do povo.",0,2026-08-13
Ugxqc1KYhPx3lrh_m294AaABAg,kpkxCts2p98,Renan Santos,@ibsenaires4485,2026-08-09T03:35:49Z,14 já!!,0,2026-08-13
UgxeN_aHAD2pJ2ZR-1N4AaABAg,kpkxCts2p98,Renan Santos,@geannduarte9860,2026-08-09T01:40:11Z,Missão o Futuro é Glorioso 👏🏽👏🏽👏🏽,0,2026-08-13
UgzMIv4YpDk2QN72wxt4AaABAg,kpkxCts2p98,Renan Santos,@fernandofilho5501,2026-08-09T01:26:25Z,👏👏👏👏,0,2026-08-13
UgzYqj84-oKOkd16BsB4AaABAg,kpkxCts2p98,Renan Santos,@Onerdmisterioso,2026-08-09T01:14:40Z,14.,0,2026-08-13
UgzZlxshyw_CF5fsCFB4AaABAg,kpkxCts2p98,Renan Santos,@terapelontret-sd12,2026-08-08T23:29:22Z,Renan Santos vai ganhar,0,2026-08-13
UgzDtGDEgs6MNZSdGZd4AaABAg,kpkxCts2p98,Renan Santos,@ELIELSANTOSDAHORA,2026-08-08T22:11:55Z,"Meu presidente tem nome e sobrenome. 
RENAN SANTOS 👏👏👏",0,2026-08-13
UgyX44WIpmDUut5ExLJ4AaABAg,kpkxCts2p98,Renan Santos,@enescosta1705,2026-08-08T21:51:06Z,"Um candidato q fala q Bolsonaro é igual a Lula, e hj estamos nessa merda, não merece nenhum voto da direita.... vai ganhar nunca... não podemos esquecer isso... agora é o salvador da pátria kkkk",0,2026-08-13
UgzILZE8nRKGg--hyUx4AaABAg,kpkxCts2p98,Renan Santos,@Techphone-c5o,2026-08-08T21:39:20Z,Obrigador Globo,0,2026-08-13
UgyhboFcN0EWzKvwCtB4AaABAg,kpkxCts2p98,Renan Santos,@rejanecisne4714,2026-08-08T21:28:08Z,Meu voto,0,2026-08-13
UgxQCQXLqJAjlcnj4NV4AaABAg,kpkxCts2p98,Renan Santos,@CloudWNS,2026-08-08T21:08:09Z,Renan Santos 14,1,2026-08-13
UgycVO6eDIEHlsmAk-B4AaABAg,kpkxCts2p98,Renan Santos,@sardinhaemapuros,2026-08-08T20:43:49Z,"RENAN SANTOS O MEU VOTO É SEU MAS VAMOS DIZER QUE VC NAO VENÇA AS ELEIÇÕES ME DIGA COM TODA SINCERIDADE QUEM VOCE APOIARIA PARA SEGUNDO TURNO!! TE DESAFIO A RESPONDER ESSA PERGUNTA, NAO VEM COM ESSA QUE VC NAO IRIA AJUDAR NINGUEM POR QUE VC SABE QUE SE VC FICAR NULO NA HISTORIA VC ESTARIA AJUDANDO O 9 DEDO INDIRETAMENTE VC SABE DISSO,. ENTAO NOS DIGA DE QUE LADO VC ESTARIA, FLÁVIO BOLSONARO OU 9 DEDO?",0,2026-08-13
Ugz27cBOg0oCm-BU1KN4AaABAg,T3ENScVymJQ,Renan Santos,@reinaldocastro1141,2026-08-13T13:51:32Z,"pelo que parece o Flávio Bolsonaro tem apresentado sua inteligência de forma tímida, talvez para evitar que outros candidatos copiem suas propostas kkkkkkkkkkk",0,2026-08-13
UgxT9viKt3k04Bu4WY94AaABAg,T3ENScVymJQ,Renan Santos,@marliisabeltiecher3328,2026-08-13T00:11:04Z,Quem não te conhece te compra ! Quem conhece o MBL não cai na sua conversa. Vc é o Lula de amanhã ! Só desinformados caem na sua conversa,0,2026-08-13
UgxqrYz16aM6tx6HL9x4AaABAg,T3ENScVymJQ,Renan Santos,@elisangelazanoni7691,2026-08-12T00:20:43Z,"O nível subiu tanto, que o Flávio miou 😂😂😂😂... Era para ser a sabatina dele na segunda, dia 10 e ele .... NÃO FOOOIIIIII😂😂😂😂",0,2026-08-13
Ugyrfx6vjHmloRCthAN4AaABAg,T3ENScVymJQ,Renan Santos,@camilaalves527,2026-08-11T19:23:14Z,"Renan, você não era nem cotado por mim, porém meus amigos assessores e meu marido me falaram muito de você. Fui atrás de ouvir suas propostas e tenho dúvidas.
Sobre cotas: você diz que será por mérito, quem ou o que vai definir quem tem mérito ou não para receber as oportunidades que você cita na educação? É estranho para mim você falar sobre mérito considerando o abismo de desigualdade (e aqui eu falo de desigualdade em todos os âmbitos, não só social) deste país. Eu prestei bastante atenção nos seus pontos sobre a violência (principalmente contra a mulher), a minha dúvida é: quais serão suas propostas para o combate a cultura da misoginia? Eu concordo que devemos deixar as penas maiores e tudo o que você pontuou, porém há uma cultura em volta disso. Quais serão suas propostas para combate dessa cultura?",0,2026-08-13
Ugxgk30EUjmemdwSP8t4AaABAg,T3ENScVymJQ,Renan Santos,@GUILHERMEMARCELO2025,2026-08-11T16:57:48Z,RENAN EU ME FILIANDO A MISSÃO IREI GANHAR O KIT MISSÃO?,1,2026-08-13
UgwSBX-C0EoI2usFEN54AaABAg,T3ENScVymJQ,Renan Santos,@arriveddart5837,2026-08-11T13:07:05Z,"Pegue meus dinheiros, estou comprando o livro amarelo.",1,2026-08-13
UgxmIggkRiZM2_SGqPJ4AaABAg,T3ENScVymJQ,Renan Santos,@yuritasca7702,2026-08-11T13:05:41Z,"Pelo fim do Brasil, vote Canabrava",0,2026-08-13
UgzCWhAHn4NWCgmwWCl4AaABAg,T3ENScVymJQ,Renan Santos,@mr.cleyton3363,2026-08-11T11:08:40Z,A régua subiu meu amigos,1,2026-08-13
UgyOAcHkIQ8z28TprVx4AaABAg,T3ENScVymJQ,Renan Santos,@franciscofernandes9916,2026-08-10T23:47:08Z,"ZEMA E UM MATUTO ILETRADO , SEM CONTEUDO INTELECTUAL",0,2026-08-13
UgwoKCkTDREeAEB5hWd4AaABAg,T3ENScVymJQ,Renan Santos,@franciscofernandes9916,2026-08-10T23:43:50Z,"FALANDO EM MERITOCRACIA, LEMBREI DA [INTELIGENTE DILMA] KKKK /// SOU MEDICO E NA EPOCA  NAO TINHA COTA// TA CHEIO DE DR GOOGLE E DR PROTOCOLO AHAH",0,2026-08-13
UgwBmebnECNb2Q4iTBt4AaABAg,T3ENScVymJQ,Renan Santos,@franciscofernandes9916,2026-08-10T23:37:35Z,"TEM DE TER PULPITO /// LIVRO AMARELO SUBSTITUI A BIBLIA  AFINAL VOCE  E O PASTOR  DA JUVENTUDE KKKK /// CARA , VOCE E INTELIGENTE == PERDER DO ZEMA , VAI GANHAR DE QUEM ?",0,2026-08-13
UgxKXs_1aiLLBBlO99F4AaABAg,T3ENScVymJQ,Renan Santos,@anaparteka,2026-08-10T19:01:58Z,"Um ponto informativo sobre saneamento: SC tido entre os melhores estados do País não tem 40% de saneamento básico. Pasmem, menos 40%. Então não adianta se orgulhar de ser de direita, de ser o melhor e bla bla pq a régua é muito baixa. Não tem como ser melhor se não tem o básico. O plano de governo com a responsabilidade gerencial é o melhor dos melhores! Vem 14!",0,2026-08-13
Ugxa9oL2Fa1mxQ83dG14AaABAg,T3ENScVymJQ,Renan Santos,@felipe.lima.08,2026-08-10T18:06:12Z,Código App Missão • 64KYFC,0,2026-08-13
UgwrOmtin6hSjcGIAMF4AaABAg,T3ENScVymJQ,Renan Santos,@Opensea-reef,2026-08-10T14:20:07Z,Ta batendo pouco no PT Renan cuidado pra não jogar a presidência no colo do Lula novamente,0,2026-08-13
UgyOyuj861EoaxMuIZl4AaABAg,T3ENScVymJQ,Renan Santos,@juliocosta2584,2026-08-10T10:59:35Z,Muito bom!,0,2026-08-13
UgzHJgQNIYtVQmlIFjJ4AaABAg,T3ENScVymJQ,Renan Santos,@edisondossantosbruckhoff6369,2026-08-10T04:16:58Z,Estamos juntos Renan Santos vai dar tudo certo Deus é bom o tempo todo...,1,2026-08-13
UgwdAkiHq1ZuQ05LDAF4AaABAg,T3ENScVymJQ,Renan Santos,@Tsukiyommi,2026-08-10T02:47:35Z,"Te amo! Nanan, meu presidente.

Mas no primeiro ato de corrupção já te aviso que vou te odiar eternamente, pq nunca serei gado de ninguém.",0,2026-08-13
UgweIa8PUrDaQHh7HGF4AaABAg,T3ENScVymJQ,Renan Santos,@robertomoraes3598,2026-08-09T15:37:21Z,"Candidato fraco, não está à altura do cargo a que se candidatou. Seria um desastre ao país, um marionetezinho de poderes estrangeiros e só existe por falhas no sistema eleitoral brasileiro que aceita partidos satélites. Sua existência só se justifica pelo seu papel durante futuros debates, será outro Padre Kelvin, contratado para bater em Lula em frente as câmeras, assim como os outros candidatos, todos de direita e extrema direita que acreditam que conseguem convencer o povo de que Lula é um mal presidente, o que todos sabemos ser uma grande mentira!",0,2026-08-13
UgysKortaGtWdxdD7wF4AaABAg,T3ENScVymJQ,Renan Santos,@JaInvisto,2026-08-08T20:31:44Z,Código de indicação do app?,0,2026-08-13
Ugx415xSkYvxGlLAJ0B4AaABAg,T3ENScVymJQ,Renan Santos,@cl4ud1o2507,2026-08-08T20:30:57Z,Cadê o clipe do início? A menina perguntando se o Renan mudou o país?,1,2026-08-13
UgwP37pfKdZWuI5SP1h4AaABAg,T3ENScVymJQ,Renan Santos,@Niurose,2026-08-08T19:27:02Z,#Renan14,1,2026-08-13
UgwQ5b520l4T0UidCjF4AaABAg,T3ENScVymJQ,Renan Santos,@railo15,2026-08-08T17:52:42Z,"Renan, precisa bater também no lulis,  o maldito tá crescendo nas ruas, a esquerda ta unida , entendo que vc ta preocupado com o rachador,  porém ele mesmo se boicota, cada dia uma denúncia diferente",0,2026-08-13
UgwQ5b520l4T0UidCjF4AaABAg.A_FxHmuOGYvA_GD5AWLBl6,T3ENScVymJQ,Renan Santos,@Anthony_Durval,2026-08-08T20:19:31Z,"ta nada, só fugindo de debate depois de um governo fezes",2,2026-08-13
UgwQ5b520l4T0UidCjF4AaABAg.A_FxHmuOGYvA_J0tPPVLzT,T3ENScVymJQ,Renan Santos,@bigliltiny,2026-08-09T22:30:38Z,"Está pra nascer o dia que o Renan irá criticar Lula, Xandão ou o STF. O Renan bate mais no Bolsonaro do que na esquerda e depois se diz de direita, piada.",0,2026-08-13
UgwQ5b520l4T0UidCjF4AaABAg.A_FxHmuOGYvA_JM_Q1yyeW,T3ENScVymJQ,Renan Santos,@Anthony_Durval,2026-08-10T01:40:09Z,"@bigliltiny o cara acabou de postar um reels falando do stf, pelo amor",1,2026-08-13
Ugxawxgcuqowuni56UV4AaABAg,T3ENScVymJQ,Renan Santos,@GilbertoSoares-k4y,2026-08-08T16:22:31Z,"Renan, quero que voce ganhe entao cuidado com esse argumento.

“Basta o traficante estar com armas em sua posse, sem necessariamebte estar em conflito, num territorio controlado para requerirmos a tutela antecipada.”

Isso: 
a) assume que o traficante é facilmente identificavel, quando na pratica pode ser: Uma mulher,
um menor de idade ou qualquer outro recorte menos caricato

B) pode implicar na tutela antecipada de inocentes (consigo ver o esquerdista argumentar isso)

Entao só tenha uma resposta rapida pra esse argumento! 

Avante!",0,2026-08-13
UgziQe4at5TlrQb0gYd4AaABAg,T3ENScVymJQ,Renan Santos,@DANILOBENAIONDESOUZA,2026-08-08T15:52:55Z,O futuro será Glorioso!!! 1️⃣4️⃣🇧🇷🇧🇷🇧🇷,0,2026-08-13
UgysH-7GJkjFZ0M0ZkN4AaABAg,T3ENScVymJQ,Renan Santos,@Fernando신뢰,2026-08-08T15:49:37Z,"""""""""como eu nao tenho um diploma eu tenho um lag bem grande"""""""" kkkkkkkkkkkkkkk adoro essas piadas",0,2026-08-13
UgyZYpbGTU5aCXKvRTR4AaABAg,T3ENScVymJQ,Renan Santos,@sergioprazeres2492,2026-08-08T13:39:00Z,"Parabéns Renan, muito bom! 

Sugiro fazer algumas sessões de fono e conseguir falar um pouco mais pausadamente…

Sucesso para o Brasil!",0,2026-08-13
Ugzilo4zwog4YSgYc5l4AaABAg,T3ENScVymJQ,Renan Santos,@RyuuzakiKakaroto,2026-08-08T13:08:10Z,"Ouvir a frase """"""""meu amigo, nikolas ferreira..."""""""" sair da boca do Renan é de revirar o estômago da ate nojo, para com essa porra!
Se o nikolas decidir apoiar o governo bom, politicamente é bom para a corrida eleitoral e para a governabilidade no futuro pela base que ele ja tem, ótimo. 
Mas calma la também o cara é um picareta mentiroso, e toda vez que pode, diminui e xinga o mbl dizendo que querem biscoito dele, amigo é muito forte",1,2026-08-13
UgzzOoVYGkgtKNpax2t4AaABAg,T3ENScVymJQ,Renan Santos,@LairtonMachado-c2y,2026-08-08T12:46:28Z,"Sou a favor de Renan porém só vai tirar voto no Flávio esse ano, dificultando ainda mais a retirada de lula no poder, que é a principal urgência do Brasil!",0,2026-08-13
Ugw5ACzSk-_I-nSnxU94AaABAg,T3ENScVymJQ,Renan Santos,@alertanew,2026-08-08T07:55:30Z,"Caramba o Renan vai ganhar esta eleição 
O meme do six seven chegou no cara...kkk",2,2026-08-13
UgxvTA6OTmRDNhsicT94AaABAg,T3ENScVymJQ,Renan Santos,@Hello.Handsome.3848,2026-08-08T07:53:15Z,🐆🐆🐆,0,2026-08-13
UgyZ0Jph4Bu7HCiJszV4AaABAg,T3ENScVymJQ,Renan Santos,@jorgericcajunior7134,2026-08-08T07:26:52Z,Farsante. Impostor. Fantoche.,0,2026-08-13
UgzmHVkiHZwVFlr5LOh4AaABAg,T3ENScVymJQ,Renan Santos,@legolbicchura4439,2026-08-08T04:24:14Z,Bora de six seven% kkk,0,2026-08-13
UgwavNEyjUMSBxYBxr14AaABAg,T3ENScVymJQ,Renan Santos,@andyD.d.oliveira2394,2026-08-08T04:16:54Z,"Eu quero comprar o livro ,mas ,eu acho que não sei entender tudo que vocês   escrevem e falam só percebo que são inteligentes e certos",1,2026-08-13
Ugxuud2hPYLPkXIGxD54AaABAg,T3ENScVymJQ,Renan Santos,@gokudasupreme5775,2026-08-08T03:14:17Z,60 e quanto ?,1,2026-08-13
UgwwpzITV-zf3aJrmNh4AaABAg,T3ENScVymJQ,Renan Santos,@KinoGP2,2026-08-08T02:55:17Z,Eu vou poder andar armado no seu governo?,1,2026-08-13
Ugw-ltuvUZItpsf8qfp4AaABAg,T3ENScVymJQ,Renan Santos,@ArthurArthur-t8z,2026-08-08T00:51:38Z,"Acho que em alguns momentos ele deveria ter contestado a postura delas e ter cedido menos no sectarismo. Quando ele apertou um pouquinho no histerismo da sadi, ela mostrou olhos de medo e se apequenou. A entrevista não foi boa para ele. Ele poderia ter jogado frases como: """""""" eu sei que para vcs mulheres da elite, o sectarismo de gênero é relevante para galgar cargos sem mérito, más eu enquanto presidente, tenho que governar para todo o país"""""""" e por ai vai... Existem várias técnicas e meios, não precisava ter ficado tanto nas cordas. Outra coisa: Bater no Nicolas é um exagero desnecessário( embora a critica faça sentido), bater no Flávio tudo bem, que é um personagem mais frágil e com pouca aceitação.",0,2026-08-13
Ugw-ltuvUZItpsf8qfp4AaABAg.A_E7RIAouA9A_Eb9CxAMor,T3ENScVymJQ,Renan Santos,@willehelm213,2026-08-08T05:20:03Z,"que análise bacana! Tem alguma indicação de como eu posso aprender sobre isso? Dialética, argumentação etc?",0,2026-08-13
UgyeWf-iefFvGaK_GI14AaABAg,T3ENScVymJQ,Renan Santos,@alexpraxedes8884,2026-08-08T00:41:07Z,"O Futuro é Glorioso! 2CAWX3 
🟨⬜️⬛️ 🐆",0,2026-08-13
UgzEx-PdGY_PzTyjP6h4AaABAg,T3ENScVymJQ,Renan Santos,@cainna3690,2026-08-07T22:29:17Z,🟨🟨⬜⬜⬛⬛🐆🐆,0,2026-08-13
UgzeI4Gw9H6bdUI48UR4AaABAg,T3ENScVymJQ,Renan Santos,@MiguelFSilva890,2026-08-07T21:52:30Z,Vamos de Renan Santos presidente  do Brasil,0,2026-08-13
UgyKRVrbKQ7nWp_3DBZ4AaABAg,T3ENScVymJQ,Renan Santos,@veicouro,2026-08-07T20:16:30Z,Flávio bolsonaro presidente seu  fraco 😅😅😅😅😅😅😅😅😅😅😅😅😅😅😅😅😅😅😅😅😅😅😅😅😅,0,2026-08-13
UgxLUwpsgXT_2mjCLOR4AaABAg,T3ENScVymJQ,Renan Santos,@alexandre4299,2026-08-07T19:38:31Z,OK,0,2026-08-13
UgwkkSF1IovRdn9T2N14AaABAg,T3ENScVymJQ,Renan Santos,@Gru-2000,2026-08-07T19:36:19Z,A minha humilde sugestão para o próximo passo é você Criar o Diário Amarelo! Onde você irá detalhar os passos que o Livro Amarelo tinha como premissa e os obstáculos e as pessoas que foram contra ou dificultaram o avanço do nosso país! Você corre risco de entrar para o Hino Nacional deste país! Parabéns pela sua causa nobre e a forma que está conduzindo essa jornada! Precisa mostrar para todos e se alguém se atrever a ter um plano melhor que fique publico! Deixe aberto ao publico!,0,2026-08-13
UgycfyrETv5iG44-OhF4AaABAg,T3ENScVymJQ,Renan Santos,@guilhermebernardes349,2026-08-07T19:19:03Z,"Renan, acredito que inicialmente ainda precisemos das cotas sociais porque realmente é quase impossível competir com um aluno de escola particular, em razão do nível das escolas públicas que temos. Mas ao longo do seu governo, se realmente essa realidade for alterada, seria justo que essas tais cotas sejam extintas.",0,2026-08-13
UgycfyrETv5iG44-OhF4AaABAg.A_DXNLvZ-kjA_Ec77oGoS_,T3ENScVymJQ,Renan Santos,@willehelm213,2026-08-08T05:28:30Z,Ele propõe que os melhores alunos das escolas públicas tenham bolsas integrais em escolas particulares.,0,2026-08-13
UgzaoZA04T_5P547t3R4AaABAg,T3ENScVymJQ,Renan Santos,@estudionero5596,2026-08-07T19:18:42Z,Que honra seria ter Renan na presidencia.,0,2026-08-13
UgwMEfeST7Zxs14qjit4AaABAg,T3ENScVymJQ,Renan Santos,@Cabelimm-pf5xx,2026-08-07T19:16:00Z,"Ia votar no Renan até ver oque ele falou do única homem que tentou fazer realmente algo por esse pais e morreu tentando, você é UM MERDA se comparado ao Dr. Enéas",0,2026-08-13
UgyD18iGwTX4DHGiUeh4AaABAg,_wUHnbEHOy0,Renan Santos,@pedromenezes4882,2026-08-13T17:07:37Z,Renan Santos 14,0,2026-08-13
UgztatNPnxEehJ3hZWd4AaABAg,_wUHnbEHOy0,Renan Santos,@israelitaaaaaaaaaaaaa,2026-08-13T12:30:28Z,13☯️🤟🏼,0,2026-08-13
UgyYtugoMzap6Wxcaad4AaABAg,_wUHnbEHOy0,Renan Santos,@AmigodaOnça26,2026-08-12T13:28:37Z,"É isso,  não tem meio termo,  ou é RENAN OU RENAN! 🫡🐆",0,2026-08-13
Ugx_mvHnIdn_Sw9Lvfx4AaABAg,_wUHnbEHOy0,Renan Santos,@lucioalvessantos,2026-08-12T12:33:48Z,Vai derrotar dois boçais ao mesmo tempo.,0,2026-08-13
UgwOvrn791QKbmGArPp4AaABAg,_wUHnbEHOy0,Renan Santos,@lucianokuduavicz476,2026-08-12T00:04:43Z,Tallis é sem noção e ao mesmo tempo individualista. Encara o Renan como estorvo para seus propósitos!!,0,2026-08-13
Ugze3Iz9Z33IshtfWJx4AaABAg,_wUHnbEHOy0,Renan Santos,@esthermonteiro8943,2026-08-11T10:46:41Z,RENAN SANTOS PRESIDENTE 🇧🇷 MISSÃO 1️⃣4️⃣⬛️⬜️🟨🇧🇷,0,2026-08-13
UgzxLwHl4pnAjjYQXFl4AaABAg,_wUHnbEHOy0,Renan Santos,@waldjr04,2026-08-11T10:38:40Z,"Para Renan está sendo viável e estar sentado ali, falando com ele, o caminho foi exatamente esse, ele afirmar que vai estar no segundo turno. Esse Tales não sabe o que é ter um projeto de poder, de Brasil, mas o Renan fez o dever de casa e é ele que vai ganhar essas eleições. Eu acredito! Renan Santos 14.",0,2026-08-13
UgzoIkLpjC05h8fmBm14AaABAg,_wUHnbEHOy0,Renan Santos,@AlessandroWS72,2026-08-11T02:08:25Z,"Sabe muito muito bem que não tem chance alguma, quem fica em cima do muro apoia a corrupção.",0,2026-08-13
UgwStKMknl2FQmQhGQ54AaABAg,_wUHnbEHOy0,Renan Santos,@AlessandroWS72,2026-08-11T02:07:32Z,"Fala mal do PT e visivelmente no segundo turno vai abrir as pernas para esquerda, mesmo diante de tamanha corrupção.",0,2026-08-13
Ugw-dJybH9Rge_bkO0h4AaABAg,_wUHnbEHOy0,Renan Santos,@desafio45mais,2026-08-10T16:56:19Z,BolsoThalis babador de ovo....boçal...,0,2026-08-13
UgzAfxx7NWdCWDn0M7J4AaABAg,_wUHnbEHOy0,Renan Santos,@LaboratórioMissão,2026-08-10T12:23:23Z,"""""""""sendo que nulo elege o lula"""""""" ele já procurando a desculpa pra dar quando perder pro lula no segundo turno kkkkkkkkkkkkkkkkkkkkkkkkk É INEVITAVEL QUE O FUTURO SEJA GLORIOSO. RENAN SANTOS 2026",0,2026-08-13
UgySTXsdSfzpd3tmoz54AaABAg,_wUHnbEHOy0,Renan Santos,@leandrocaara,2026-08-10T00:32:19Z,"No primeiro turno eu vou de 14, já no segundo turno, também...",0,2026-08-13
Ugya2TXebwXJAdiK4b54AaABAg,_wUHnbEHOy0,Renan Santos,@AndreLuis-iz2rq,2026-08-09T21:56:48Z,O futuro é glorioso,0,2026-08-13
UgzGOCscFzp9X4XAj6V4AaABAg,_wUHnbEHOy0,Renan Santos,@FofurasRelaxantes,2026-08-09T15:34:20Z,Altas bicudas na cara do cabeça de cotonete😂. Votemos Renan Santos 14 em 2026,0,2026-08-13
Ugw5TPk_NHqhlhMeLhd4AaABAg,_wUHnbEHOy0,Renan Santos,@migueluahara1314,2026-08-09T13:19:55Z,14,0,2026-08-13
Ugxbe2h3irpWzj2Rim14AaABAg,_wUHnbEHOy0,Renan Santos,@JoaoVictorMonteiro-ff8rg,2026-08-08T16:47:16Z,Na cara não chefe. 😂,1,2026-08-13
UgwodxXQNJ2rfhK3OJF4AaABAg,_wUHnbEHOy0,Renan Santos,@MasterChief_H_117,2026-08-08T11:58:21Z,🐆🟨⬛⬜🐆,0,2026-08-13
Ugwh7pSXfpi4vjSFpq94AaABAg,_wUHnbEHOy0,Renan Santos,@lucianaeustaquiopinto1012,2026-08-08T03:17:41Z,Eu voto Renan Santos ❤,0,2026-08-13
UgwvvzFETYHbvzub9-h4AaABAg,_wUHnbEHOy0,Renan Santos,@andrefigueiredo676,2026-08-08T02:50:19Z,"Esse cara vai crescer, até que enfim alguém que fala nossa língua sem demagogia.
Ganhou meu voto.
Coragem pra mudar Brasil, vamos apostar e dar uma chance pro Renan .",0,2026-08-13
Ugyll724wX9Dn8ZXiQ14AaABAg,_wUHnbEHOy0,Renan Santos,@kennedoliveira5743,2026-08-08T01:00:44Z,Não me decepcione,0,2026-08-13
Ugwmx1Oiu2aoh72OkBR4AaABAg,_wUHnbEHOy0,Renan Santos,@vander_maf,2026-08-08T00:21:33Z,Renan é um líder de verdade!,2,2026-08-13
UgzEocFupCyt7bxy27V4AaABAg,_wUHnbEHOy0,Renan Santos,@RNxd2500,2026-08-07T22:56:08Z,Mesmo se o Renan não ganhar o futuro não vai fazer ele perder pra esses velhos o futuro é glorioso.,0,2026-08-13
UgydFZg9TEYoRBlvD6x4AaABAg,_wUHnbEHOy0,Renan Santos,@DailyMBL,2026-08-07T21:24:39Z,Lula = Flávio Bolsonaro,1,2026-08-13
UgwCVQVxW9lrMRwRMvJ4AaABAg,_wUHnbEHOy0,Renan Santos,@marlonallan6585,2026-08-07T19:44:42Z,Meus votos em todas as eleições serão para o Missão. Sem Missão no segundo turno o voto será sempre contra a esquerda! Quero ver a resposta dos bolsonaristas num segundo turno Renan x Luladrão,1,2026-08-13
UgxHgOc-Mm7TwMCqAil4AaABAg,_wUHnbEHOy0,Renan Santos,@ursopopular2026,2026-08-07T19:29:52Z,Que jornalista escroto esse 🤮,0,2026-08-13
UgxOGHi9vMIFAW-JBlt4AaABAg,_wUHnbEHOy0,Renan Santos,@gustavonascimento8876,2026-08-07T17:51:55Z,"Esse Steve do minecraft é patético. 

Se eu não me engano,  ele fez um deepake ao lado do Mark Zuckerberg. O que esse imbecil esqueceu de fazer, foi retirar a marca d'água do Gemini para pelo menos manter o fingimento um pouco mais verossímil. Que postura fraca, o que esperar de um coach de segunda categoria.",0,2026-08-13
Ugyjvff7DTPSMOl2nbd4AaABAg,_wUHnbEHOy0,Renan Santos,@Nokotando,2026-08-07T17:01:59Z,Para que humilhar o minecraft.,0,2026-08-13
UgwUwx_tlmykLKOVnLZ4AaABAg,_wUHnbEHOy0,Renan Santos,@Nokotando,2026-08-07T17:00:57Z,"Comentando para engajar, se você que engajar Renan Santos, faça o mesmo, não espere alguém tomar a frente, um like, compartilhamento e comentário faz a diferença.",0,2026-08-13
Ugz2PEbvKHEbzCTQDMp4AaABAg,_wUHnbEHOy0,Renan Santos,@salenkobezerra,2026-08-07T16:11:56Z,"Só falta tu apoiar a ZFM. Só assim tu ganha . 

Fora isso , esquece ! Compactuo com suas ideias , mas vc já declarou que é contra a ZFM, perdeu meu voto !",0,2026-08-13
Ugyttmf0JHs4oRaf5KR4AaABAg,_wUHnbEHOy0,Renan Santos,@nilsonpiccoli1976,2026-08-07T15:54:04Z,"Me desculpa gosto muito do Renan vou votar nele no primeiro turno.
Agora segundo turno é qualquer um contra o Lula né Renan, é o seu unico defeito, é o que não tá pegando bem com os eleitores da direita.Flavio não vale nada, mas Lula vai promover o fim das eleições no futuro né, é só usar a inteligência.Renan não chegando agora pode no futuro tirar até um Flavio da vida.Agora se o Lula ganhar PT vai consolidar o comunismo, nunca mais vamos votar.
Então..... Renan no primeiro turno 🏆 
Segundo turno se não tiver Renan, qualquer um serve contra o Luli 😂",0,2026-08-13
Ugxp6LvcTjuUpaV5F5F4AaABAg,_wUHnbEHOy0,Renan Santos,@Averdadesempreprevalece,2026-08-07T15:42:59Z,Bolha chamada Renan e MBL,0,2026-08-13
Ugypin787Y1Oky92KDl4AaABAg,_wUHnbEHOy0,Renan Santos,@Averdadesempreprevalece,2026-08-07T15:42:30Z,Todos dessa Bolha kkkkk,0,2026-08-13
UgxgZqTFqIxv4rUvVAp4AaABAg,_wUHnbEHOy0,Renan Santos,@CharlesAraújoCostaJúnior,2026-08-07T14:47:19Z,Estamos juntos com Renan Santos 🇧🇷🇧🇷,3,2026-08-13
UgzXvGBPPgAO5Yd5mOZ4AaABAg,_wUHnbEHOy0,Renan Santos,@AdaodeAmorim-y1c,2026-08-07T14:15:47Z,Antônio 14,0,2026-08-13
UgzTfmexDGTHZdq-jSF4AaABAg,_wUHnbEHOy0,Renan Santos,@CharlesPalmeiro-t8x,2026-08-07T13:55:53Z,Não faz nem pro cafe nem bolsonaro não ganhou de lula o povo sabe que lula pro brasil e melhor,0,2026-08-13
UgzGvtYjKSzJzkFxHa54AaABAg,_wUHnbEHOy0,Renan Santos,@lurdes235,2026-08-07T13:37:53Z,Meu voto é para 14,1,2026-08-13
UgyYiRjU0qGgiK1zYmZ4AaABAg,_wUHnbEHOy0,Renan Santos,@jhimyalysson9607,2026-08-07T12:43:35Z,O futuro é glorioso senhores 👏🏻 até o thalis deve ter ficado impressionado 😂,2,2026-08-13
UgwFbNwcERGUERwTFKp4AaABAg,_wUHnbEHOy0,Renan Santos,@arautodamissaoMBL,2026-08-07T12:36:07Z,Essas horas deve ta rolando um menage do thales com lules e bozo! Claro que o Thales é a bonequinha,0,2026-08-13
UgyZgZ4DhlY43USETml4AaABAg,_wUHnbEHOy0,Renan Santos,@clebersonsilva3816,2026-08-07T12:24:43Z,Vamos surpreender nas urnas o futuro será glorioso ⬛🟨⬜ na eleição só a missão.,0,2026-08-13
UgyUC0xNhsmNaoqbcG14AaABAg,_wUHnbEHOy0,Renan Santos,@laelsontatiana1338,2026-08-07T11:56:35Z,Papo furado!!! Na hora ele vai lá e volta no Lules e diz que é contra. Esse não engana ninguém,0,2026-08-13
UgyUC0xNhsmNaoqbcG14AaABAg.A_Cjjh6d91FA_D6aCoZrqv,_wUHnbEHOy0,Renan Santos,@Nil854,2026-08-07T15:25:00Z,"KKK....O BOLSOMINION É TÃO, MAS TÃO BURRRO QUE NEM SEQUER SE DAR AO TRABALHO DE IR LÁ NAS REDES SOCUAIS DO CARA VERIFICAR QUE ELE É ANTI BOLSOPETISMO. KKK",1,2026-08-13
UgyUC0xNhsmNaoqbcG14AaABAg.A_Cjjh6d91FA_D7v0UeS6P,_wUHnbEHOy0,Renan Santos,@laelsontatiana1338,2026-08-07T15:36:35Z,​@Nil854 Eu aposto que tu não hora irá votar no Lules. 😂😂😂 Papo furado de ser oposição.,0,2026-08-13
Ugz1MqFA7HDWmKmXkc14AaABAg,_wUHnbEHOy0,Renan Santos,@AT_Adv,2026-08-07T10:57:47Z,"Renan Santos é o único candidato com propostas de governo de Direita fundamentadas, pois os outros são apenas sabor direita e já mostraram a própria fraqueza e para quem servem ...",3,2026-08-13
UgzGCidRaCnL4P9L-wB4AaABAg,_wUHnbEHOy0,Renan Santos,@ProxHunter,2026-08-07T10:08:53Z,Nunca foi tão fácil votar esse ano.,1,2026-08-13
Ugw-feoq6fye24rHlmV4AaABAg,_wUHnbEHOy0,Renan Santos,@pauloaugustomachado8596,2026-08-07T09:56:43Z,"E aí Tallis, depois da sabatina, quem vc contrata? Renan Santos, que compareceu e respondeu tudo na lata, com ideias novas e concretas para o país ou Flávio Bolsonaro, candidato EAD, com respostas nauseantes de teleprompter e enrolação?",0,2026-08-13
UgyNMpwT9zFRFQAFJ3R4AaABAg,_wUHnbEHOy0,Renan Santos,@ehellora,2026-08-07T05:12:27Z,"14 MISSÃO, com RENAN SANTOS. Nunca foi tão fácil escolher o melhor. 1️⃣4️⃣✅🟨⬜⬛🐆. Pergunta para o flavinho decadente em quem ele vai votar no segundo turno (spoiler: 🐙)",0,2026-08-13
Ugy7aA1oAfC7OaRUptN4AaABAg,_wUHnbEHOy0,Renan Santos,@André_Dedesk_Figueiredo,2026-08-07T04:42:52Z,"Ambos na mesma cela, que tal? 😂

RENAN SANTOS PARA PRESIDENTE DO BRASIL! 🐅🇧🇷",0,2026-08-13
Ugz0hNUE7hdIc7XdUD54AaABAg,_wUHnbEHOy0,Renan Santos,@WillianVinicius-l5u,2026-08-07T03:44:29Z,vamos para cima Renan Santos presidente,1,2026-08-13
Ugy9eHkEUmsF_heAAHd4AaABAg,_wUHnbEHOy0,Renan Santos,@gilbertodc92,2026-08-07T03:34:09Z,"Gosto do Talis, mas pergunta tendenciosa ao mesmo padrão de sempre. A antiga politica do café com leite ainda existe.",0,2026-08-13
UgxFpGdu6bK1PBuF7_l4AaABAg,_wUHnbEHOy0,Renan Santos,@gilbertodc92,2026-08-07T03:32:48Z,LEGÍTIMO!,0,2026-08-13
UgxdWYV8RkTAWnJNRSl4AaABAg,PAiDp7jaZ_Q,Renan Santos,@LucasRod-z3w,2026-08-13T16:59:54Z,"Justificar abusos dizendo que agentes """"""""só cumprem ordens"""""""" é cair no que a filósofa Hannah Arendt chamou de “Banalidade do Mal”: quando indivíduos viram robôs de uma engrenagem autoritária. O mundo já sepultou essa desculpa no Tribunal de Nuremberg (1945), consolidando que quem executa uma ilegalidade responde individualmente por ela.Esse debate ganha força com a subida de Renan Santos nas pesquisas e sua postura de que decisão inconstitucional não se cumpre. Na lei brasileira, nem o Presidente da República é obrigado a se curvar ao arbítrio. O Artigo 22 do Código Penal pune quem obedece a ordens manifestamente ilegais.Vimos o perigo da obediência cega quando o sigilo da fonte de um jornalista foi violado sob o pretexto de """"""""apenas cumprir o papel"""""""". Numa democracia, a Constituição deve vir acima de qualquer tribunal. Quando executores batem o carimbo em decisões absurdas sem filtrar o abuso, o Estado de Direito desmorona. Quem cumpre o erro também é cúmplice dele.#DireitoConstitucional #Nuremberg #BanalidadeDoMal #Eleicoes2026 #EstadoDeDireito",0,2026-08-13
Ugw0RnwPAFuVzL2zuB14AaABAg,PAiDp7jaZ_Q,Renan Santos,@thelordbills6554,2026-08-13T13:21:08Z,🎉🎉,0,2026-08-13
Ugz40JAEfHTUyGvg3Ah4AaABAg,PAiDp7jaZ_Q,Renan Santos,@lucioalvessantos,2026-08-11T11:43:57Z,STF é pra fazer cumprir a constituição e não querer ser a própria mmm,0,2026-08-13
Ugwf-DrzGYuY_WeKt3F4AaABAg,PAiDp7jaZ_Q,Renan Santos,@niltonsouza234,2026-08-10T14:06:42Z,"Renan , você já tem o meu voto",1,2026-08-13
UgweBr_nTuWMd4E0Eml4AaABAg,PAiDp7jaZ_Q,Renan Santos,@GeisaColossi,2026-08-09T20:38:54Z,"""""""""DECISÃO ILEGAL NÃO SE CUMPRE!""""""""🎉🎉🎉🎉🎉🎉🎉🎉🎉🎉🎉🎉🎉🎉🎉🎉",0,2026-08-13
UgzMDDY4Fe2CUiLGHHV4AaABAg,PAiDp7jaZ_Q,Renan Santos,@EgremaraMartins,2026-08-09T18:21:09Z,Duas serpente 🐍 tentaram de engolir . Mas as serpentes de Moisés engoliram as serventes dos sacerdotes egípcios vc venceu está prova ❤🎉,0,2026-08-13
Ugx1HV0q8sY5P5I67v94AaABAg,PAiDp7jaZ_Q,Renan Santos,@almirrodriguesribeiro2158,2026-08-09T01:09:34Z,👏👏👏,0,2026-08-13
UgxXkxRrQ0iUecpKHTp4AaABAg,PAiDp7jaZ_Q,Renan Santos,@Doutor_XIV,2026-08-07T23:09:45Z,"Esse deve ter sido o vídeo mais difícil de editar, porque a cada 5 segundos era interrompido/distorcido.",0,2026-08-13
UgxUGphS8JIvNZT2wWZ4AaABAg,PAiDp7jaZ_Q,Renan Santos,@DailyMBL,2026-08-07T21:26:35Z,Decisão ilegal não se cumpre!,1,2026-08-13
Ugz-daLyI19W14S32bF4AaABAg,PAiDp7jaZ_Q,Renan Santos,@MarceloMK-u6f,2026-08-07T16:52:53Z,"Renan, está tão certo; quem nem Gilmar Mendes, um indivíduo que gosta de câmeras jornalísticas, não disse um A à respeito, até agora.",0,2026-08-13
UgxbObYjhRZc6OiYduZ4AaABAg,PAiDp7jaZ_Q,Renan Santos,@NeusaMaria-k3x,2026-08-07T16:31:15Z,Futuro glorioso,0,2026-08-13
UgwSf6jVolg2P-n1CLV4AaABAg,PAiDp7jaZ_Q,Renan Santos,@salenkobezerra,2026-08-07T16:12:06Z,"Só falta tu apoiar a ZFM. Só assim tu ganha . 

Fora isso , esquece ! Compactuo com suas ideias , mas vc já declarou que é contra a ZFM, perdeu meu voto !",0,2026-08-13
UgwPktD6eM-xXh2SGdd4AaABAg,PAiDp7jaZ_Q,Renan Santos,@tacitogabriel4963,2026-08-07T11:38:35Z,14,1,2026-08-13
UgwxJ0Rvvhs7bHRy6bl4AaABAg,PAiDp7jaZ_Q,Renan Santos,@Deivate,2026-08-07T08:48:53Z,Ótima explicação,0,2026-08-13
UgwOfrqM6r07GsRBQEx4AaABAg,PAiDp7jaZ_Q,Renan Santos,@AnselmoTexeira,2026-08-07T06:29:24Z,O que nós brasileiros queremos é alguém que enfrente o crime organizado,1,2026-08-13
UgwOfrqM6r07GsRBQEx4AaABAg.A_C9IMzQA2pA_D6tBDqhiN,PAiDp7jaZ_Q,Renan Santos,@thatswathwwind,2026-08-07T15:27:36Z,Essa é a proposta do renan,0,2026-08-13
UgzHGlfLoAXK2Hacnpx4AaABAg,PAiDp7jaZ_Q,Renan Santos,@ehellora,2026-08-07T05:14:45Z,"14 MISSÃO, com RENAN SANTOS. Nunca foi tão fácil escolher o MELHOR.",1,2026-08-13
Ugyek0mOhhkN6iiOaiR4AaABAg,PAiDp7jaZ_Q,Renan Santos,@André_Dedesk_Figueiredo,2026-08-07T04:45:35Z,"O magistrado também precisa ser democrata! 🏛️

Bora, Renan! 🇧🇷🐅",0,2026-08-13
UgwwODkXY-ogHC1ufuJ4AaABAg,PAiDp7jaZ_Q,Renan Santos,@CesarGeneral,2026-08-07T03:58:46Z,🥇,0,2026-08-13
UgywrtfNCSPzemsy_pV4AaABAg,PAiDp7jaZ_Q,Renan Santos,@Arlequina22,2026-08-07T03:14:14Z,Ja tem meu voto!❤,3,2026-08-13
Ugz2qK5ieh_pBCk1dpR4AaABAg,PAiDp7jaZ_Q,Renan Santos,@igorjanuu,2026-08-07T02:59:23Z,🇧🇷🇧🇷,0,2026-08-13
UgzTmxUxbB2s4SuR4Yh4AaABAg,PAiDp7jaZ_Q,Renan Santos,@LiaVal845,2026-08-07T02:26:13Z,Missão 14 👍🏻👍🏻,2,2026-08-13
UgzXCzPTgpMLEMKxu3x4AaABAg,PAiDp7jaZ_Q,Renan Santos,@dgmilitao,2026-08-07T02:04:54Z,"Essas duas jornalistas tentaram encurralar o Renan, mas perderam totalmente o rumo com o nível das respostas dele. Ele foi cirúrgico, respondeu com firmeza e não deu qualquer margem para distorções ou segundas interpretações. Jantou ao vivo! 😅",0,2026-08-13
UgyvTlAyyD3FSTktyqJ4AaABAg,PAiDp7jaZ_Q,Renan Santos,@WilFS,2026-08-07T01:56:21Z,"Renan foi pra sabatina de mãos atadas e foi recebido por duas raivosas armadas até os dentes, gostaria que o Renan tivesse sido mais duro com elas",0,2026-08-13
UgyS07WDxAewVwYo1qt4AaABAg,PAiDp7jaZ_Q,Renan Santos,@Cortespalavraefe,2026-08-07T01:51:03Z,1️⃣4️⃣,2,2026-08-13
Ugx5FVIglfYKou12Lnd4AaABAg,PAiDp7jaZ_Q,Renan Santos,@eee8eddue3,2026-08-07T01:36:09Z,Bora pra cima Missão 🎉,1,2026-08-13
UgxorrGf_LlcpgEyc6x4AaABAg,PAiDp7jaZ_Q,Renan Santos,@VanildoAlcântaraDasilva,2026-08-07T01:30:23Z,Finalmente alguém verdadeiramente maduro.pra frente,1,2026-08-13
UgyFf-3S4C9tEnFUN2x4AaABAg,PAiDp7jaZ_Q,Renan Santos,@nempensemuito,2026-08-07T01:26:21Z,O melhor que temos,1,2026-08-13
UgxdPl_8bQ5Izv6zdap4AaABAg,PAiDp7jaZ_Q,Renan Santos,@werlleysantos2489,2026-08-07T01:20:58Z,"Era isso que eu esperava do Bolsonaro, não aceitar ordens ilegais e inconstitucionais como um capacho, queremos um presidente firme e respeitado.",0,2026-08-13
Ugy4Oky7KS6UJeCLGTR4AaABAg,PAiDp7jaZ_Q,Renan Santos,@smithfla8701,2026-08-07T00:33:15Z,Flávio 22,0,2026-08-13
UgxVUPLie08r8ykWw8J4AaABAg,PAiDp7jaZ_Q,Renan Santos,@anacristinamartins4883,2026-08-06T23:51:43Z,🎉🎉🎉🎉🎉🎉🎉,0,2026-08-13
UgyVDCHH9AyqIvvGBdt4AaABAg,PAiDp7jaZ_Q,Renan Santos,@fael1box,2026-08-06T23:49:02Z,"Pra cima galera, vamos espalhar pra família e amigos",1,2026-08-13
UgyT-pFNi1nl9fnkKcR4AaABAg,PAiDp7jaZ_Q,Renan Santos,@AnnynBC1,2026-08-06T23:47:55Z,🫣🫣🫣🐆🐆🐆🐆🐆,0,2026-08-13
UgzHCRU3clOg_eIASt54AaABAg,PAiDp7jaZ_Q,Renan Santos,@AnnynBC1,2026-08-06T23:47:48Z,1️⃣4️⃣✅,1,2026-08-13
UgwVmKuBoBQI5xE6pVh4AaABAg,PAiDp7jaZ_Q,Renan Santos,@AnnynBC1,2026-08-06T23:47:42Z,🇧🇷🇧🇷🇧🇷🇧🇷🇧🇷,0,2026-08-13
UgxAiXadkpg5Ne2CinB4AaABAg,PAiDp7jaZ_Q,Renan Santos,@AnnynBC1,2026-08-06T23:47:37Z,🎉🎉🎉🎉,0,2026-08-13
UgwBuquNrtoRpoc9w4Z4AaABAg,PAiDp7jaZ_Q,Renan Santos,@tonyfarias7696,2026-08-06T23:31:35Z,"Rapaz esse negócio de esquerda e direto, essas ideologia só tá dividindo nossa nação brasileira jogando os brasileiros contra o outro. Com tudo isso os que causam essas discórdias com a população seguem desfrutando em regalias e seguem com esse círculo vicioso sem fim, separamos que o Sr Renan Santos coloque um grande ponto final nessa bagunça que esses vagabundos com cargos de políticos acusaram por todos esses anos no nosso Brasil..🫡🇧🇷",0,2026-08-13
UgzwmMsQ_TGvyghKH6B4AaABAg,PAiDp7jaZ_Q,Renan Santos,@andresilvestre8670,2026-08-06T23:27:46Z,❤️ você é o cara Renan.,0,2026-08-13
UgwwGWgk71jiXcTM4rd4AaABAg,PAiDp7jaZ_Q,Renan Santos,@Fernandacosta-lw9bm,2026-08-06T23:22:25Z,Precisamos de lei e ordem no Brasil. Eu concordo quando ele fala que a democracia não é respeitada. Faz tempo que está muito complicado viver aqui. Eu me sinto uma escrava.,0,2026-08-13
UgzfY5Ht_nayxUddnNx4AaABAg,PAiDp7jaZ_Q,Renan Santos,@kiritohero-kun9829,2026-08-06T23:08:16Z,"O editor foi brabo, parabéns ao partido missão",0,2026-08-13
UgyQWqZuWJ_-mCnAjld4AaABAg,PAiDp7jaZ_Q,Renan Santos,@carvalho1512,2026-08-06T23:07:40Z,Deus te abençoe...,1,2026-08-13
Ugx9daoVher1ES9A9_R4AaABAg,PAiDp7jaZ_Q,Renan Santos,@osvaldosantinon9137,2026-08-06T22:47:10Z,"O congresso e o senado não fazem nada a respeito porque tem o rabo preso no STF,ou seja quem decide as coisas são os togados,ou melhor dizendo,o togado.",0,2026-08-13
UgybephdrX9HR2q1z5t4AaABAg,PAiDp7jaZ_Q,Renan Santos,@Zetsu_yuriato,2026-08-06T22:39:29Z,Up!,1,2026-08-13
UgzL0AqfHPPxkZvtBTl4AaABAg,PAiDp7jaZ_Q,Renan Santos,@ronaldopalamim3097,2026-08-06T22:38:36Z,14.,1,2026-08-13
Ugy7wMWgHAXRu8Bte4x4AaABAg,PAiDp7jaZ_Q,Renan Santos,@SolidGAP,2026-08-06T21:36:37Z,"Lindo, cheiroso marrento e posturado, varios invejoso quer atrasar o meu lado",0,2026-08-13
UgyC4C_cCUEREH81jDx4AaABAg,PAiDp7jaZ_Q,Renan Santos,@alex_lima903,2026-08-06T21:06:40Z,Ordem ilegal jamais!!!!!!!!!Fora Moraes!!!!!!!😤😠😡,0,2026-08-13
Ugyxso0_lGKHpQGOpNp4AaABAg,PAiDp7jaZ_Q,Renan Santos,@edersansil44,2026-08-06T21:05:10Z,"""""""""Ordem ilegal não se cumpre""""""""... Bravo!!!",0,2026-08-13
UgwAjrVhUnnOViwTrfF4AaABAg,PAiDp7jaZ_Q,Renan Santos,@medina_drop,2026-08-06T20:55:21Z,renan 14,1,2026-08-13
UgzajnREhB1MmQKDc_h4AaABAg,PAiDp7jaZ_Q,Renan Santos,@marisolvina815,2026-08-06T20:51:46Z,Missão!,3,2026-08-13
Ugx6gtgocCR_HApMdMJ4AaABAg,PAiDp7jaZ_Q,Renan Santos,@roselandesdasilvadasilva7929,2026-08-06T20:45:51Z,Claro que o Lula aceita o Lula está nas mãos do Alexandre de Moraes está lá como presidente porque o Alexandre de Moraes deu golpe nas urnas,0,2026-08-13
Ugz9D6FSvIaHY4pIS-V4AaABAg,AX-ogor604M,Renan Santos,@mariaaparecidaranzoni1012,2026-08-12T20:08:50Z,RENAN presidente do Brasil ☝️👀🐆,0,2026-08-13
UgxgQyVEllpQIL-r8f54AaABAg,AX-ogor604M,Renan Santos,@GuilhermeGarcia100,2026-08-11T16:58:45Z,Up,0,2026-08-13
Ugw5sQhmddTEM5vSDZJ4AaABAg,AX-ogor604M,Renan Santos,@lucioalvessantos,2026-08-11T11:42:23Z,Certíssimo,0,2026-08-13
Ugy1YJPVCo6LW4_2uTt4AaABAg,AX-ogor604M,Renan Santos,@gabrielkather,2026-08-11T11:36:53Z,DEPOIS DESSA O TICO E O TECO DELAS SAIU DE FERIAS...😅😅😅😅,0,2026-08-13
UgyicDh4wqNnvepSaut4AaABAg,AX-ogor604M,Renan Santos,@harleyclaytoncosta9160,2026-08-11T11:32:09Z,Família é a base de tudo,0,2026-08-13
Ugwh5SN4dWYcXVQIUft4AaABAg,AX-ogor604M,Renan Santos,@roberto.oliveira,2026-08-10T18:07:03Z,Chegamos ao absurdo é que nem explicando o ÓBVIO não conseguem entender.,0,2026-08-13
UgzAVtkhPRsFxKfU0cx4AaABAg,AX-ogor604M,Renan Santos,@cirleisoares6901,2026-08-10T17:39:21Z,"Quanta dramatização, jornalista, nesta pergunta ⁉️😮
Não tente diminuir RENAN SANTOS...
Ele é muito inteligente, mesmo SEM DIPLOMA.
14 A MISSÃO ⚫⚪🟡 🇧🇷 
RENAN SANTOS 👏💯🇧🇷 
🇧🇷💯🇧🇷💯🇧🇷💯🇧🇷💯🇧🇷",0,2026-08-13
UgyDR5P_beT2aBePvRp4AaABAg,AX-ogor604M,Renan Santos,@JOSERENATODASILVAREISREIS,2026-08-10T14:52:34Z,"Ate eu que sou burro entendi oque ele falou,será que ela é mais burra do que eu?",0,2026-08-13
UgzVDJ9osBfP6Npg4jl4AaABAg,AX-ogor604M,Renan Santos,@eltonsoares1643,2026-08-10T11:53:28Z,Engraçado que essas jornalistas taxaram o Renan de machista por conta de falar a verdade sobre as estatísticas da criminalidade e domingo a noite a Globo exibe no Fantástico uma reportagem que só confirmou o que Renan falou na sabatina,0,2026-08-13
UgyiMywhfCaCLl7TiVN4AaABAg,AX-ogor604M,Renan Santos,@EgremaraMartins,2026-08-09T19:39:34Z,"O homem não tomando cachaça, não sendo uma pessoa ignorante e violenta em si ele já é uma pessoa boa e não sendo um traíra .",0,2026-08-13
UgwnIC8EmD7xAbq8XZZ4AaABAg,AX-ogor604M,Renan Santos,@Almeidaclips-w4k,2026-08-09T18:34:36Z,Ele só falou fatos.,0,2026-08-13
UgzJ4N3OKEbLiY3yVxx4AaABAg,AX-ogor604M,Renan Santos,@EnviadosdeYeshua,2026-08-09T15:43:20Z,"Ausência paterna, não só leva a criminalidade, leva a homossexualidade, o mau caratismo e o que ele esta falando é a extremamente verdade. Isso é estatística, psicológico e espiritual!",0,2026-08-13
UgxRpGViZW8Zmy2-w6R4AaABAg,AX-ogor604M,Renan Santos,@joao876batista,2026-08-09T14:18:02Z,Renan Santos14,1,2026-08-13
Ugy1fhJFcOZQ9aaT6vZ4AaABAg,AX-ogor604M,Renan Santos,@dcmarteleto,2026-08-09T13:08:14Z,"Renan, você precisa deixar claro que não está com STF, e sua posição está parecendo ser centro esquerda...se queres meu voto prove o contrário.",0,2026-08-13
Ugzw_YfOygYS4vfk81d4AaABAg,AX-ogor604M,Renan Santos,@icarodejesus5633,2026-08-09T05:30:53Z,Só sei de uma coisa Missão 14 é um futura glorioso,0,2026-08-13
UgyJYMOuNfy1MqxFWUN4AaABAg,AX-ogor604M,Renan Santos,@iara_pimenta,2026-08-09T02:09:57Z,"Perfeito, Renan!",0,2026-08-13
UgzeGCw8zCkVnJacMH54AaABAg,AX-ogor604M,Renan Santos,@marcusviniciusmedeirosdeca3141,2026-08-09T01:17:14Z,"Essas feministas militantes querem segregar e um país pior, diferente de mulheres normais que querem relacionamentos, famílias e direitos iguais e não benefícios. A mídia deveria ser responsabilizada e controlada.",0,2026-08-13
UgwF-X0InImls1Gb6fl4AaABAg,AX-ogor604M,Renan Santos,@ElianaPereira-l6g,2026-08-09T00:02:02Z,Claro que ela não quis entender! Foi claro. E não adianta negar a realidade!,0,2026-08-13
Ugz_fJ8xXlHnOhztLGV4AaABAg,AX-ogor604M,Renan Santos,@Dougmec,2026-08-08T22:36:05Z,Complicado uma sabatina feita por militantes...,0,2026-08-13
UgyaoCAlAvjVcIjnoy54AaABAg,AX-ogor604M,Renan Santos,@sergiotf8,2026-08-08T22:19:44Z,concordo,0,2026-08-13
Ugz4WK5_9jQjNBN2JxZ4AaABAg,AX-ogor604M,Renan Santos,@FranciscaFernandes-f2r2f,2026-08-08T22:16:16Z,É verdade sim lar que não tem pai e mãe ou filho que cresce sem participação do pai é desestruturado,0,2026-08-13
Ugy9_O10gHt-DzulZ8J4AaABAg,AX-ogor604M,Renan Santos,@mlzeraBM,2026-08-08T17:12:08Z,"Jornalista X
Lacraçao ✓",0,2026-08-13
UgwtJwITZF26FSmvqvZ4AaABAg,AX-ogor604M,Renan Santos,@lucaschagas4150,2026-08-08T15:43:48Z,"🐯Ninguém merece nada por ter nascido branco ou preto, homem ou mulher.
os direitos devem ser garantidos pelo simples fato de se um ser humano cidadão e ponto! 
e o Renan, mesmo precisando ganhar o público, ele não está apostando nessa de abraçar as subdivisões ele está querendo por todos como um organismo único e digno dos mesmo direitos e deveres quanto ser humano.
uma coisa básica!🐯",0,2026-08-13
Ugyog4l7x3pZPYZD4fh4AaABAg,AX-ogor604M,Renan Santos,@rodrigotaianemacielfarias6802,2026-08-08T12:54:01Z,"Sinceramente, só  que eles causaram  tudo isto  e agora querem  que alguém  resolva, ate pq se pegar índices  30 a 40 anos atrás  não  era isto, eles com essas políticas  deles  estragou a convivência  de casais  .",0,2026-08-13
UgziEM7xKuAtq4GMxW94AaABAg,AX-ogor604M,Renan Santos,@TheIFerreiraoliveira,2026-08-08T12:53:13Z,Efeito streisand que essa censura faz vei kkkkkkkkk,1,2026-08-13
UgxZzoEgoFwyamnmmzd4AaABAg,AX-ogor604M,Renan Santos,@GeisaColossi,2026-08-08T05:26:35Z,"O Renan está completamente correto! Para a Psicanálise o pai ou figura equivalente, representa a """"""""Lei"""""""". É ele quem corta a simbiose entre a mãe e a criança, ensinando que o indivíduo não é o centro do mundo e que existem regras e o desejo do """"""""Outro"""""""" a serem respeitados. É através dessa interdição que o superego se desenvolve, permitindo o controle dos impulsos. Sem essa referência de autoridade e limite, a criança pode crescer com um superego fragilizado, resultando em dificuldades para acatar ordens ou aceitar hierarquias, como as escolares, e futuramente civis. Essa repórter age de má fé, tentando torcer o discurso do Renan! O Renan está expondo o pensamento de grandes pensadores como Sigmund Freud, Donald Winnicott, Melanie Klein, Anna Freud, Erik Erikson, Jean Piaget, Maria Montessori, Lev Vygotsky, Emilia Ferreiro. Essa repórter, além de má fé ainda revela sua cabal falta de conhecimento sobre a Psicologia do Desenvolvimento!",0,2026-08-13
Ugyj0NdGQzwaMl49idN4AaABAg,AX-ogor604M,Renan Santos,@ViniiciusGamba,2026-08-08T03:50:04Z,Eu concordo,0,2026-08-13
Ugyrh37xGMR7FVzQzId4AaABAg,AX-ogor604M,Renan Santos,@AdemilsonFreitas-n7d,2026-08-08T00:46:49Z,A falta de capacidade cognitiva me assusta.,0,2026-08-13
UgwJ7d9RzZukPnBFTVt4AaABAg,AX-ogor604M,Renan Santos,@joaoneto_Missao14,2026-08-08T00:46:20Z,"Renan Santos presidente
Vamos mudar o Brasil",0,2026-08-13
UgyUrPcD0vZHlI1AYld4AaABAg,AX-ogor604M,Renan Santos,@moisesespiritosanto2195,2026-08-07T23:25:34Z,EXACTLY 😡👏,0,2026-08-13
UgwlJzuR5EGdp_jiQ6p4AaABAg,AX-ogor604M,Renan Santos,@isaiassrdg,2026-08-07T23:02:34Z,"Você está certo. Pra cima, Renan!",0,2026-08-13
Ugy3dtdaytVlY25mdWx4AaABAg,AX-ogor604M,Renan Santos,@irisvaniasilva4762,2026-08-07T22:17:26Z,"E quando o pai quer está próximo aos filhos , as ex donzela não permite e coloca logo uma falsa medida protetiva",0,2026-08-13
UgyVXBgxYNYONgG3_sl4AaABAg,AX-ogor604M,Renan Santos,@LiaVal845,2026-08-07T21:29:19Z,"Elas se fazendo de desentendidas , Grobo 😠🤔🙄",0,2026-08-13
UgxnkrKA9qZFfXWiQ_14AaABAg,AX-ogor604M,Renan Santos,@DailyMBL,2026-08-07T21:29:04Z,Globo levantando a bola pro Renan cortar,1,2026-08-13
Ugw02pXVAJHkgqZFYHN4AaABAg,AX-ogor604M,Renan Santos,@plus.quamperfectum,2026-08-07T18:25:50Z,"O cara fala: """"""""a ausência do pai cria filhos homens desestruturados.""""""""
A moça entende: """"""""é culpa da mãe? É que da impressão na sua fala que a culpa é da mãe""""""""
Porr4 man kkkkkkkkkkkk",0,2026-08-13
UgwVyRx2w284ocbbjCJ4AaABAg,AX-ogor604M,Renan Santos,@plus.quamperfectum,2026-08-07T18:22:15Z,"Mano, o tanto que o renan teve que explicar a mesma coisa e repetir pra no final a moça perguntar o que ele tinha acabado de explicar.... foi uma entrevista feia pros ouvidos, elas interrompiam toda hora.",0,2026-08-13
UgxTlgmvyVECzMiD7XV4AaABAg,AX-ogor604M,Renan Santos,@BolanoFato,2026-08-07T18:14:50Z,Na cara não pra não estragar o velório,0,2026-08-13
UgznZO7_vN4LXBPHQ654AaABAg,AX-ogor604M,Renan Santos,@edermunhoz8740,2026-08-07T17:21:50Z,qual a dificuldade em entender que uma mão pobre sozinha não vai ter tempo trabalhar e cuidar dessa criança que por sua vez se torna um jovem e acaba no crime de diversas modalidade e muito simples o que ele esta explicando uma família com pai e mãe tem muito mais chances de ter pessoas melhores... esquerda doente.,0,2026-08-13
UgyGl_spFmL9Qxv1OCR4AaABAg,AX-ogor604M,Renan Santos,@corvenhow8621,2026-08-07T16:24:17Z,"Globolixo querendo montar o caos tentando reverter um discurso com dados reais, aiai, melhora os repórteres aí globolixo, coloque alguém responsável de verdade, pq essas aí passaram vergonha! 🤦",0,2026-08-13
UgzFzfkR1CTvpF3DlLR4AaABAg,AX-ogor604M,Renan Santos,@salenkobezerra,2026-08-07T16:12:18Z,"Só falta tu apoiar a ZFM. Só assim tu ganha . 

Fora isso , esquece ! Compactuo com suas ideias , mas vc já declarou que é contra a ZFM, perdeu meu voto !",0,2026-08-13
UgxCy_8JXFTGy_6NDX94AaABAg,AX-ogor604M,Renan Santos,@LucasSilva-qg1tq,2026-08-07T15:44:18Z,"Fui criado sem Pai, mas Graças a Deus eu não entrei pra estatísticas, dito isso; AVANTE MISSÃO, O FUTURO SERÁ GLORIOSO... 14🟨⬜⬛",1,2026-08-13
UgzpmffsL8zZIcSKWld4AaABAg,AX-ogor604M,Renan Santos,@sdesuper,2026-08-07T13:55:13Z,"Quanta desonestidade. Será que também haverá essa afronta com outros candidatos? Porque ficou nítido que esse pessoal vêem o Renan não como condidato, mas como inimigo.",0,2026-08-13
UgwoGg5md6WNKePe9sh4AaABAg,AX-ogor604M,Renan Santos,@zulenelima3158,2026-08-07T13:32:30Z,Essa mulher é lesada meu Deus distorce tudo,0,2026-08-13
UgwJT1GUUpPWgDiQhKB4AaABAg,AX-ogor604M,Renan Santos,@CJPozzi,2026-08-07T13:07:57Z,👏🏻👏🏻👏🏻👏🏻👏🏻👏🏻👏🏻💪🏻🇧🇷,0,2026-08-13
Ugxls_218xA4Rj8uHdF4AaABAg,AX-ogor604M,Renan Santos,@Gilsondosreis-k3w,2026-08-07T12:34:20Z,Se ele prometesse engordar a lei Rouanet e afins elas entenderiam perfeitamente,0,2026-08-13
Ugx12a53Het58-yIvWN4AaABAg,AX-ogor604M,Renan Santos,@jaquelinenascimento5352,2026-08-07T11:56:03Z,"Concordo com 100% das palavras do Renan. Sou mãe solo e sei o quanto é difícil educar, criar e passar valores para eu menino. 👏🏼👏🏼",0,2026-08-13
UgyrA-Nsc2_P4_r6zJF4AaABAg,AX-ogor604M,Renan Santos,@tacitogabriel4963,2026-08-07T11:39:03Z,14,1,2026-08-13
UgzEgwiNTaZf3cuPLHZ4AaABAg,AX-ogor604M,Renan Santos,@AgripinoSilvaResende,2026-08-07T10:38:37Z,Porque borrou a imagem da repórter?,0,2026-08-13
UgxRWWMZyS3_USKIB3x4AaABAg,AX-ogor604M,Renan Santos,@Luiz_C._Wolf,2026-08-07T10:32:15Z,Concordo,0,2026-08-13
Ugzwjdf1SEhe6MFMf-h4AaABAg,AX-ogor604M,Renan Santos,@Duarte_mm,2026-08-07T09:49:03Z,"Eu sabia que o Renan ia seguir o nosso Conselho pra borrar as imagens!! 😂😂👏👏
A gente é esperto também!!",2,2026-08-13
UgwlVnneqm2GTXNIeIx4AaABAg,ldc6vLEr2Sg,Renan Santos,@chamadoiro,2026-08-12T12:10:01Z,"Verdadeiro outsider da podríssima política brasileira, podre e literalmente promíscua. Meu voto será em você e só espero que você seja apenas mais um, que entre e se deixe corromper pelo sistema.",0,2026-08-13
UgwlB1mpu15n2zqZoMB4AaABAg,ldc6vLEr2Sg,Renan Santos,@Rj.Pantoja,2026-08-12T11:52:25Z,"Que absurdo, caraca. Eu só vi uma presepada dessas na época do doutor Enéias 😂",1,2026-08-13
UgzBCRVggGK77X01lBB4AaABAg,ldc6vLEr2Sg,Renan Santos,@marconunes3191,2026-08-12T11:18:41Z,"As bruxas da Globo News tentaram, mas o futuro SERA Glorioso!!!!",0,2026-08-13
UgzWcLEa59Dd1-iXrl14AaABAg,ldc6vLEr2Sg,Renan Santos,@al_qaeda_og,2026-08-11T20:22:22Z,"Primeiramente, um bom dia a todos... ❤",0,2026-08-13
UgxPdsG9b_WwH6wP6zV4AaABAg,ldc6vLEr2Sg,Renan Santos,@felcacortes77777,2026-08-11T19:28:44Z,Te engoliu. Isso sim,0,2026-08-13
UgxejP9tzZZdchou6sF4AaABAg,ldc6vLEr2Sg,Renan Santos,@evaldosilva7098,2026-08-11T16:57:41Z,"Vamos pra cima Renan. 14 🐯 MISSÃO, O FUTURO É GLORIOSO!",0,2026-08-13
Ugyjx3LFH7hyynJO4cd4AaABAg,ldc6vLEr2Sg,Renan Santos,@neemiasneves570,2026-08-11T16:32:39Z,"Seu desempenho foi fraco em relação ao que já apresentou, uns dos lemas do movimento e que o mbl se esforçar mais, estuda mais etc... Nunca se esqueça """" a soberba precede a queda""""",0,2026-08-13
Ugzww8P0qHHP4c9YwyJ4AaABAg,ldc6vLEr2Sg,Renan Santos,@luanferreirarosas,2026-08-10T18:17:45Z,Votar em você irmão porque você tem cara de maluco. Kkkkkk,0,2026-08-13
Ugyeg4CU3swpRvb1o4F4AaABAg,ldc6vLEr2Sg,Renan Santos,@ricardonsouza,2026-08-10T15:36:40Z,Seja sincero conosco. Ficou com medo daquelas repórteres te atacarem? Elas têm ódio de você... Kkkk,0,2026-08-13
UgzdLHchA0NYjS1chhB4AaABAg,ldc6vLEr2Sg,Renan Santos,@elindsonsantos9026,2026-08-10T10:12:25Z,"A diferença nas visualizações é abusada, em relação aos outros candidatos entrevistados. Avante 1️⃣4️⃣✅💪🏻",0,2026-08-13
UgzksO4N1Di6s1FFgkZ4AaABAg,ldc6vLEr2Sg,Renan Santos,@marlenesousa4520,2026-08-10T02:35:29Z,O futuro é glorioso,0,2026-08-13
UgwekUNoz-V0O1_Lthp4AaABAg,ldc6vLEr2Sg,Renan Santos,@rafaelabadedemoraisabade8093,2026-08-09T22:29:50Z,Você foi muito mal na sabatina.,0,2026-08-13
UgzROL1Sj2HHgFWGxqN4AaABAg,ldc6vLEr2Sg,Renan Santos,@True_AceZx,2026-08-09T14:35:23Z,"Para de passar pano, isso não seria choramingar.",0,2026-08-13
UgxUk2SkHEndGb3hS4R4AaABAg,ldc6vLEr2Sg,Renan Santos,@belabassoli845,2026-08-09T13:29:20Z,"Renan foque em 2030.
Hoje é Flávio .",0,2026-08-13
Ugzu9HEXGzL27-iH6ZF4AaABAg,ldc6vLEr2Sg,Renan Santos,@srfreitasmatematica,2026-08-09T09:47:46Z,Foi ótimo! Curti demais!,0,2026-08-13
Ugw_zN46TEsWRvIDM154AaABAg,ldc6vLEr2Sg,Renan Santos,@marcusroberto2024,2026-08-09T06:26:00Z,Nunca falei que eu era perfeito diz ele mkk,0,2026-08-13
UgwdsJZcHIbd1eyUIYt4AaABAg,ldc6vLEr2Sg,Renan Santos,@amina541106,2026-08-09T01:46:40Z,Globo 😂,0,2026-08-13
UgxyG5Tc176SM_6cfB54AaABAg,ldc6vLEr2Sg,Renan Santos,@caiogranato8029,2026-08-09T00:34:05Z,Horrivel esse noia,0,2026-08-13
Ugxx4d6WbivBmyqYh6t4AaABAg,ldc6vLEr2Sg,Renan Santos,@brancaneves5622,2026-08-08T23:04:17Z,Assinou contrato e está achando ruim ter de cumprir o contrato?!,0,2026-08-13
UgyCCd6w208uLUUidfp4AaABAg,ldc6vLEr2Sg,Renan Santos,@wellingtonaugusto6072,2026-08-08T21:49:23Z,"Tmj. Ah, esqueci, O FUTURO É GLORIOSO!!!",0,2026-08-13
UgxnzEO-LrKMyosbpCh4AaABAg,ldc6vLEr2Sg,Renan Santos,@t.cristinajesus9994,2026-08-08T15:26:55Z,"Essa é a última eleição que sou obrigada a votar. Odeio Lula. Votei no Bolsonaro e me decepcionei.
O Brasil precisa de pessoas jovens com novas ideias e ideais. Quero um país melhor para meu filho que tem sua idade e pensa em sair do Brasil pq aqui quem trabalha é esfolado dia a dia com impostos cada vez mais altos.
Vi suas propostas e gostei. 
Você e seu grupo tem minha confiança e voto.",0,2026-08-13
UgyehAGDW5LO3W-YxU54AaABAg,ldc6vLEr2Sg,Renan Santos,@t.cristinajesus9994,2026-08-08T15:06:36Z,Vou votar em vc. Sou idosa e espero não me decepcionar. Sou eleitora do Kim,0,2026-08-13
UgxiDknuwtV3BaZn7np4AaABAg,ldc6vLEr2Sg,Renan Santos,@AdemilsonFreitas-n7d,2026-08-08T12:19:44Z,"Se elas tivessem um pouquinho mais de raciocínio lógico teria fluido mais, mas que dificuldade em entender umas coisas simples.",0,2026-08-13
UgxktUNrDa0Z7628a6N4AaABAg,ldc6vLEr2Sg,Renan Santos,@patriciaalvesafonso7264,2026-08-08T11:40:10Z,"Renan chama o Cleitinho ser governador de minas pelo seu partido, ele é um político honesto, vc tem q trazer pro seu partido esses políticos q já tem capital político e tem propósitos como o seu… vou ficar feliz e orgulhosa de vc se fizer isso",0,2026-08-13
UgyPEsb3rBWQHS8a2SB4AaABAg,ldc6vLEr2Sg,Renan Santos,@gerciellima3178,2026-08-08T01:19:21Z,"Assusti Zema e Caiado hoje. Só decepção. Renan melhor candidato até o momento, não só porque é mais articulado que os demais mas porque nao foge de pergunta, não trava na resposta e traz solução objetiva para as questões apresentadas.",0,2026-08-13
UgwOQigC5y8O1n4VnzB4AaABAg,ldc6vLEr2Sg,Renan Santos,@langaroeng,2026-08-07T23:22:23Z,"Globo News fazendo cobertura descente? Vai lá tucaninho do Doria, mostra tua verdadeira face.",0,2026-08-13
UgyZxrYNe10DmMrecqd4AaABAg,ldc6vLEr2Sg,Renan Santos,@andregpc83,2026-08-07T22:41:19Z,"Vamooooo, meu presidente",0,2026-08-13
Ugy7rnq3y6I_d80oBjR4AaABAg,ldc6vLEr2Sg,Renan Santos,@vagneroliveira353,2026-08-07T22:40:04Z,Você vai fazer cortes SIM,0,2026-08-13
Ugyp9UmOO3RwIVfNcNx4AaABAg,ldc6vLEr2Sg,Renan Santos,@vanrocha4462,2026-08-07T21:42:20Z,"VC é o melhor! O futuro será glorioso!
Parabéns, VC foi fantástico 👏👏👏👏❤️😘",0,2026-08-13
UgxKlt_PjZ9POhhT-Rt4AaABAg,ldc6vLEr2Sg,Renan Santos,@DiegoMiranda1982,2026-08-07T20:15:48Z,Assistindo.,0,2026-08-13
Ugwg8j0jSuAVfJs3W7B4AaABAg,ldc6vLEr2Sg,Renan Santos,@martajrt,2026-08-07T19:53:46Z,"Para mim foi cansativo assistir, e pensei que para o Renan deve ter sido mais cansativo responder.",0,2026-08-13
UgyxGGGppgTq-Jexp7N4AaABAg,ldc6vLEr2Sg,Renan Santos,@ifacilita,2026-08-07T18:58:19Z,Sou de esquerda e vou votar em vc 😅,0,2026-08-13
UgzrGsnJ0mF1fT8uuc54AaABAg,ldc6vLEr2Sg,Renan Santos,@ifacilita,2026-08-07T18:57:40Z,Boa,0,2026-08-13
UgzJLZNSMOLFYy3Gy694AaABAg,ldc6vLEr2Sg,Renan Santos,@josefreitasfilho5599,2026-08-07T17:30:27Z,Coisa mais chata do mundo é ficar chorando e reclamando. E corte é chato tb.,0,2026-08-13
UgwXA568W1NDHohWxlV4AaABAg,ldc6vLEr2Sg,Renan Santos,@NeusaMaria-k3x,2026-08-07T16:31:29Z,O futuro é glorioso,0,2026-08-13
UgwsC_iUbKmrqdOxNpx4AaABAg,ldc6vLEr2Sg,Renan Santos,@rafaelayala2984,2026-08-07T16:23:24Z,"Força Renan!
Pode melhorar o discurso sobre Nao cumprir decisões monografias ILEGAIS, pq os cortes do G1 coloca como se nao fosse cumprir decisões monocratica lato senso.",0,2026-08-13
UgxVf0xLaUQ1nz6HP6J4AaABAg,ldc6vLEr2Sg,Renan Santos,@salenkobezerra,2026-08-07T16:12:35Z,"Só falta tu apoiar a ZFM. Só assim tu ganha . 

Fora isso , esquece ! Compactuo com suas ideias , mas vc já declarou que é contra a ZFM, perdeu meu voto !",0,2026-08-13
UgwmVpF7e1m8a5QnAf14AaABAg,ldc6vLEr2Sg,Renan Santos,@gustavobizelli9532,2026-08-07T16:05:09Z,"Conheci o Renan nessa entrevista, antes só conhecia de nome, vou prestar mais atenção, torço para que ele encontre palavras mais suaves para ALGUNS temas, é ruim ouvir vamos matar, mesmo que sejam criminosos, fora isso fiquei animado",0,2026-08-13
UgwfOLoLKfTqlOCbgqt4AaABAg,ldc6vLEr2Sg,Renan Santos,@marcioalexandre7610,2026-08-07T14:46:56Z,"Esse menino não será presidente.
Mas se fosse, não faria nem 5% do que fala.",0,2026-08-13
UgyBq3mwguOQn0HTsBt4AaABAg,ldc6vLEr2Sg,Renan Santos,@LucasLoffyFerreira,2026-08-07T14:35:18Z,😮,0,2026-08-13
UgwRkYQupeeIoKDET3N4AaABAg,ldc6vLEr2Sg,Renan Santos,@MariaAmelia-o2z,2026-08-07T14:03:45Z,"Bom Nao, ÓTIMO,  EXCELENTE!!!! PARABÉNS RENAN!!!!!",0,2026-08-13
UgwfLHjwAXNahUP06GV4AaABAg,ldc6vLEr2Sg,Renan Santos,@PauloRicardo-je7nk,2026-08-07T13:10:09Z,Tomara que vc não seja mais uma decepção ..,0,2026-08-13
UgyP6QFOKkxkFdA8K8Z4AaABAg,ldc6vLEr2Sg,Renan Santos,@rafaelkt,2026-08-07T12:11:19Z,Boraaa,0,2026-08-13
UgxyMA2lWqkSbL4pNbN4AaABAg,ldc6vLEr2Sg,Renan Santos,@amonjessen7961,2026-08-07T11:58:45Z,Sucesso!!!!,0,2026-08-13
UgzV36TSEMt269hpvz94AaABAg,ldc6vLEr2Sg,Renan Santos,@FranciscaFernandes-f2r2f,2026-08-07T10:58:54Z,"Eu vou votar no Renan pela manhã, eu vou votar no 14......  🎷🎸👏🏼👏🏼👏🏼 Arrasou, não se deixou intimidar, muito bom 👏🏼",0,2026-08-13
UgxOhU-ds3p3a4r97pZ4AaABAg,ldc6vLEr2Sg,Renan Santos,@flaviogo7,2026-08-07T06:21:35Z,AVANTE,0,2026-08-13
UgwLzfMsSkwgLxQdOSF4AaABAg,ldc6vLEr2Sg,Renan Santos,@Arlequina22,2026-08-07T05:50:25Z,"Quando a inteligência está presente, o ataque fica evidente!",0,2026-08-13
UgzHKklCTMsQvEnij6x4AaABAg,ldc6vLEr2Sg,Renan Santos,@paulocesarraymundoferreira8770,2026-08-07T05:45:04Z,"""""Eu, Carioca da Gema, Direitista, Conservador, 62 anos, vou votar, aliás faço campanha para eleger o Paulistano, Direitista, Liberal, 42 anos, RENAN SANTOS!!!""""",0,2026-08-13
UgwVH4owhNU6utaHdcJ4AaABAg,ldc6vLEr2Sg,Renan Santos,@pedrohenriquebentesnogueir6233,2026-08-07T04:50:44Z,14,0,2026-08-13
UgxsOXrQGjje2T52w054AaABAg,ldc6vLEr2Sg,Renan Santos,@paidaluluu,2026-08-07T04:25:08Z,"Muito bom Renan Santos 14 presidente 
Já tem meu voto e da minha família",0,2026-08-13
UgzB3kWEDGo-tSKCMY54AaABAg,5RewWBkZjyU,Renan Santos,@SobreviventeRacional,2026-08-12T17:47:23Z,Sem privilégios. Lei e ordem para todos.,0,2026-08-13
UgwaFp6PHlekSrQ95JB4AaABAg,5RewWBkZjyU,Renan Santos,@EgremaraMartins,2026-08-11T19:42:26Z,"Está semana conversei com minha amiga que também é uma mulher negra e não é mestiça é negra mesmo . Ela disse :"""" O presidente precisa governa para todos ."""" A constituição precisa valer na vida de todos os brasileiros seja a de 1888 ou uma nova constituição como sugere o Kim Kataguiri.",0,2026-08-13
Ugw6sD2E2Ef9cHdZgOl4AaABAg,5RewWBkZjyU,Renan Santos,@joozorio3746,2026-08-11T19:01:34Z,"Isso Renan, resposta direta e necessária o Brasil precisa de lei e ordem para todos os brasileiros",0,2026-08-13
UgxCjc630D4_R40quLp4AaABAg,5RewWBkZjyU,Renan Santos,@wellingtonlopes2435,2026-08-11T18:17:17Z,Avante missão,0,2026-08-13
UgyQIRgTkafcefzpJeR4AaABAg,5RewWBkZjyU,Renan Santos,@lucioalvessantos,2026-08-11T11:46:11Z,Todos são iguais perante a lei sem segmentarismo.,0,2026-08-13
UgySnJIeovwj8m8G5WN4AaABAg,5RewWBkZjyU,Renan Santos,@VilmaraAmaral,2026-08-11T01:58:57Z,👏🏼👏🏼👏🏼👏🏼👏🏼👏🏼❤️❤️❤️,1,2026-08-13
UgxEsJ4i1fC-RZlat3h4AaABAg,5RewWBkZjyU,Renan Santos,@gunterlessi5260,2026-08-10T19:38:22Z,RENAN 14.....SEM DÚVIDA,0,2026-08-13
UgzBdK9lehf6pPx8A754AaABAg,5RewWBkZjyU,Renan Santos,@srtafofurinha,2026-08-10T18:04:09Z,14!,0,2026-08-13
Ugx4QlQJDLl_Fqb_22p4AaABAg,5RewWBkZjyU,Renan Santos,@cirleisoares6901,2026-08-10T16:17:51Z,"👏👏 RENAN SANTOS 🇧🇷 
🇧🇷💯🇧🇷💯🇧🇷💯🇧🇷💯🇧🇷",0,2026-08-13
Ugw3yy7oR8XcIfeWNTl4AaABAg,5RewWBkZjyU,Renan Santos,@hahayshit,2026-08-10T16:13:13Z,Nossa única esperança vamos em peso votar em você,0,2026-08-13
UgyWV5T3oziUlnU2pVp4AaABAg,5RewWBkZjyU,Renan Santos,@cristianvargas2907,2026-08-10T12:25:21Z,"Ese es el discurso que invento la izquierda y que dividió familias y países, que según ellos es que los presidentes qué no hacen parte del discusión de ellos son gobernantes de algunos y no de todos... pasa aqui en brasil, acabo de pasar en colombia, pasa en argentina, venezuela y en todo lugar donde la izquierda ha podido haber daño... por favor hay que salir de esa gente que solo sabe generar odio y colocar gobernantes serios qué se importen con nosotros y no con empoderarse del poder y enriquecer sus bolsillos dejando el pueblo más pobre y miserable",0,2026-08-13
UgxaBVcpFNHodt-Eev54AaABAg,5RewWBkZjyU,Renan Santos,@MaurícioB612,2026-08-10T12:14:04Z,"Sem privilégios para alguns, todos são iguais, até mesmo os mais insanos como petistas e psolistas. A pena tem que ser dura pra qualquer tipo de crime, não importa se a pessoa é azul, branca, rosa, verde, preta, amarela, cinza, roxa, não importa!",0,2026-08-13
Ugx9lVgto6-p1W3rUe54AaABAg,5RewWBkZjyU,Renan Santos,@XQuaseNadaX,2026-08-10T10:38:40Z,14,0,2026-08-13
Ugwzrxxk5ol_L5rkRR54AaABAg,5RewWBkZjyU,Renan Santos,@mayconms27,2026-08-10T02:12:08Z,Muito bom! 👏👏👏,0,2026-08-13
UgyleU93LQyIa4h7i0F4AaABAg,5RewWBkZjyU,Renan Santos,@luizborges5936,2026-08-09T21:28:38Z,O FUTURO É GLORIOSO,0,2026-08-13
UgzljPArgn4wWBqIg5Z4AaABAg,5RewWBkZjyU,Renan Santos,@GeisaColossi,2026-08-09T20:37:30Z,"""""LEI E ORDEM PARA TODOS!""""🎉🎉🎉🎉🎉🎉🎉🎉🎉🎉🎉🎉🎉🎉🎉🎉🎉🎉🎉🎉",0,2026-08-13
UgxftfOrduqdfcjpILl4AaABAg,5RewWBkZjyU,Renan Santos,@wellingtonviniciuscaetanod7277,2026-08-09T16:24:52Z,Hj é lacração e desordem,0,2026-08-13
Ugx2oyO30pVfrzXFjJV4AaABAg,5RewWBkZjyU,Renan Santos,@rutequeiroz6319,2026-08-09T15:53:00Z,"Pena que metade da população nem entendem o que ele fala. Nao falou de bilsa família, pq toda palta p esses portadores de menos inteligência se resume em .... bolsa miséria. O ladrão aprendeu isso.",0,2026-08-13
UgyTdFRQfEOVm0Xk2o94AaABAg,5RewWBkZjyU,Renan Santos,@felipejhonatan9330,2026-08-09T15:10:30Z,👏🏻👏🏻👏🏻,2,2026-08-13
UgzLRz7erUjwXfxgaa54AaABAg,5RewWBkZjyU,Renan Santos,@gregoriopereira790,2026-08-09T11:59:02Z,Dali Renan Santos,0,2026-08-13
Ugwg-0zcb-ZlYLEaMWt4AaABAg,5RewWBkZjyU,Renan Santos,@FofurasRelaxantes,2026-08-09T10:54:29Z,"Esses gays querem uma lei própria pra quem eles acham que são minorias. Se todos sem exceção estão sendo respeitados, ninguém será desrespeitado, essa é a lógica.  Agora, importar pautas identitárias da cultura woke dos EUA só para tentar lacrar aqui no Brasil! Nem pensar",0,2026-08-13
UgzNUoisi5p0mK2U4Xh4AaABAg,5RewWBkZjyU,Renan Santos,@carolina387,2026-08-09T06:58:53Z,Precisamos de lei e ordem,0,2026-08-13
UgxRLlbnBTC80ABqMNt4AaABAg,5RewWBkZjyU,Renan Santos,@ArnaldoMatoso,2026-08-09T03:01:41Z,Sem favorável lei para todos iguais,0,2026-08-13
UgwBTnJ9s6eeJVETkBd4AaABAg,5RewWBkZjyU,Renan Santos,@christianjr4693,2026-08-09T01:27:12Z,"menos, faccionados",0,2026-08-13
UgxncZrBdrtKh4whgkt4AaABAg,5RewWBkZjyU,Renan Santos,@Headlinerguitars,2026-08-09T00:11:55Z,Based,0,2026-08-13
UgzaZqvCehwJbvGmTNF4AaABAg,5RewWBkZjyU,Renan Santos,@leandromedeiros336,2026-08-08T20:51:18Z,14,0,2026-08-13
UgxKLwparc7x2Yf0vmh4AaABAg,5RewWBkZjyU,Renan Santos,@superart242,2026-08-08T16:14:58Z,Governo para todos e não para todes,1,2026-08-13
Ugx8izGuY7e6XwGutvt4AaABAg,5RewWBkZjyU,Renan Santos,@hudsonfonseca327,2026-08-08T11:13:26Z,Pela voz eu imaginei a Skin,0,2026-08-13
Ugw7yaclPMuYzZkJ4494AaABAg,5RewWBkZjyU,Renan Santos,@gabriel_zeny,2026-08-08T09:30:01Z,Ordem e progresso,0,2026-08-13
UgwJowIJ0cVnivg_Nvh4AaABAg,5RewWBkZjyU,Renan Santos,@andrefigueiredo676,2026-08-08T02:54:40Z,Como é bom ver alguém sensato falando que realmente importa sem demagogia... Gente vamos eleger Renan. 14,0,2026-08-13
Ugxw9YhF1edozILtM0h4AaABAg,5RewWBkZjyU,Renan Santos,@augustseide,2026-08-07T23:44:14Z,O futuro precisa ser GLORIOSO 1️⃣4️⃣🇧🇷🇧🇷🇧🇷✅,0,2026-08-13
UgwVIsbr5z-rqEp1SxN4AaABAg,5RewWBkZjyU,Renan Santos,@Fabrikoindústriamoveleira,2026-08-07T23:25:33Z,Eu vou votar nele!!!,0,2026-08-13
UgxhnEwYWXzxTD0AjUF4AaABAg,5RewWBkZjyU,Renan Santos,@Visualizandoasdf,2026-08-07T23:23:44Z,Seria melhor nem citar para não dar moral.,0,2026-08-13
Ugwe1a3fHwqQ7Ee_IW94AaABAg,5RewWBkZjyU,Renan Santos,@V_Teorias,2026-08-07T21:18:52Z,"Concordo, não é questão de com quem você fode entre 4 paredes que você tem o direito de ter mais vantagens em um processo jurídico... E também independente de sua cor de pele... Justíssimo LEI E ORDEM nessa porra.",0,2026-08-13
UgwYhPFxE_-GJx0OYr14AaABAg,5RewWBkZjyU,Renan Santos,@waltermeyerjr2926,2026-08-07T20:59:50Z,Brasil justo Renan Presidente,1,2026-08-13
UgzJssGfq5KVGAONnDp4AaABAg,5RewWBkZjyU,Renan Santos,@robcult,2026-08-07T20:20:15Z,Onde que vota nesse cara?,0,2026-08-13
UgzIUrjh9qP4fqap21d4AaABAg,5RewWBkZjyU,Renan Santos,@brunoduarte9968,2026-08-07T19:45:52Z,O homi é bão! ⬜️🟨⬛️,0,2026-08-13
UgzB09fbx2tzSSvUOjx4AaABAg,5RewWBkZjyU,Renan Santos,@josealvesdasilvafilho2123,2026-08-07T18:31:10Z,"Avanti Renan!!!!
Revogue a nova reforma tributária.",0,2026-08-13
UgzTqPNbKeubNF9YsFV4AaABAg,5RewWBkZjyU,Renan Santos,@ForçaMissão,2026-08-07T17:44:47Z,RENAN SANTOS PRESIDENTE!!! 14⬛⬜🟨,0,2026-08-13
UgyN_xviHtJtrfOD4Wl4AaABAg,5RewWBkZjyU,Renan Santos,@mblmissão.cortes,2026-08-07T17:08:56Z,"Renan 14, segue agente e dar uma força.",0,2026-08-13
UgygdfjFE0Zwegq-vjR4AaABAg,5RewWBkZjyU,Renan Santos,@hojeepapode,2026-08-07T14:51:00Z,"Não é à toa que o Renan é Paulistano, o cara é poukas kkkk",1,2026-08-13
Ugxw2u6QBk5mu3DNMcV4AaABAg,5RewWBkZjyU,Renan Santos,@RONECLEITONRONI,2026-08-07T13:37:19Z,Esse e o único que pode mudar esse país,1,2026-08-13
Ugw-ktKnONoUo2cZaid4AaABAg,5RewWBkZjyU,Renan Santos,@infaaaame,2026-08-07T11:20:45Z,"Por algum momento eu imaginei este discurso com a trilha sonora clássica de god of war, e teria ficado incrível....",2,2026-08-13
Ugw-ktKnONoUo2cZaid4AaABAg.A_CfdGP5IUvA_FJIvW4TyT,5RewWBkZjyU,Renan Santos,@The_Power_Guido_85,2026-08-08T11:54:35Z,"Pega, fyi sksksk",0,2026-08-13
UgyH0JJFATIbS1clPN14AaABAg,5RewWBkZjyU,Renan Santos,@MasterChief_H_117,2026-08-07T10:52:40Z,Exatamente o que tem que acontecer. Não existe ninguém maior que o outro e é isso que corrige essa aberração que está se criando em volta de alguns poucos aproveitadores por ser isso ou aquilo.,0,2026-08-13
UgxZTlNAjcIBN5G-s0N4AaABAg,5RewWBkZjyU,Renan Santos,@brunobessadasilva5502,2026-08-07T10:26:33Z,"Meu deus, um discurso tão bonito para pessoas ignorantes e medíocres.
Quando os fatos não mostram que a violência é para todo mundo",0,2026-08-13
UgzTDSuJeDxqUXQiu4J4AaABAg,5RewWBkZjyU,Renan Santos,@samuelsouza-o8o,2026-08-07T08:43:58Z,Isso aí,0,2026-08-13
Ugybs_W_M46OYqqjBnF4AaABAg,5RewWBkZjyU,Renan Santos,@og.MaisD1000,2026-08-07T04:02:52Z,Se as leis fossem mais diretas ao ponto muitas das covardias que acontece nesse país não iria existir,0,2026-08-13
UgzWMmoyQKv4qZwZYn94AaABAg,5RewWBkZjyU,Renan Santos,@alexandrenunes566,2026-08-07T03:56:04Z,Renan tem resposta pra tudo 🤔,0,2026-08-13
Ugwst5hdisgy9-Jkg7N4AaABAg,5RewWBkZjyU,Renan Santos,@SamuelRawick-o7s,2026-08-07T03:37:29Z,Ele tem espírito,0,2026-08-13
UgwtPTLWDlXG4lJHAsd4AaABAg,goHA5U1PaNQ,Renan Santos,@jessicavedety,2026-08-13T15:46:24Z,14,0,2026-08-13
UgwlWz-GE--RrX2MOSp4AaABAg,goHA5U1PaNQ,Renan Santos,@maizaferreira5217,2026-08-12T20:21:26Z,"Missão, missão, missão 👏🏽👏🏽👏🏽👏🏽👏🏽",0,2026-08-13
Ugyqb5RU1fW49D_RaLt4AaABAg,goHA5U1PaNQ,Renan Santos,@franciscowagnermartinsdona2902,2026-08-12T18:22:16Z,"A hora é essa Brasil. 
Renan Santos para Presidente. 
Sou do RJ.",0,2026-08-13
UgzM5LuyXr9Lrqs1rAx4AaABAg,goHA5U1PaNQ,Renan Santos,@neymelo5968,2026-08-12T13:48:24Z,Vamos lá brasil,0,2026-08-13
UgyH7NxV407qq0sMWcN4AaABAg,goHA5U1PaNQ,Renan Santos,@UmhomendeDeus,2026-08-12T12:43:46Z,Puta merda que discurso FODA!,0,2026-08-13
UgyogH20LnG5XTbJo4x4AaABAg,goHA5U1PaNQ,Renan Santos,@AntônioCarlos-e3u2l,2026-08-12T12:20:55Z,Acorda Brasil!  Vamos fazer a nossa parte!,0,2026-08-13
UgzPl7__hBRWN5hchPp4AaABAg,goHA5U1PaNQ,Renan Santos,@Eduardo-e1y7m,2026-08-12T11:28:19Z,"Estou com uma boa impressão tua, mas, fico inseguro quando você insiste em falar do Bolsonaro.",0,2026-08-13
Ugx56nYDQwqyQsOtltN4AaABAg,goHA5U1PaNQ,Renan Santos,@alvaroribeiro369,2026-08-12T09:14:18Z,O futuro é glorioso!! 🇧🇷,0,2026-08-13
UgyMfJoQkoTW4L6n8gp4AaABAg,goHA5U1PaNQ,Renan Santos,@nathanalvesss,2026-08-12T09:04:08Z,1️⃣4️⃣🇧🇷,1,2026-08-13
Ugx3wBrSpXCJODPWG4J4AaABAg,goHA5U1PaNQ,Renan Santos,@migueluahara1314,2026-08-12T05:57:34Z,🎉🎉🎉,0,2026-08-13
UgyTpPvGSBscJbO9U5h4AaABAg,goHA5U1PaNQ,Renan Santos,@geannduarte9860,2026-08-12T01:14:37Z,"👏🏽👏🏽👏🏽 Para que o mal triunfe, basta que os bons não façam nada' Missão combate nunca inércia FUTURO GLORIOSO 🐆",0,2026-08-13
Ugyf0exKNu-kvtagAz14AaABAg,goHA5U1PaNQ,Renan Santos,@Maria-l6y1r,2026-08-11T21:45:57Z,Renan vc vai aumentar o salário mínimo?,0,2026-08-13
UgwbOHDnqkJVZZ-4fv14AaABAg,goHA5U1PaNQ,Renan Santos,@caroln.c.6700,2026-08-11T15:02:21Z,Que o seu coração esteja realmente em concordância com o que diz. E não seja só palavras para iludir mais uma vez o povo.,0,2026-08-13
UgwKxO7CqFRLNgkppWJ4AaABAg,goHA5U1PaNQ,Renan Santos,@mmjara5039,2026-08-11T14:38:58Z,"O Bolsonaro foi burro novamente de ter escolhido o Flávio, se tivesse escolhido o Zema era certo pra eles. Agora vamos pra cima com  MISSÃO 14.",1,2026-08-13
UgxUTYR25pXaOssQjeV4AaABAg,goHA5U1PaNQ,Renan Santos,@carlosjonatas129,2026-08-11T08:38:43Z,Trilha sonora maravilhosa!!!!!!!!!!!,0,2026-08-13
Ugx-DLsvenas0XRcWlB4AaABAg,goHA5U1PaNQ,Renan Santos,@uKev-dev,2026-08-11T01:58:40Z,"DESCULPE, MAS ISSO É MUITO FODA!!!",0,2026-08-13
UgyHjqmTk-w7mn0_HDx4AaABAg,goHA5U1PaNQ,Renan Santos,@emersonrodrigues-14,2026-08-11T00:22:23Z,NÓS!!!!!,0,2026-08-13
UgzJnIPhfPZGulOX8ep4AaABAg,goHA5U1PaNQ,Renan Santos,@ElizeuKorreia,2026-08-10T15:28:50Z,Sou de Santarém-PA e apoio Renan,1,2026-08-13
Ugyth7Le1Am27pD64h94AaABAg,goHA5U1PaNQ,Renan Santos,@ElizeuKorreia,2026-08-10T15:28:40Z,"Toppp
OpaaaAaa",1,2026-08-13
UgxoEfogZlpqnMwI0MV4AaABAg,goHA5U1PaNQ,Renan Santos,@ElizeuKorreia,2026-08-10T15:28:34Z,"Moro era herói nacional,era nosso paladino da justiça, mas depois decaiu.
Saudades da lava jato,saudades do tempo dele de juiz da lava jato",1,2026-08-13
UgwwgnOJ37ravDYhlFh4AaABAg,goHA5U1PaNQ,Renan Santos,@pemiguelgui,2026-08-10T15:06:01Z,Música: Inverno de Vivaldi (as quatro estações),0,2026-08-13
UgzcE6U3cyAmyTIXhDJ4AaABAg,goHA5U1PaNQ,Renan Santos,@joaolima4394,2026-08-10T12:31:38Z,"Mas Que Lição do que é um bom Governante, força Missão Missão até ao fim, grande Missão Brasil.",0,2026-08-13
Ugzu4zrzm2zt1r4eZvJ4AaABAg,goHA5U1PaNQ,Renan Santos,@BigHeaddeAaZ,2026-08-10T06:58:18Z,"❤️Tive um sério problema no grupo de WhatsApp da militância do Missão, me expulsarem por defender o uso da Ivermectina durante a pandemia do Covid. E pasmem, pedi pra um administrador de destaque (Sasha) para me incluir em outro grupo e ele nem me respondeu. Se comportaram pior do que petistas ao não me dar e respeitar o direito de opinião.",0,2026-08-13
UgzDTSwi-yKAMqiA3Ex4AaABAg,goHA5U1PaNQ,Renan Santos,@luavieiraroque4330,2026-08-10T00:28:22Z,"Nos vingue dessas velhas ratazanas, meu irmão! 🙏🏻🙌🏼",0,2026-08-13
Ugx8E-4uNxd4-Fy4L5J4AaABAg,goHA5U1PaNQ,Renan Santos,@marcusviniciusmedeirosdeca3141,2026-08-09T19:37:59Z,Votar no Flávio é fazer as mesmas coisas e esperar resultados diferentes. Voto Renan Santos.,0,2026-08-13
UgypXgonVRiJrQhO3zN4AaABAg,goHA5U1PaNQ,Renan Santos,@JoséEzequielmartinsEzequiel,2026-08-09T19:12:31Z,Lembrem de Enéas  lembrem de Enéas  lembrem de eneas,0,2026-08-13
UgwtgOUQ9N8AR9cS1fR4AaABAg,goHA5U1PaNQ,Renan Santos,@JoséEzequielmartinsEzequiel,2026-08-09T19:11:29Z,"Lembrem de Enéas, vocês optaram pelo caminho errado, acorda povo,,,,, tá ai uma esperança",0,2026-08-13
UgyNExBBuPoRkiOnQ0R4AaABAg,goHA5U1PaNQ,Renan Santos,@jesyca1234,2026-08-09T09:52:58Z,"Já cheguei pagar quase 800 reais só de iluminação pública, hoje tenho placa solar e ainda pago mas de 400 reais",0,2026-08-13
Ugzgj5T25dJBZI3zGn14AaABAg,goHA5U1PaNQ,Renan Santos,@juliocamarao,2026-08-09T00:06:58Z,👏👏👏👏,0,2026-08-13
UgzFPxFv5Lq4jHxytN94AaABAg,goHA5U1PaNQ,Renan Santos,@andreferreira4024,2026-08-08T09:41:03Z,Excelente.,0,2026-08-13
UgwbNC7A_n2ThooFKZd4AaABAg,goHA5U1PaNQ,Renan Santos,@tads6208,2026-08-08T02:40:00Z,Esse cara tem meu voto,1,2026-08-13
Ugzhw9RhLwtSli-kZTt4AaABAg,goHA5U1PaNQ,Renan Santos,@GordinhaBololo-f7q,2026-08-08T02:13:57Z,O renan é o brabo,0,2026-08-13
UgxofxhWQnFNOCpE-gh4AaABAg,goHA5U1PaNQ,Renan Santos,@Sr.JorgeOficial,2026-08-08T00:07:35Z,É um idiota. Mentiroso.,0,2026-08-13
Ugwt0QLdIJ2fPzgWG5t4AaABAg,goHA5U1PaNQ,Renan Santos,@rosanashergue3259,2026-08-07T23:50:10Z,RENAN SANTOS NOSSO PRESIDENTE ❤❤,2,2026-08-13
UgyYOLgUq6N1zmWJ91J4AaABAg,goHA5U1PaNQ,Renan Santos,@FelipeGabriel-xx2cc,2026-08-07T19:30:36Z,"Esta é a narrativa correta, embora lula não concorde",0,2026-08-13
UgwuyUAkB3ssSM-41W14AaABAg,goHA5U1PaNQ,Renan Santos,@salenkobezerra,2026-08-07T16:14:25Z,"Gosto das tuas ideias, mas se ganhar, será um presidente sulista . 

Me garante que não vai interferir na zona franca de Manaus que você ganha meu voto !",0,2026-08-13
UgwuyUAkB3ssSM-41W14AaABAg.A_DCF9c35FEA_GNLZPdsct,goHA5U1PaNQ,Renan Santos,@danieldan2319,2026-08-08T21:49:08Z,Vai só mudar a forma a infraestrutura vai ser mantida.,0,2026-08-13
UgwAgxgWfsEhYhzPM-54AaABAg,goHA5U1PaNQ,Renan Santos,@chrischneradv,2026-08-07T13:10:42Z,Vai precisar ser conhecido para mais pessoas. Povo desconhece o nome dele. E tem pouco tempo. Terá que ser mais estratégico e ousado se quiser levar em 2026.,0,2026-08-13
UgxQw1SVmwU4WHlLIKx4AaABAg,goHA5U1PaNQ,Renan Santos,@felipescriptore,2026-08-07T10:44:33Z,Esse será nosso próximo Presidente 🙏,2,2026-08-13
Ugz3oDFCco4aAVFAPiR4AaABAg,goHA5U1PaNQ,Renan Santos,@MasterChief_H_117,2026-08-07T10:22:18Z,Missão 🟨⬛⬜ 14,1,2026-08-13
UgwJeopb1IkN7KyOdSx4AaABAg,goHA5U1PaNQ,Renan Santos,@charllesmg,2026-08-07T09:46:17Z,"🏅🏅🏅🏅🏅🏅🏅
Eu aceito essa Missão.
Renan Presidente",1,2026-08-13
UgxY2XIOTcm-VlirPGl4AaABAg,goHA5U1PaNQ,Renan Santos,@felipemonteiro448,2026-08-07T03:46:47Z,Ele é o protagonista,0,2026-08-13
Ugz6e2zrutxngMEJZiR4AaABAg,goHA5U1PaNQ,Renan Santos,@flaviorvasconcelos,2026-08-07T03:16:29Z,"Se alguém precisar de código para o aplicativo da missão, pode usar esses abaixo:
4DBWJ8
NTKPUZ
QZYZTN
47PGPA
8TAWMM
F2ULL4
BZX5HJ
CKDDUV
HMTZQ4
MF553H
PGT43G",0,2026-08-13
Ugw9ZhArRNTQPeL5qeR4AaABAg,goHA5U1PaNQ,Renan Santos,@thiagooliveira7147,2026-08-07T02:56:23Z,Alguém avisa.  Gravata dourada e coisa de bandido do colarinho branco,0,2026-08-13
UgzCzPKJHMpDky0705x4AaABAg,goHA5U1PaNQ,Renan Santos,@joozorio3746,2026-08-07T01:28:18Z,MISSÃO Renan Santos 14,1,2026-08-13
UgzqOPp3brkKUtoL7xp4AaABAg,goHA5U1PaNQ,Renan Santos,@adrianasouza3288,2026-08-07T00:16:33Z,"A mudança desse país depende da gente. 
Vamos votar com sabedoria.",3,2026-08-13
UgzowSnMV9fjsFA6nlx4AaABAg,goHA5U1PaNQ,Renan Santos,@djeimeshoracio6860,2026-08-06T23:38:22Z,Orgulho!,1,2026-08-13
UgxAWrN-thDy2C7jUct4AaABAg,goHA5U1PaNQ,Renan Santos,@rafurica,2026-08-06T20:40:40Z,🇧🇷,0,2026-08-13
Ugw6y-VKxymX63LiFWp4AaABAg,goHA5U1PaNQ,Renan Santos,@EricFernandes1,2026-08-06T18:39:23Z,VAMOS BRASIL 🇧🇷 1️⃣4️⃣ RENAN SANTOS,1,2026-08-13
Ugzy57PmJf0n14HqmBR4AaABAg,goHA5U1PaNQ,Renan Santos,@claudiojunior1936,2026-08-06T18:20:18Z,14,1,2026-08-13
UgxDWBiBYwKJ3B9PxHt4AaABAg,4l6amCDFdfQ,Renan Santos,@thelordbills6554,2026-08-13T13:28:44Z,🎉🎉🎉,0,2026-08-13
UgwOGRs23Z2LhdO7Ni14AaABAg,4l6amCDFdfQ,Renan Santos,@joao876batista,2026-08-13T10:31:20Z,Renan Santos 14 👏 👏👏👏,0,2026-08-13
Ugzf_HrKbYNaInBCJW14AaABAg,4l6amCDFdfQ,Renan Santos,@guilhermevilasboasbento9984,2026-08-12T16:32:27Z,RENAN É O PABLO MARÇAL 2.0 😂😂😂 FAZ UM MONTE DE PROPAGANDA MAS NO FINAL VAI DAR EM NADA,0,2026-08-13
Ugw2k2tBxCtJGp_zNtF4AaABAg,4l6amCDFdfQ,Renan Santos,@visualdi4584,2026-08-11T19:34:58Z,O cara tem que usar um rascunho pra ler 😂😂😂,0,2026-08-13
UgxqMGS8WSm52_Fowdl4AaABAg,4l6amCDFdfQ,Renan Santos,@aidemendes2673,2026-08-11T17:24:27Z,"Estou contigo !
14",1,2026-08-13
UgzQeXFyBFof_EKo9PJ4AaABAg,4l6amCDFdfQ,Renan Santos,@Pedro-qk7xv,2026-08-10T17:05:10Z,Muito Bom!,0,2026-08-13
UgyR2hO5f9AlVIa3KJB4AaABAg,4l6amCDFdfQ,Renan Santos,@julianoduarte8951,2026-08-09T12:21:33Z,"Renan Santos + Kim Kataguiri ⬛️⬜️🟨 14 🟨⬜️⬛️ Avante, Missão",2,2026-08-13
Ugxu27F7hX1-8PrGEtJ4AaABAg,4l6amCDFdfQ,Renan Santos,@julianoduarte8951,2026-08-09T12:21:23Z,"Avante, Missão! ⬛️⬜️🟨 14 🟨⬜️⬛️ Renan Santos + Kim Kataguiri",2,2026-08-13
UgzeYqEHcHcdOZl2tth4AaABAg,4l6amCDFdfQ,Renan Santos,@julianoduarte8951,2026-08-09T12:21:14Z,"Renan Santos ⬛️⬜️🟨 14 🟨⬜️⬛️ Avante, Missão!",2,2026-08-13
Ugylbmnut4AMXgp3nyF4AaABAg,4l6amCDFdfQ,Renan Santos,@julianoduarte8951,2026-08-09T12:21:07Z,"Avante, Missão! ⬛️⬜️🟨 14 🟨⬜️⬛️ Renan Santos",2,2026-08-13
UgzQqHPTaYDn2--RLSN4AaABAg,4l6amCDFdfQ,Renan Santos,@julianoduarte8951,2026-08-09T12:20:19Z,Padaria Brasil com o melhor seu Manuel! 14,1,2026-08-13
UgxpH-ycKiKTqVAa5DB4AaABAg,4l6amCDFdfQ,Renan Santos,@LLeoSantos-f3q,2026-08-09T01:12:34Z,Ganhou meu voto,0,2026-08-13
UgyHdInSt_VMQEksqsR4AaABAg,4l6amCDFdfQ,Renan Santos,@Mr_Rimmer,2026-08-08T22:39:45Z,Eles não aprendem. Por favor dêem mais oportunidades como essa para o Renan.,0,2026-08-13
UgwuCKcBPKO3utgSJRd4AaABAg,4l6amCDFdfQ,Renan Santos,@AugustoGaucho,2026-08-08T21:04:49Z,Tanto que temos o maior intelecto do século governando o país agora 😅,0,2026-08-13
UgxAPjDuZK1Io_pv6-B4AaABAg,4l6amCDFdfQ,Renan Santos,@guarita,2026-08-08T20:20:26Z,"Cara, pelamordedeus, alguém faz uma pergunta desse nível de agressividade para o Lula e para o Flávio. Pqp.",0,2026-08-13
Ugzc3Ju8DiNybgCi3_R4AaABAg,4l6amCDFdfQ,Renan Santos,@andreferreira4024,2026-08-08T09:45:57Z,"Renan, sua resposta foi a mais sensata e responsável possível. A realidade que enfrentamos hoje é de um atual presidente decadente e analfabeto, isso sim é despreparo.",0,2026-08-13
UgzYfMIBhEh60J1PAYN4AaABAg,4l6amCDFdfQ,Renan Santos,@MasterChief_H_117,2026-08-07T23:56:05Z,"Tamo junto Renan, bora pra cima mudar esse país, mesmo que não seja fácil!",0,2026-08-13
UgwG-QweBqC15OVkl0h4AaABAg,4l6amCDFdfQ,Renan Santos,@rosanashergue3259,2026-08-07T23:54:55Z,RENAN SANTOS 14 MISSÃO NOSSO PRESIDENTE ❤ BRASIL ❤,0,2026-08-13
Ugy3JEiwgA6i7OS3qDJ4AaABAg,4l6amCDFdfQ,Renan Santos,@brunoduarte9968,2026-08-07T19:48:46Z,O futuro será glorioso ⬛️🟨⬜️,0,2026-08-13
UgxymQXD8nxpJvp3FlB4AaABAg,4l6amCDFdfQ,Renan Santos,@The522496,2026-08-07T15:26:10Z,Botou dentro sem vaselina no lacrador. Mereceu tudo e mais um pouco!,0,2026-08-13
Ugzpq7SEjpOR-0JBeOR4AaABAg,4l6amCDFdfQ,Renan Santos,@MárcioaparecidoCorreiadossanto,2026-08-07T13:54:11Z,"Pergunta para o Renan foi um ataque, exigindo números e prazos auditaves, para o Flávio a pergunta além de ser combinada, porque ele estava lendo sua resposta pelo teleprompter, ele nem estava no evento!!! Isso só mostra o quanto esse picareta vendedor de curso pra otario do Talles representa!!!",0,2026-08-13
UgxOK6tt5BtkSdKSIOR4AaABAg,4l6amCDFdfQ,Renan Santos,@markvoyage7062,2026-08-07T13:51:05Z,"Tallis gesticulando, """" PARA, PARA, EU JÁ ENTENDI"""". 😅😂",0,2026-08-13
Ugwp3BkB_YKqEVgUNgx4AaABAg,4l6amCDFdfQ,Renan Santos,@leonidasmoreira2769,2026-08-07T12:37:48Z,Ele conhece bem,0,2026-08-13
UgwY8K8cB2ACVo9vmkZ4AaABAg,4l6amCDFdfQ,Renan Santos,@dralinnzimmermann,2026-08-07T11:48:21Z,"Não sei não, parece mais do mesmo. Qq um que entrar obviamente de direita não conseguirá fazer muito em 4 anos. Já que o buraco tá tão grande que só um milagre pra dar conta.",0,2026-08-13
Ugy4v4C0p9t6ItoZNd94AaABAg,4l6amCDFdfQ,Renan Santos,@mundodosanimaislokiinscrev4739,2026-08-07T11:00:24Z,Lula e bolsonaro no começo tbm nao tinha experiência de nada e tao ai hj enrrolando o povo.,0,2026-08-13
Ugyvt5DHFKBYUN7j2Ot4AaABAg,4l6amCDFdfQ,Renan Santos,@luizcarlos-ry2oq,2026-08-07T06:05:13Z,"Fora PT, PL e Centrão, quem vota em corrupto corrompido está",0,2026-08-13
UgzBxJ_X85U3wGnTOv14AaABAg,4l6amCDFdfQ,Renan Santos,@Arlequina22,2026-08-07T05:54:55Z,"Pergunta descabida. Um bom canditado a presidencia tem que ter inteligência e nao experiência profissional. Afinal, governar um país nao é sobre ter a experiência de todos os profissionais do pais. Mas entender os problemas enfrentados por esses profissionais.",0,2026-08-13
Ugx1iRr3ZUzxr_Padb94AaABAg,4l6amCDFdfQ,Renan Santos,@produzadinheiro4685,2026-08-07T00:49:22Z,Playmobil tá venenoso!,0,2026-08-13
UgwiwPaG7vq_XHO9IAl4AaABAg,4l6amCDFdfQ,Renan Santos,@Silaslinhares,2026-08-06T20:20:23Z,E pq ficou em cima do muro? Sofremos por 4 anos devido esse orgulho.  Dito isso painho e tetra o mesmo já disse😂,0,2026-08-13
UgwiwPaG7vq_XHO9IAl4AaABAg.A_B3ahtCwYgA_IwN2fo5HW,4l6amCDFdfQ,Renan Santos,@guilhermefalagan,2026-08-09T21:42:24Z,"Uma historinha: Teve um assassinato. O juiz disse que a arma do crime não poderia ser usada como prova, que o relato da testemunha não vale, que a operação contra o réu que encontrou as provas era ilegal, e que a instancia judicial onde foi denunciado não valia... mas o cadáver está lá, estamos todos sentindo seu fedor:
https://veja.abril.com.br/wp-content/uploads/2020/11/Denuncia-Flavio-Bolsonaro-completa.pdf",0,2026-08-13
UgxNiM4LpG7WIgZmrax4AaABAg,4l6amCDFdfQ,Renan Santos,@AllanLima-w6b2d,2026-08-06T20:19:16Z,Lula,0,2026-08-13
Ugx_qsNfTX_L73tqV5B4AaABAg,4l6amCDFdfQ,Renan Santos,@AntônioVieiraDossantos-e4h,2026-08-06T20:12:23Z,"Cite 5 empresas que Renan administrou na vida ,?qual folha de pagamento que ele assinou?  Quem achar que Renan Santos vai ganhar , quero colocar 1000 reais de aposta defendendo que ele não tem a menor chance.",0,2026-08-13
UgyU48Foq3pNBQT6EP14AaABAg,4l6amCDFdfQ,Renan Santos,@leonardoparentesilva8686,2026-08-06T17:43:15Z,Renan presidente,0,2026-08-13
UgwI2bT_bxSANh27PSV4AaABAg,4l6amCDFdfQ,Renan Santos,@isabellealalmeida7302,2026-08-06T16:48:42Z,Meu voto é para Renan.,0,2026-08-13
UgzuIsEC0D-qO4Ul6Fh4AaABAg,4l6amCDFdfQ,Renan Santos,@pammellamatos9723,2026-08-06T16:46:21Z,O cara é fera,1,2026-08-13
UgxPJjXXbBV9v1mIAnl4AaABAg,4l6amCDFdfQ,Renan Santos,@rafaelx742,2026-08-06T16:36:01Z,Renan tá incomodando muita gente,0,2026-08-13
Ugw0iRVl8FFpMxmQvtZ4AaABAg,4l6amCDFdfQ,Renan Santos,@PortalRespawn,2026-08-06T16:35:49Z,"Muito bom essa sabatina, mostrando a imensa diferença entre Renan e os demais candidatos",0,2026-08-13
UgxxYKZLxZal93Qm_i54AaABAg,4l6amCDFdfQ,Renan Santos,@paulorobertosantanamonteir1659,2026-08-06T16:07:22Z,"Método filosofia do Pablo Marçal KKKKKKKKKKKKKKKK😂😆😆😅😅🤣 

Inteligente 🧠 eloquente KKKKKKKKKKKKKK

Ataca o BOLSONARO PRESIDENTE DO BRASIL 🇧🇷.

RENAN SANTOS ..X PABLO MARÇAL KKKKKKKKKKKK
PURO PABLO MARÇAL..KKKKKKKKKK",0,2026-08-13
UgxxYKZLxZal93Qm_i54AaABAg.A_AbdeFjtUrA_Ae9TmIv9t,4l6amCDFdfQ,Renan Santos,@PortalRespawn,2026-08-06T16:29:20Z,Rapaz....tente fazer um rage bait melhor,0,2026-08-13
Ugzi-6Xg2vZvxxmt1jR4AaABAg,4l6amCDFdfQ,Renan Santos,@christianwilly8913,2026-08-06T15:17:30Z,Rapaz o homen tem uma oratória incrível 😮,0,2026-08-13
UgwZva-bVaYQtBNGi6Z4AaABAg,4l6amCDFdfQ,Renan Santos,@joaomarcoscarneiro2313,2026-08-06T15:08:23Z,"O maior problema hj. Os cara vai dar um depoimento, sempre tá atacando o próximo kk. Só Deus na causa msm",0,2026-08-13
UgwDluuZlU48mNx9VUJ4AaABAg,4l6amCDFdfQ,Renan Santos,@lucasuchoa573,2026-08-06T15:01:25Z,"Desarme com fatos, ahhhhh é......... Vocês se fundamentam em mentiras e malabarismos ..........",0,2026-08-13
UgwDluuZlU48mNx9VUJ4AaABAg.A_AV5bIYb8zA_AeWfJqYRi,4l6amCDFdfQ,Renan Santos,@PortalRespawn,2026-08-06T16:32:30Z,Quem?,0,2026-08-13
Ugw8z5xH4Dhs8Fq8oO94AaABAg,4l6amCDFdfQ,Renan Santos,@DanielPatricio.,2026-08-06T14:38:30Z,Mama ovo do Rachadinha patético!,0,2026-08-13
UgyBFV-c7c-v1QhdrNR4AaABAg,4l6amCDFdfQ,Renan Santos,@BResumos,2026-08-06T14:28:10Z,Ahã. Prontinho pra dialogar com os ratos e entregar o Brasil na mão deles. Vão se iludindo bandos.,0,2026-08-13
Ugye9-6McOYe7GwoQXJ4AaABAg,4l6amCDFdfQ,Renan Santos,@levybuga,2026-08-06T14:27:40Z,Ficou feio pro coitado do thalles,0,2026-08-13
Ugxut-HUdnVvwWY0NWF4AaABAg,4l6amCDFdfQ,Renan Santos,@feliperochadossantos6415,2026-08-06T14:22:49Z,Já tem meu voto,0,2026-08-13
UgyFEWNqUDXprXYwk5h4AaABAg,4l6amCDFdfQ,Renan Santos,@Rudgerbecker,2026-08-06T13:45:49Z,Bora 14,1,2026-08-13
UgwrqNNUk1_c8obOWIx4AaABAg,4l6amCDFdfQ,Renan Santos,@Jose-wz6wk,2026-08-06T13:40:25Z,O cara levou o JAB e devolveu com uma VOADORA NO QUEIXO + CAIXÃO E VELA.,1,2026-08-13
UgzjMwQH1ac118o3xmF4AaABAg,4l6amCDFdfQ,Renan Santos,@davimaia6077,2026-08-06T13:19:37Z,votem no Renan !!!!!❤❤❤,0,2026-08-13
Ugw7gT-3WHEYiWPj_gp4AaABAg,35-R0yZAHFs,Renan Santos,@Henrikesp1,2026-08-11T20:24:45Z,14 pra engajar,0,2026-08-13
Ugy5G8s26bxZkC3WCBB4AaABAg,35-R0yZAHFs,Renan Santos,@kayan_0001,2026-08-11T14:22:59Z,"É evidente que o Bullying com os professores pode e deve ser impedidos, maso  bullying entre alunos sempre existiu e sempre vai existir. É algo que não pode ser impedido por terceiros. Se um aluno  está chamando o outro de gordo e uma autoridade tenta impedir, daqui a 5 minutos o autor do bullying está chamando a vítima de algo pior. As únicas pessoas que podem acabar com o bullying nas escolas é a própria vítima ou o próprio autor.",0,2026-08-13
Ugysw_dJaud4oMQ8XEp4AaABAg,35-R0yZAHFs,Renan Santos,@wilvs1234,2026-08-10T23:28:19Z,"Adorei esta resposta, colocar criança atipica com tipica gera problemas eu tenho filho autista e essa foi a melhor posição que vi",0,2026-08-13
UgyON-5-8Qmxl0xKNeJ4AaABAg,35-R0yZAHFs,Renan Santos,@srtafofurinha,2026-08-10T18:12:27Z,LEI E ORDEM!,0,2026-08-13
UgwvM3ranWXNQSvFNGx4AaABAg,35-R0yZAHFs,Renan Santos,@DanielCruz-jy3zr,2026-08-10T13:15:02Z,Sofro bullying também por conta que sou anti social tenho mutismo seletivo,0,2026-08-13
UgyaMbl-r3-AY9IcU8V4AaABAg,35-R0yZAHFs,Renan Santos,@daviaraujo5194,2026-08-09T21:13:43Z,"Não vi as propostas do Renan para a educação, mas seria bom, além de separar típicos e atípicos (eu como Pai e eu propriamente fui atípico e é uma BOSTA ficar na mesma sala), tem que ser separado os gênios, dos medianos e dos alunos problema. Os gênios tem que ser o futuro, e perdemos vários por deixá-los largados junto com os outros e ter professores capacitados para perceber os alunos com altas hábilidades, os medianos é escola normal, e os alunos problema é sistema militar. Mas para isso precisamos de profissionais capacitados, coisa que 90% dos profissionais de escola pública não são, e nas particulares também são bem sofríveis. Brasil precisa de professores bons, e não só esses que ficam falando de educação, que o professor é o profissional mais importante, mas na hora de trabalhar é abaixo do mediocre.",0,2026-08-13
UgxhAuuVfRv4get6DKN4AaABAg,35-R0yZAHFs,Renan Santos,@ROBSONPEREIRA-p2b,2026-08-08T21:16:38Z,Está aew uma hora de tentar uma coisa nova nessa eleição uma pessoa jovem com ótimas ideias com boas propostas Acorda Brasil,0,2026-08-13
UgwA_dXXkV0qWIqkZ0h4AaABAg,35-R0yZAHFs,Renan Santos,@lucasamarante63,2026-08-08T11:09:32Z,"Claro, a única solução é a obediência cega a autoridade rsrs",0,2026-08-13
UgwWnjBNthJR1ayU3z94AaABAg,35-R0yZAHFs,Renan Santos,@VilmaraAmaral,2026-08-08T09:44:00Z,👏🏼👏🏼👏🏼👏🏼👏🏼,0,2026-08-13
Ugy4rxb8ONvxeEN4GS54AaABAg,35-R0yZAHFs,Renan Santos,@reginaldorodrigues8293,2026-08-07T23:38:10Z,O ECA acabou com as escolas 😢,0,2026-08-13
UgyPl8vmYTLpIKbL2v14AaABAg,35-R0yZAHFs,Renan Santos,@brunopodadera,2026-08-07T20:23:52Z,Pra cima Renan!,0,2026-08-13
UgxwyRwuZcDPsizqywt4AaABAg,35-R0yZAHFs,Renan Santos,@veruschkaesilvabragaleite660,2026-08-07T17:33:27Z,"O acompanhamento de criança especial é bonito e só funciona nos artigos, na prática é uma tristeza.
Só espero que mude. É louvável e importante uma condição digna pro estudante ter oportunidade de aprender. Mas sem cobrança,vira piada. Só tem direitos deveres, nenhum",0,2026-08-13
Ugy10mL9Z_sMyy4_tgx4AaABAg,35-R0yZAHFs,Renan Santos,@veruschkaesilvabragaleite660,2026-08-07T17:30:58Z,"Autoridade do professor foi tatoalmente retirada da sala de aula, seja pela aprovação compulsória. Na qual salas com 40 alunos,  boa parte vão só pra escola. Pra não perder o bolsa escola, e ainda trabalham os outros que querem aula e o professor. Seja porque não pode punir o vizinho. Não pode gritar. Não pode botar pra casa não pode chegar perto. Quem fez as leis, deveriam sentir na prática, ir a uma sala de aula de escola pública e aguentar uma semana",0,2026-08-13
UgzQyjMDsW3j8zo9ipV4AaABAg,35-R0yZAHFs,Renan Santos,@DanielSilva-j6v,2026-08-07T17:13:11Z,"Uma coisa que eu reparo é que, pra renan santos fazem varias perguntas aobre propostas para isso aquilo, já para o lula """" e a picanha? Vai ter?""""",0,2026-08-13
UgzQ-K9XGg3N2BQNSeN4AaABAg,35-R0yZAHFs,Renan Santos,@misanthropia-26,2026-08-07T16:41:51Z,"Sofri bullying por mais de 10 anos na escola, muito quieto a ponto de parecer um infiltrado em alguns momentos, também por meus gostos à respeito de mídias, ler mangás na escola como Bibliomania, Monster, 20th Century Boys, Light Novels como as de Re:Zero, outros livros como Moby Dick, também meu gosto musical que é vasto, só escutavam forró moderno que é uma porra, e o funk (funk putaria); eu não participar de trabalhos em equipe (nunca) e também nunca ter pedido ajuda para nada, isso durante anos de estudo, só gostar de ficar no celular sem interagir nem trocar olhares, não participar de nenhum evento escolar, às vezes ia vestido com moletom/casaco, até quanto estudei durante o dia; Apresentava uma dificuldade bizarra em matemática, mas no resto não... Enfim, mas de acordo como eu penso e como minha personalidade diferente é, eu não sofri danos mentais por mais que o bullying fosse de alunos de várias turmas diferentes, só ignorava, de fato, eu nem acredito que palavras podem me machucar, no máximo me importava um tempo atrás quando tinha 12 anos, agora 18... Novamente o fato de mim ser queito, tinham pessoas de minha sala que eu não sabia o nome e nem sei o nome de quem praticava o bullying, não como durians fermentados que maturarm por 42 dias, pra que diachos eu iria querer saber.",0,2026-08-13
Ugxzy05qwZRlv-y65a94AaABAg,35-R0yZAHFs,Renan Santos,@emerson___,2026-08-07T14:49:26Z,LULA 2.0 sai fora,0,2026-08-13
UgwjJdgGV5ODeUpQqjt4AaABAg,35-R0yZAHFs,Renan Santos,@MadrugaEscobar-h3n,2026-08-07T14:42:43Z,Tom com ele 14 na cabeça!!!,0,2026-08-13
UgxJs1b448Ysd7o8RMl4AaABAg,35-R0yZAHFs,Renan Santos,@Infinionito,2026-08-07T13:20:21Z,"Eu concordo com a separação de alunos típicos e atípicos mas a autoridade do professor em sala de aula não vai mudar isso, o Renan deu a entender que o professor é leniente pq ele é medroso",0,2026-08-13
UgxJs1b448Ysd7o8RMl4AaABAg.A_CtKBtBVv0A_D8c-rSKJS,35-R0yZAHFs,Renan Santos,@fredcavalcante1887,2026-08-07T15:42:44Z,"O professor atualmente está sem poder nenhum,  não pode fazer nada, ou está errado, ou está errado. Se retira uma criança baderneira de uma atividade, vem o diretor dizer que não pode (até mesmo quando havia dito que podia!), as funcionárias da limpeza e da cozinha também dizem que não pode, a família também diz. Quem é o professor na fila do pão?",0,2026-08-13
Ugx0CAUg7gaUc1Agk7Z4AaABAg,35-R0yZAHFs,Renan Santos,@adrianasouza3288,2026-08-07T09:01:56Z,Eu tenho um filho autista nível 2 suporte.,0,2026-08-13
UgwnYY7CKqTZuX2ngTB4AaABAg,35-R0yZAHFs,Renan Santos,@nildimarma,2026-08-07T02:22:43Z,14,0,2026-08-13
UgyXFc-QR4Pk9nQuEeB4AaABAg,35-R0yZAHFs,Renan Santos,@joeljosebueno7076,2026-08-07T01:19:44Z,Cara não tem como esse cara não ganhar. Vou apostar todas as fichas nele. Ou vai ser ótimo ou será a maior decepção da história,0,2026-08-13
UgwI4VZo89e7bOyg6R94AaABAg,35-R0yZAHFs,Renan Santos,@alexandrenunes566,2026-08-07T00:04:26Z,O discurso é bom... 🤔,0,2026-08-13
UgwiR6JEkj7VM3XTGRd4AaABAg,35-R0yZAHFs,Renan Santos,@marciogoncalvesmoreira8589,2026-08-07T00:00:42Z,Quem quer dar aula no Brasil é maluco. 😂😂😂,0,2026-08-13
Ugx4gmXaCO6ZfnBFZlB4AaABAg,35-R0yZAHFs,Renan Santos,@Carririnha,2026-08-06T23:15:12Z,"É...precisa mesmo.
Quando eu era criança eu batia muito nas crianças e fazia bullying com elas, mas tambem apanhava e sofria bullying kkkkk
Mas precisa mesmo implementar algo mais rígido e rigoroso nas escolas públicas.
Hoje em dia eles usam drogas, batem nos professores e quebram tudo",0,2026-08-13
UgxLbg2rtma1w9w1lpV4AaABAg,35-R0yZAHFs,Renan Santos,@Fratex-g6y,2026-08-06T22:36:14Z,"Chega de Lula e Flávio, vamos fazer Renan de presidente do Brasil (tenho certeza que um bolsopetista já vai vir refutando como sempre..)",0,2026-08-13
Ugx6fnXSGdrhy_tb43Z4AaABAg,35-R0yZAHFs,Renan Santos,@carlosdiniz5480,2026-08-06T22:07:45Z,Confundimos liberdade com libertinagem. A disciplina não é inimiga do aprendizado.,1,2026-08-13
UgxF9z_Osva3RC-Llxl4AaABAg,35-R0yZAHFs,Renan Santos,@carlosfreitas4671,2026-08-06T21:38:37Z,"O Renan Santos merece ser Presidente do Brasil!
Vamos apoiá-lo!",0,2026-08-13
Ugy1AuCDV_k_Yv_OEb14AaABAg,35-R0yZAHFs,Renan Santos,@FocoMago,2026-08-06T21:21:50Z,Segregar as crianças especiais?,0,2026-08-13
Ugz6bfJN5ufHZKqOtul4AaABAg,35-R0yZAHFs,Renan Santos,@SavFamíliaAmelhordoBrasil,2026-08-06T21:11:36Z,"EEEI Ana Cândida de Barros Molina, venha ver a melhor escola pública do Brasil, candidato. Fica em SJCAMPOS",0,2026-08-13
Ugxw_3mBgtLrDYaIUZx4AaABAg,35-R0yZAHFs,Renan Santos,@edldl1110,2026-08-06T21:00:42Z,O Brasil está DESTRUÍDO são tantas coisas pra arrumar que um governante honesto nem sabe por onde começar. E tem milhões  que vão votar pra mais 4 anos de corrupção e incompetência,0,2026-08-13
UgwGVThgj0pRtKhBQ2N4AaABAg,35-R0yZAHFs,Renan Santos,@maycon171dotalive,2026-08-06T21:00:11Z,"Que caboco instruído , sabe de tudo um pouco, vai ser o melhor presidente que o Brasil já teve na história",0,2026-08-13
UgwMMbjC-Mg1OfOeBz54AaABAg,35-R0yZAHFs,Renan Santos,@leandropaulinomassariol2342,2026-08-06T20:21:59Z,Pra estudo disciplina e caro nao tem dinheiro,0,2026-08-13
UgzaYCgsydlkSzt4Akl4AaABAg,35-R0yZAHFs,Renan Santos,@jordansalgueiro8162,2026-08-06T20:00:18Z,"Concordo completamente. Mas restaurar a autoridade do professor na sala da aula é essencial, mas não suficiente. Deve haver medidas punitivas para os casos mais graves e tbm uma punição rígida para os pais desses alunos que """"passam a mão na cabeça"""" ou que defendem ou que são negligentes com esses alunos, pq eles tbm são responsáveis. Reaver o sistema de educação que estimula essa cultura da impunidade nas escolas em que o aluno faz o que quer e ainda assim continua sendo aprovado, e não há punição alguma.",1,2026-08-13
UgxnvKz4Jxjgmm4LUWh4AaABAg,35-R0yZAHFs,Renan Santos,@manekend,2026-08-06T19:18:56Z,por que não fazer oque a china faz,0,2026-08-13
Ugz5CKfnjujrheuJP7V4AaABAg,35-R0yZAHFs,Renan Santos,@mateusiago9000,2026-08-06T19:15:52Z,Tipo de pergunta q fazem.... Fosse o lula só uma levantar pra ele cortar!!!,0,2026-08-13
Ugz8UzM5YNX2JYEoIpd4AaABAg,35-R0yZAHFs,Renan Santos,@javiubr,2026-08-06T18:36:08Z,"Vamos mudar o Brasil 
Chega de corrupção no Brasil 
Isso e culpa dos políticos ladrões bandidos",0,2026-08-13
Ugwpv7XTSnans82F4vl4AaABAg,35-R0yZAHFs,Renan Santos,@wharllemlopes354,2026-08-06T17:57:04Z,Ué! Bolsonaro já tinha esta proposta e outras.,0,2026-08-13
Ugwpv7XTSnans82F4vl4AaABAg.A_AoC3ikO-mA_D8pBUIt_U,35-R0yZAHFs,Renan Santos,@fredcavalcante1887,2026-08-07T15:44:32Z,E por que não implementou quando teve a chance?,0,2026-08-13
Ugz-LjmsVKmpzdRYz8d4AaABAg,35-R0yZAHFs,Renan Santos,@wesleyjesus5874,2026-08-06T17:35:03Z,Era mais fácil só expulsar a galera do bulling,0,2026-08-13
Ugz6hHT-mcsVYuIekA94AaABAg,35-R0yZAHFs,Renan Santos,@MaiaraSousa-s1m,2026-08-06T17:29:47Z,"Minha filha tinha que apanhar queta porque o colega era autista, ela falava para os professores e não faziam nada falei pra ela bater de volta não vou criar minha filha pra ser saco de pancada dos outros.",0,2026-08-13
Ugz6hHT-mcsVYuIekA94AaABAg.A_Al4G_pL1bA_D7CIvq6FF,35-R0yZAHFs,Renan Santos,@fredcavalcante1887,2026-08-07T15:30:21Z,Sou professor e concordo com você! Infelizmente o professor está de mãos atadas.,1,2026-08-13
Ugwnv_BVk4KagCG3cId4AaABAg,35-R0yZAHFs,Renan Santos,@lusilva6094,2026-08-06T17:29:06Z,"Em São Paulo, estão acusando o professor de ser pedófilos, para o professor ser mandado embora",0,2026-08-13
Ugzfa-WrP3-ga_XjxE54AaABAg,35-R0yZAHFs,Renan Santos,@L30S4NTOS,2026-08-06T16:53:09Z,Só tem uma caminho e missão 14,1,2026-08-13
UgzNjSUKU6hoIRoMkdJ4AaABAg,35-R0yZAHFs,Renan Santos,@ivansilva-ol8bm,2026-08-06T16:46:45Z,"Pior que esses professores estudam e estudam, pra votar em alguém que não têm nem a 5° série eh brincadeira",0,2026-08-13
UgyowITJ-Za2FzB51wh4AaABAg,35-R0yZAHFs,Renan Santos,@youlex2000,2026-08-06T16:41:10Z,E a lógica ....perfeito Renan....Diretores merda ...sem autoridade...,0,2026-08-13
Ugy07ZIGVrW0C_H6odx4AaABAg,35-R0yZAHFs,Renan Santos,@thiagojpc1210,2026-08-06T16:24:32Z,E o bulling do professor com o aluno?,0,2026-08-13
UgzSqN_tehjNximFxf14AaABAg,35-R0yZAHFs,Renan Santos,@raquelrsf9049,2026-08-06T16:20:33Z,Esse final foi super necessário.,0,2026-08-13
UgyWZLCAk6Sq4qvljNt4AaABAg,35-R0yZAHFs,Renan Santos,@williammarinho2239,2026-08-06T16:12:01Z,"Renan, acorda, não tem mais professor, são militantes de esquerda,o mesmo vieis seu !",0,2026-08-13
Ugxcl7netEusM14ihQh4AaABAg,35-R0yZAHFs,Renan Santos,@adeilsonbispo4670,2026-08-06T16:02:30Z,"Não tem jeito, vou ter que votar no Renan",0,2026-08-13
UgwfZY7fVgxk_bJ7-qp4AaABAg,rr1dhtrf5O4,Renan Santos,@PepeLegaL1911,2026-08-11T02:37:42Z,Boa Renan 👏👏👏👍,0,2026-08-13
UgwzGQnTspQDTnTiaf14AaABAg,rr1dhtrf5O4,Renan Santos,@AdelsonMoura-t9u,2026-08-10T19:06:50Z,Vc sim sabe oque fala,0,2026-08-13
UgyHfMMFvsVHre2hZGN4AaABAg,rr1dhtrf5O4,Renan Santos,@cassiagoncalves2483,2026-08-10T17:16:34Z,Participação no debate devia ser obrigatório. Direito do eleitor e nao do candidato,0,2026-08-13
Ugy5EQxw0iqv_ermC_p4AaABAg,rr1dhtrf5O4,Renan Santos,@mblmissão.cortes,2026-08-09T17:47:02Z,"Renan 14,",0,2026-08-13
UgzkKqqlhZx1cGDNoJl4AaABAg,rr1dhtrf5O4,Renan Santos,@FofurasRelaxantes,2026-08-09T17:40:12Z,"Sério gente, não tem como votar em outro candidato. Nosso próximo presidente será Renan Santos 14.",0,2026-08-13
Ugxa4WePo-AU4WjgaSZ4AaABAg,rr1dhtrf5O4,Renan Santos,@JNSAQ,2026-08-09T16:32:38Z,"Não devia nem ter escolha se aparece ou não, nós que pagamos os salários deles, não vai aparecer, suspende a candidatura",0,2026-08-13
UgzBSjvaCw8N263PwP14AaABAg,rr1dhtrf5O4,Renan Santos,@NaçõesemJogo,2026-08-09T03:31:47Z,Destruiu klk,0,2026-08-13
Ugx-ApjMJ8maKVNLImh4AaABAg,rr1dhtrf5O4,Renan Santos,@Smnd-motos,2026-08-09T01:02:26Z,"O foda é que meu pai ainda defende Flávio com unhas e dentes e fala que Renan Santos é do PT. Hoje eu falei """"Enquanto o senhor publicar acusações falsas contra meu candidato, eu vou está aqui para defende-lo"""" O FUTURO É GLORIOSO!!!",0,2026-08-13
UgzdwnlEAfAsV-vkagV4AaABAg,rr1dhtrf5O4,Renan Santos,@LeoJirayia,2026-08-07T18:16:13Z,"O chato se acontecer um debate entre Renan x Lula  ou Renan X Flavio, o Chato é que nao vamos poder RIR , igual riamos quando teve o debate , Lula x Jair Bolsonaro  kkkkkk nunca ri  tanto com aqueles debates ..",0,2026-08-13
UgwM-mfEA4YLaXRuMzJ4AaABAg,rr1dhtrf5O4,Renan Santos,@ellenreginacosta684,2026-08-07T16:47:37Z,👏👏👏,0,2026-08-13
UgxZuTXw5kuAJ2mEmXV4AaABAg,rr1dhtrf5O4,Renan Santos,@deborarafaelade,2026-08-07T16:24:30Z,Deveria ser obrigatório ir aos debates! Estão cometendo estelionato eleitoral,0,2026-08-13
UgxnibDzXxhh1Cydol94AaABAg,rr1dhtrf5O4,Renan Santos,@anacristinamartins4883,2026-08-07T00:04:49Z,O futuro é glorioso 🎉🎉🎉,1,2026-08-13
Ugy728XX3Xa7nFOrjnN4AaABAg,rr1dhtrf5O4,Renan Santos,@GivaldoLius,2026-08-06T23:20:06Z,Voce e mentiroso porque  quando  o pt perde eles aceita dim,0,2026-08-13
Ugy728XX3Xa7nFOrjnN4AaABAg.A_BOA1_EY1vA_JlCOsW3-S,rr1dhtrf5O4,Renan Santos,@hendrypx,2026-08-10T05:24:04Z,e quando é que o Lula vai no debate,0,2026-08-13
Ugywr0f95HFtmm02zmB4AaABAg,rr1dhtrf5O4,Renan Santos,@joaoluisjoaoluis1232,2026-08-06T22:43:19Z,A mais pura verdade,0,2026-08-13
UgwiJ7oT9SjpX8rsVal4AaABAg,rr1dhtrf5O4,Renan Santos,@MoisésPereira-m4z,2026-08-06T21:56:53Z,Você não ganha a eleição,0,2026-08-13
UgyQRiYOUw2rrgTCjZV4AaABAg,rr1dhtrf5O4,Renan Santos,@noslianduy,2026-08-06T21:24:19Z,Era de esquerda era nós precisamos de pessoas neutra na política,0,2026-08-13
UgwiTFmXmKgNnKWg4qV4AaABAg,rr1dhtrf5O4,Renan Santos,@jotta.Gamess,2026-08-06T19:58:07Z,Show,0,2026-08-13
UgyFqBstK8kjbwAcceh4AaABAg,rr1dhtrf5O4,Renan Santos,@patrickdepaula9568,2026-08-06T19:52:28Z,"Bora, Renan!",0,2026-08-13
UgxOYZ8w06BSVVbtqmR4AaABAg,rr1dhtrf5O4,Renan Santos,@HelioRodrigues-z2u,2026-08-06T18:15:26Z,Avante Missão.,0,2026-08-13
Ugx9i9v42q5UAXtARyl4AaABAg,rr1dhtrf5O4,Renan Santos,@poetasoaresrapper,2026-08-06T17:38:55Z,"Pesquisem quem é esse cara e o os escândalos do MBL.
Envolvimento com os nazista...
É tal pela saco quanto os outros.
Acho que até pior, sendo machista e tendo orgulho disso.

Não acreditem em mim, pesquisem, leiam, investiguem.

Obs: os caras não estão correndo e sim cagando pra vc não se aparecer encima deles.

Enfim, foda-se todos os políticos safados desse país.",0,2026-08-13
Ugw4NzQ1hU9nELF0_aJ4AaABAg,rr1dhtrf5O4,Renan Santos,@williammarinho2239,2026-08-06T16:54:02Z,"Todo mundo tem medo do Renan, aff me.poupe Renan e esquerdista !",0,2026-08-13
Ugw4NzQ1hU9nELF0_aJ4AaABAg.A_AgzN6ER6fA_JlGU-iWHE,rr1dhtrf5O4,Renan Santos,@hendrypx,2026-08-10T05:24:37Z,esquerdista onde? quem falou isso e onde está escrito? não achei,1,2026-08-13
UgxUlNgQEL3QC5aiC0x4AaABAg,rr1dhtrf5O4,Renan Santos,@RodrigoMunhozdasilva,2026-08-06T16:48:08Z,"Desculpa, mas aqui o Renan mentiu, bolsonaro e bolsonarista não reclama da urna?! o bolsonaro depois que ganhou a eleição o que ele fez nesses últimos 4 anos foi reclamar da urna, Inclusive tem uma enxurrada de vídeos no próprio YouTube mostrando desde a p**** do primeiro ano de mandato dele até o último ano de Mandato reclamando da urna, logo essa afirmação do Renan é mentira,",0,2026-08-13
UgxZsV2bNIfo4jB3FIN4AaABAg,rr1dhtrf5O4,Renan Santos,@hendrickbeltrao,2026-08-06T16:25:02Z,Os caras estão com medo do Renan. Estão usando fraldas.,0,2026-08-13
UgyiAVNFuWa2P64SIMt4AaABAg,rr1dhtrf5O4,Renan Santos,@washingtonferreira9916,2026-08-06T16:18:20Z,"Já tem meu voto, não aguento mais votar em branco",0,2026-08-13
UgzBGgu5awt820bc2194AaABAg,rr1dhtrf5O4,Renan Santos,@alexpinto1836,2026-08-06T15:42:23Z,"Eles nao gistam de democracia, e você tambem nao renan seu bosta",0,2026-08-13
UgxOkDzkFnZKToNOmVt4AaABAg,rr1dhtrf5O4,Renan Santos,@IrlanMatias,2026-08-06T15:36:49Z,Verdade Lula nem tem mas ideias de projetos são tantos dele que nem tem mas o que fazer kkkkkk mas só ele tem como manter vcs são nada na frente de Lula,0,2026-08-13
UgwPhW5P6oe8hyMYBgp4AaABAg,rr1dhtrf5O4,Renan Santos,@KilyCortazapy,2026-08-06T15:31:29Z,Vamos Renan idolo. Desde Paraguay,0,2026-08-13
UgxNk1SJYh_A6hAyWsV4AaABAg,rr1dhtrf5O4,Renan Santos,@desportivoterrordoituano,2026-08-06T15:08:44Z,Dito isso eu quero todo mundo com a TV ligada dia 23 na Band,0,2026-08-13
UgyNnhXX1Uw11SZfCQx4AaABAg,rr1dhtrf5O4,Renan Santos,@j.jorgefernandes6384,2026-08-06T14:55:20Z,FANFARRÃO ESSE RENAN,0,2026-08-13
UgyNnhXX1Uw11SZfCQx4AaABAg.A_AUOz8z_hmA_JlMkYA158,rr1dhtrf5O4,Renan Santos,@hendrypx,2026-08-10T05:25:29Z,pq,0,2026-08-13
UgwvxI7sjyDb6UKxeBd4AaABAg,rr1dhtrf5O4,Renan Santos,@wilsonvianna1409,2026-08-06T14:07:07Z,Mestre,0,2026-08-13
Ugwy39AKQ67Fh7D8nRl4AaABAg,rr1dhtrf5O4,Renan Santos,@sandraamoedo4276,2026-08-06T13:45:44Z,"Muito bem, Renan Santos já  não  tenho obrigação de votar  mas pelo Brasil vou voltar esse ano, e por seu perfil político meu voto é  seu.",0,2026-08-13
Ugwu6ixVcK-OxJmplNx4AaABAg,rr1dhtrf5O4,Renan Santos,@Hyaakkimaru,2026-08-06T13:29:24Z,Boa,0,2026-08-13
UgwcQkF4D3gxtZ8WMYd4AaABAg,rr1dhtrf5O4,Renan Santos,@larronnesiusa,2026-08-06T12:33:34Z,Eles não tem que aparecer lá. É para abrir o espaço para o renan falar a verdade sobre eles. Não queremos estes dois inúteis lá. Queremos eles em um tribunal.,0,2026-08-13
UgwoKPQ-B0OzhFuZHDl4AaABAg,rr1dhtrf5O4,Renan Santos,@brunoaraujorodrigues9329,2026-08-06T12:23:24Z,O sistema tem medo da verdade,0,2026-08-13
UgynPQu-BlEdIYe4zkl4AaABAg,rr1dhtrf5O4,Renan Santos,@brunoaraujorodrigues9329,2026-08-06T12:22:05Z,Pra cima Renan,1,2026-08-13
UgxwwzTGzgspy118uwN4AaABAg,rr1dhtrf5O4,Renan Santos,@ironicusdesu,2026-08-06T12:11:47Z,"Debate deberia ser obrigatório assim como voto e obrigatório, ja vem sendo hora de cobrar esses políticos vagabundo o mesmo que eles cobram do povo.... .i.",0,2026-08-13
Ugx7QkiL46aWhiMuu5B4AaABAg,rr1dhtrf5O4,Renan Santos,@marcelocivil14,2026-08-06T12:03:06Z,"Dito isso , é Flávio Bolsonaro primeiro turno , agora esse que ta falando ta muito ofegante e muito falante , falar é uma coisa fazer ai ja é outra coisa, então fazendo valer a democracia meu voto é do Flávio",0,2026-08-13
Ugx7QkiL46aWhiMuu5B4AaABAg.A_AAgUoIdtrA_JlcdyFrUW,rr1dhtrf5O4,Renan Santos,@hendrypx,2026-08-10T05:27:47Z,"lkkkkkkkkkkkkkkkkkkkkkkkkkkkkkkkkkkkkkk
não importa quais escândalos o Flávio tenha e não importa o quão COVARDE ele consiga ser para não aparecer em nenhum debate, o Marcelo Civil vai afundar o dedo no Flávio em dia de votação",1,2026-08-13
Ugy55SrmJHMM-5y-PRl4AaABAg,rr1dhtrf5O4,Renan Santos,@emersonpereira9737,2026-08-06T11:55:58Z,Nuss,0,2026-08-13
UgzRvHPpL1v6hVzVKdh4AaABAg,rr1dhtrf5O4,Renan Santos,@cleubyanybarbosadasilvabarbosa,2026-08-06T11:36:13Z,BLA BLA BLA  ESSE É O MBL ESSE DISCURSINHO NA ATUAL CONJUNTURA NÃO DA MAIS SAI FORA OTÁRIO  .,0,2026-08-13
Ugz7ccsjKwK4xfByPj94AaABAg,rr1dhtrf5O4,Renan Santos,@Andre-py7fm,2026-08-06T11:02:17Z,"Se Deus quiser esse rapaz vai ganhar pra presidente, tirar esses velhos Lobos Avarentos.",1,2026-08-13
UgxS8Q1H42DcTtCrY-J4AaABAg,rr1dhtrf5O4,Renan Santos,@RafaelMartinez-gy4yi,2026-08-06T11:00:39Z,14 em outubro,0,2026-08-13
UgwHowlcIkkKF1rkAp54AaABAg,rr1dhtrf5O4,Renan Santos,@andreguilhermediasarraiano9287,2026-08-06T10:39:00Z,.,0,2026-08-13
Ugyq2LLUAPlZLkt_cpN4AaABAg,rr1dhtrf5O4,Renan Santos,@fernandogoncalves6893,2026-08-06T09:41:41Z,Mais um Pinóquio 😂😂😂😂😂😂😂😂😂,0,2026-08-13
Ugyq2LLUAPlZLkt_cpN4AaABAg.A_9vVlN2VYGA_JlgYzJPEO,rr1dhtrf5O4,Renan Santos,@hendrypx,2026-08-10T05:28:19Z,mas ele só falou verdades kk,0,2026-08-13
Ugw0h2d3_tzXjoN1tNR4AaABAg,rr1dhtrf5O4,Renan Santos,@jonhvictor2003,2026-08-06T09:22:15Z,❤️,0,2026-08-13
UgzTH2ek3x-hQw83-lZ4AaABAg,rr1dhtrf5O4,Renan Santos,@CrisNAci,2026-08-06T09:12:20Z,Não vão  porque o caso vorcaro  tera que ser falado corrupção  e facção  política. .,0,2026-08-13
UgzkrmSpTVO8UsBlsoF4AaABAg,0Jbu87PmvIE,Renan Santos,@Gleidsoli,2026-08-12T22:42:58Z,"31:00 acho que essa ferramenta nao recebeu a atenção devida, é simplesmente um gamechanger",0,2026-08-13
UgxT-E0e8IG_aiZqJsF4AaABAg,0Jbu87PmvIE,Renan Santos,@joaootaviosousa9764,2026-08-09T14:40:12Z,"Devia ter perguntado para ele, se ele abre uma empresa pensando em falir.",0,2026-08-13
UgzN_QH7vRS-InLdwSF4AaABAg,0Jbu87PmvIE,Renan Santos,@joaootaviosousa9764,2026-08-09T14:37:17Z,"Esse tallis tem uma fissura 4n4l pelo flavio rachamaster, obvio que ele iria pegar leve com a paixao dele. Ate pq se ele faz uma pergunta da mesma que fez para vc o flavio rachamaster desliga a net e diz que caiu a energia. É ate bom atacarem assim pois vai ser justamente isso que vai fazer estourar a bolha.",0,2026-08-13
Ugw-acAar0pRsq7SQOF4AaABAg,0Jbu87PmvIE,Renan Santos,@mirogaudencio5925,2026-08-08T21:52:00Z,"MBL não 🚫, Mamãe falou 🚫, Renan = Enéias dos anos 2000, 14 na veia!
Quando ganhar não esqueça Mises, Freedman e Hayek.",0,2026-08-13
UgwNwBo17Zc-VKb5FW94AaABAg,0Jbu87PmvIE,Renan Santos,@DorisBuffara,2026-08-08T20:15:22Z,Traidor,0,2026-08-13
UgxuC__CJrXn5WPZW6p4AaABAg,0Jbu87PmvIE,Renan Santos,@Zuleide-u9z,2026-08-08T18:08:48Z,Deus nos livra do Renan. Chega!,0,2026-08-13
UgxVmXOyfS7yaDcXXuR4AaABAg,0Jbu87PmvIE,Renan Santos,@optimusprime6703,2026-08-08T08:55:13Z,Radicalismo em excess6tambem não é bom,0,2026-08-13
UgyB5cXsswcMXc1YsbJ4AaABAg,0Jbu87PmvIE,Renan Santos,@hesromsouza,2026-08-08T00:22:55Z,"Perfeito, perfeito. A responsabilidade se estende. Cumpra e torne este país um lugar não melhor,  mas ótimo e assim perpétuo para todos, para os partidos,  para a população e para as empresas e a ciência que podemos criar. Comecemos em 2027 e iremos longe a cada dia e a cada ano.Somos Missão.  Somos o NOVO e a mudança não vai ser gloriosa não. Vai doer para muitos, pois para mudar vai precisar corrigir muita coisa e muita gente ao sair da sua acomodação vai chiar e vai gritar. Parasitas são assim, não tem jeito, só sugam e nada entregam.",0,2026-08-13
UgztvcsLQUr5WVRSyBh4AaABAg,0Jbu87PmvIE,Renan Santos,@PescaRJ_Amador,2026-08-07T15:52:59Z,"R$ 6,3 milhões em débitos com a União, incluindo tributos e multas trabalhistas.",1,2026-08-13
UgwsOsWaS8rnxejUWkZ4AaABAg,0Jbu87PmvIE,Renan Santos,@fernandoandrade9039,2026-08-07T15:34:33Z,"Teria mais sucesso, se tivesse a humildade de dizer que Bolsonaro teve ações positivas como presidente, fica a sensação que é uma campanha contra o bolsonarismo, não contra o pt.",1,2026-08-13
UgwsOsWaS8rnxejUWkZ4AaABAg.A_D7g5Yv1qcA_G59NXi2wx,0Jbu87PmvIE,Renan Santos,@raulph1402,2026-08-08T19:10:11Z,"Com certeza ele fez coisas boas, até o Lula deve ter feito coisas boas, mas o líquido é muito negativo, esse é o problema...",0,2026-08-13
UgwsOsWaS8rnxejUWkZ4AaABAg.A_D7g5Yv1qcA_GKEATpDfW,0Jbu87PmvIE,Renan Santos,@fernandoandrade9039,2026-08-08T21:21:55Z,"​@raulph1402aí é uma questão pessoal de cada um, as pessoas não dão valor igual às mesmas coisas, portanto é uma questão subjetiva, no meu entender foi mais positiva do que negativa. Mas reafirmo a sensação com que fiquei do discurso do candidato, parece ser um discurso direcionado para combater principalmente o bolsonarismo.",0,2026-08-13
UgwsOsWaS8rnxejUWkZ4AaABAg.A_D7g5Yv1qcA_GKa_1GYs3,0Jbu87PmvIE,Renan Santos,@raulph1402,2026-08-08T21:25:07Z,"​@fernandoandrade9039fale o que você considerou positivo então, esquece o que eu penso. Não vou te julgar, quero só saber os pontos",0,2026-08-13
UgwsOsWaS8rnxejUWkZ4AaABAg.A_D7g5Yv1qcA_Gc1Zj8jRQ,0Jbu87PmvIE,Renan Santos,@fernandoandrade9039,2026-08-09T00:06:13Z,"​@raulph1402não existe nem condenador e nem condenado no que toca á troca de ideias, existe argumentação e contra argumentação, meu amigo devo dizer que não sou bolsonarista, no meu entender as ações que mais me chamaram a atenção pelo lado positivo foi a procura em ter um estado eficiente, nesse quesito, as medidas de redução de ministérios, não distribuir ministérios e em vez disso tentar colocar pessoas gabaritadas (dentro da ideologia dele) á frente dos ministérios (com erros de escolha, é certo), ter um mandato que coincide com a pandemia, ter extrapolado o gasto público com um orçamento de guerra aprovado no congresso e ainda assim entregar o país com um défice vs pib menor do que quando assumiu o cargo e ainda ter batido record de trabalhadores com carteira assinada são coisas que acredito terem sido positvas, isso com uma imprensa tradicional hostil e um STF que delegou as decisões de combate á pandemia aos governadores não é coisa pouca, mas é claro a minha percepção pode ser escrava das coisas a que dou valor.",0,2026-08-13
UgynYsvvdO2oCJfB-rN4AaABAg,0Jbu87PmvIE,Renan Santos,@Tortuquita_Dev,2026-08-07T10:19:58Z,"O renan agride nosso intelecto, não só o flavio tava via streaming, como todo mundo sabe que o lula não indo eles iriam bater no flavio quem tem mais possibilidade de ganhar e dito e feito, então a possição mais obvia era ele nem ter participado, mais ok pelo menos n era debate ai ok, o flavio ir em debate com renan sem o lula vai ser só pros outros candidatos tentar tirar voto dele kkkk o ranan q se diz tão inteligente acha q os outros tem que ser burros pra ele conseguir brilhar ? Tmnc e",0,2026-08-13
Ugzcgqh3V75XRWkkHb54AaABAg,0Jbu87PmvIE,Renan Santos,@Anderson.felipe1,2026-08-07T08:57:05Z,"Alguém que ver esse meu comentário, me tira uma dúvida: o ministério público pediu absolvição do renan. Tudo bem. Só que vi não qual órgão que não negou o pedido de remoção de um video onde uma pessoa fala que é estu** 
Queria saber",0,2026-08-13
UgzrYi5jxG1ZRcEttJJ4AaABAg,0Jbu87PmvIE,Renan Santos,@betpoker365,2026-08-07T04:51:41Z,NÓS,0,2026-08-13
Ugy1xYCTKfTgF8qApPR4AaABAg,0Jbu87PmvIE,Renan Santos,@umavidacommaisproposito,2026-08-07T04:18:49Z,"vou ate pagar minhas multas por nao ter votado nas eleicoes passadas, apenas para regularizar meu titulo para votar no Renan",0,2026-08-13
UgytefVuTPMIGSmoaZB4AaABAg,0Jbu87PmvIE,Renan Santos,@nildodias7940,2026-08-07T02:10:04Z,"Rapaz,vc deve ter problema...nota 0...vc é fraco.Quem sabe um dia!",0,2026-08-13
UgxEgXkZv3zvuOFtnWB4AaABAg,0Jbu87PmvIE,Renan Santos,@GILMARMOREIRA-m7s,2026-08-07T01:23:29Z,"Parabéns pela entrevista, nao conhecia o Renan Santos ! aproveite a ausência dos """"fujoes"""" Lula e Flavio Bolsonaro para elevar o nível dos debates, e eles nao farão falta porque nao tem nada a dizer .",0,2026-08-13
Ugwb9EQg7nboCe-jeBN4AaABAg,0Jbu87PmvIE,Renan Santos,@saulocontente4486,2026-08-06T18:35:24Z,Renan esse Thallis Gomes é declaradamente seu inimigo. Ele é um avido apoiador do Flávio Bolsonaro..,1,2026-08-13
UgzuQom9LGjZZq9Lq1h4AaABAg,0Jbu87PmvIE,Renan Santos,@guispeTum,2026-08-06T15:10:50Z,"""""SABATINA DO TALLIS GOMES""""
A que ponto chegamos.",1,2026-08-13
UgwlDu10YrS4jT8uRh94AaABAg,0Jbu87PmvIE,Renan Santos,@GeorgeAlmeidaCunha-z2f,2026-08-06T14:35:04Z,Tiraram duas MATERIAS.   EMC MMC,0,2026-08-13
UgxldtXmuhmfxOcoOdp4AaABAg,0Jbu87PmvIE,Renan Santos,@GeorgeAlmeidaCunha-z2f,2026-08-06T14:17:06Z,Vou voltar quem não deve algo Pará justica,0,2026-08-13
UgzNmIAkVKDqrdya0i14AaABAg,0Jbu87PmvIE,Renan Santos,@GeorgeAlmeidaCunha-z2f,2026-08-06T14:10:20Z,REINAM AMOSTRA PROPOSTA DEIXA À FAMILHA BOSSONÁRIO  PRONTO IMPORTANTE E TIRAR O PT PRONTO GOSTO  DO SENHOR,0,2026-08-13
UgzzNluuI8bYmG07MGB4AaABAg,0Jbu87PmvIE,Renan Santos,@GeorgeAlmeidaCunha-z2f,2026-08-06T14:02:36Z,Eu acho que TALES PODERIA FAZER ÀS  MESMA PWRGUNTAS PARA TODOS   MAIS FLÁVIO  ELE AIIVIOU QUEM NÃO DEVE NÃO TEME,0,2026-08-13
UgwIUIpknhYeUd4t4_l4AaABAg,0Jbu87PmvIE,Renan Santos,@marcelonewslife,2026-08-06T14:00:00Z,Voltei a animar pra ir pras urnas!,1,2026-08-13
UgzheZD6iv-EZUt0gcd4AaABAg,0Jbu87PmvIE,Renan Santos,@yuriktv,2026-08-06T12:51:18Z,Código: JY3ZQV,0,2026-08-13
UgwgQw7Y-vmveyqd9yV4AaABAg,0Jbu87PmvIE,Renan Santos,@escolacervejeirabrasileira,2026-08-06T10:34:14Z,"Mas  responda para seus  eleitores  uma pergunta:

Lula é corrupto?",0,2026-08-13
UgwpJKfcbA8TaeHMIwx4AaABAg,0Jbu87PmvIE,Renan Santos,@henriqueleal6640,2026-08-06T09:54:23Z,"Esse site que fizeram é bizarro, parabéns aos desenvolvedores",1,2026-08-13
Ugy6LJCQSBBTO2-NObp4AaABAg,0Jbu87PmvIE,Renan Santos,@ghostchart,2026-08-06T04:10:46Z,"Kkkk o adolescente de 40 anos, é um pateta bufão kkkkk",0,2026-08-13
UgxpbtYFcLIAPIPzdkN4AaABAg,0Jbu87PmvIE,Renan Santos,@Veryaleatorhio,2026-08-06T00:32:04Z,Renan 14,1,2026-08-13
Ugxh7iPt1jspgBj0_pF4AaABAg,0Jbu87PmvIE,Renan Santos,@brunoreiscb,2026-08-05T23:59:08Z,"Foi mto bem, mas tem que meter pau no STF mais. E outra elogiar Flavio Dino não dá. Escutar as criticas do Kim ao Dino.",0,2026-08-13
Ugxh7iPt1jspgBj0_pF4AaABAg.A_8sq4gLKlqA_9fndDVSQi,0Jbu87PmvIE,Renan Santos,@eryc_constantino,2026-08-06T07:24:27Z,"Te entendo, mas o Renan elogia o Flávio Dino pela boa vigilância na idoneidade das emendas do congresso. Claro que isso é apenas uma estratégia do Planalto para negociar com o legislativo — e o Renan sabe bem disso. A questão é que também, talvez, seja interessante não desgastar a inevitável interrelação para com esse ministro, para fazer valer o bom combate contra desvios das emendas, num eventual governo Renan. Duvido muito que o sujeito queira contribuir positivamente a um governo que será o maior inimigo da esquerda pelas próximas décadas, mas não custa tentar. Interpreto assim, esse comportamento do Renan.
Sei, no entanto, que o Flávio Dino era completamente massacrado pelo Renan, até 2025, onde inicia-se essa função de punitivismo em meio às emendas parlamentares.",0,2026-08-13
Ugy7nF1D36QzN-HliOJ4AaABAg,0Jbu87PmvIE,Renan Santos,@Gui_Lovatto,2026-08-05T23:49:57Z,O cara da uma resposta mais completa impossível e o Tallis pergunta no final a mesma coisa kkkk,2,2026-08-13
UgxEce3wEaf-P2BzPPJ4AaABAg,0Jbu87PmvIE,Renan Santos,@hxll6ix,2026-08-05T23:29:59Z,Quebrou todo aquele argumento do Renan ser um tecnocrata por ter convidado o Curtis Yarvin pra palestrar no congresso do MBL no ano passado... Um CEO busca o lucro e a inovação na sua área. Um presidente é um representante do povo e um lider do povo. Ou pelo menos era pra ser.,0,2026-08-13
UgyErJ7JNfVCzIumWdt4AaABAg,0Jbu87PmvIE,Renan Santos,@anakatrynacabrini,2026-08-05T22:23:23Z,Cadê o pó?,0,2026-08-13
UgzHP5hBgVN7cEWY_xZ4AaABAg,0Jbu87PmvIE,Renan Santos,@Misuru-l7v,2026-08-05T21:57:33Z,"Kkkk. Destruído na Globo News! Se os fascistas já não passarão, imagine esses fascistinhas manés incels do MBL/Missão! 😂😂😂😂",2,2026-08-13
Ugw5aC7qcbWOlAqbc414AaABAg,0Jbu87PmvIE,Renan Santos,@AleBu1977,2026-08-05T21:52:41Z,Mais um Pablo Marçal querendo chamar a atenção com ideias fantasiosas,0,2026-08-13
UgxQ2RB8-461m-ig9214AaABAg,0Jbu87PmvIE,Renan Santos,@arlenecavalari5194,2026-08-05T20:50:00Z,Esse cara aí renan santos é um ser desprezível ! É vassalo do lula e engana vcs  !,0,2026-08-13
UgyQiICg5y1MS57gGql4AaABAg,0Jbu87PmvIE,Renan Santos,@oheb14,2026-08-05T20:22:21Z,"Mandou muito bem na sabatina, vamos por mais Nanan!",0,2026-08-13
Ugzkxk00JqGVrIBiGat4AaABAg,0Jbu87PmvIE,Renan Santos,@SujiroQuimikoma,2026-08-05T20:17:18Z,Esse João Canabrava psolista só engana a meia dúzia de bunda mole fâ do MBL hahah,0,2026-08-13
UgxobG01aGOq_sQrwEh4AaABAg,0Jbu87PmvIE,Renan Santos,@DesenhosAnimados-o6o,2026-08-05T20:05:22Z,"O Flávio só foge, e tem otários que ainda querem ele 😂",1,2026-08-13
UgxAWEqGGXKMaqFE1Yp4AaABAg,0Jbu87PmvIE,Renan Santos,@Thales.DalBello,2026-08-05T20:02:58Z,eu acho que tem que perguntar pro Flávio se ele votaria no Renan se fosse Lula e Renan no segundo turno.,0,2026-08-13
UgxspG6PHRF4lbkuYOd4AaABAg,0Jbu87PmvIE,Renan Santos,@Kaay129,2026-08-05T18:31:43Z,Renan Santos é o Êneas da minha geração,1,2026-08-13
UgxYUlTBcJ20XM8eEPh4AaABAg,0Jbu87PmvIE,Renan Santos,@Henrique-q5i,2026-08-05T18:29:47Z,Flávio Wonka Master 😂😂 Amigão do Vorcaro.,0,2026-08-13
Ugx5qM1yv8Qk6_ioBNZ4AaABAg,0Jbu87PmvIE,Renan Santos,@joel18446,2026-08-05T18:08:27Z,O futuro é glorioso,0,2026-08-13
UgxYnjMUwGPgMXq-y9t4AaABAg,0Jbu87PmvIE,Renan Santos,@carlosschneider4015,2026-08-05T16:58:30Z,"Flavio acusação Lula de interferir na Polícia Federal e no STF... Exatamente o que o pai do sujeito fez para livrá-lo da investigação de rachadinhas, lavagem de dinheiro...",0,2026-08-13
Ugy6AIihsYsahbLn9uZ4AaABAg,0Jbu87PmvIE,Renan Santos,@Luanzeramg,2026-08-05T16:49:38Z,"Já que é uma entrevista de emprego, ele contrataria o cara que FOGE da entrevista? kkkkkkkkkkkkkkkk ele contrata o cara que lê teleprompter durante uma entrevista EAD? kkkkkkk",0,2026-08-13
Ugz1c7PzSR42f0VcQ5h4AaABAg,0Jbu87PmvIE,Renan Santos,@sidneysimplicio3042,2026-08-05T16:43:20Z,"Eles te pressionaram a dizer algo sobre o segundo turno acredito, entre escolher entre Flávio ou Lula, porque, para aqueles que não te conhecem e não conhecem o MBL, vc pode parecer de esquerda por apontar os escândalos os quais o Senhor Flávio está envolvido, o que os bolsonaristas interpretam como ataque. Já vi pessoas que pouco conhecem sobre o MBL, dizendo que vcs são """"cria"""" do PT, que no segundo turno, caso vc não concorra que vcs irão apoiar o PT... Acredite, os eleitores são tão alheios a informação, tão presos a suas próprias bolhas e tão serviçais escravizados dos seus políticos de estimação que não são capazes de escutar, analisar e entender o trabalho do MBL e julgar o que vcs realmente são.",0,2026-08-13
Ugx1HbeZWtRFMEVwswt4AaABAg,RkWMhBjuCHc,Renan Santos,@todoqcrer,2026-08-02T10:46:19Z,Pra cimaaaa,0,2026-08-13
Ugyxivmwf6jXFcBlREt4AaABAg,RkWMhBjuCHc,Renan Santos,@toemcasabrasil,2026-08-01T09:13:05Z,"🇧🇷🇧🇷🇧🇷
Terra adorada Entre outras mil,
És tu, Brasil, Ó Pátria amada!",0,2026-08-13
Ugz2X3znaFpkJ94qZH94AaABAg,RkWMhBjuCHc,Renan Santos,@leandrofc6794,2026-07-30T16:34:52Z,Goiás??? Ueh Ronaldo Caiado não era governador do Goiás? Que diz ele que foi uma excelente gestão? Algo de errado não está certo nisso 🙊🙉🙈,0,2026-08-13
UgzAqNyZyGFKkWXWh4Z4AaABAg,RkWMhBjuCHc,Renan Santos,@jonasyagodepaula7820,2026-07-29T12:08:50Z,Uai  Caiado 😂😂😂 o que aconteceu kkk?,0,2026-08-13
UgzhMrBHY8_fOlS9WZZ4AaABAg,RkWMhBjuCHc,Renan Santos,@leandromoreira8298,2026-07-28T18:40:18Z,Uai não é no Goiás que não tem bandido??,0,2026-08-13
Ugzb3LJ0A0pMIrJyjMZ4AaABAg,RkWMhBjuCHc,Renan Santos,@ArthurSoares-l8z,2026-07-27T23:20:19Z,O PCC é organizado e atua nas sombras o CV é uma guerrilha.,0,2026-08-13
UgxdBFspUxCR0YPx66p4AaABAg,RkWMhBjuCHc,Renan Santos,@srtafofurinha,2026-07-26T21:36:24Z,Te protege!!!,0,2026-08-13
Ugyk8GVbST8tHBAOsXp4AaABAg,RkWMhBjuCHc,Renan Santos,@RichardCadurin,2026-07-26T19:36:41Z,"Coitados dos honestos que investem nesse ramo, como enfrentar essa concorrência, e no final são acusados de ladrões pois não conseguem ter preços competitivos",0,2026-08-13
UgwOrFhbbqf_WDfpdRd4AaABAg,RkWMhBjuCHc,Renan Santos,@mateusIto-z3r,2026-07-26T12:48:56Z,Kk o prefeito de goiaos da o aval,0,2026-08-13
UgzkIkSKW0jbK3RKYf14AaABAg,RkWMhBjuCHc,Renan Santos,@clebsonsantos8256,2026-07-25T17:11:39Z,"Enquanto uns atacam, Renan segue nas propostas",0,2026-08-13
UgyMLmqkZXwrvPe1-Yh4AaABAg,RkWMhBjuCHc,Renan Santos,@paulojose525,2026-07-25T15:10:22Z,O novo Padre Kelmon 😂,0,2026-08-13
Ugyc3B3ejoJZQyrLoEd4AaABAg,RkWMhBjuCHc,Renan Santos,@heitor-xf1uw,2026-07-25T05:14:42Z,Renan Santos⬛️🟨⬜️,1,2026-08-13
UgyaHxOnT9YcxFuWDIx4AaABAg,RkWMhBjuCHc,Renan Santos,@heitor-xf1uw,2026-07-25T05:14:33Z,Curtida 12mil!,1,2026-08-13
UgzL2TEoBsXih0lt2p94AaABAg,RkWMhBjuCHc,Renan Santos,@lucasximenesxavier12,2026-07-24T19:07:31Z,"Nem precisa adulterar, o Estado já quer por 35% de álcool na gasolina",1,2026-08-13
Ugz4c2EyBvavNNcn_0p4AaABAg,RkWMhBjuCHc,Renan Santos,@alexandrevilarinho8980,2026-07-24T01:26:37Z,"Com a gasolina E32, o Governo também está competindo com o crime organizado e adulterando a gasolina... Como fica nessa situação?",0,2026-08-13
UgxhIqqQxqFvli3w5d94AaABAg,RkWMhBjuCHc,Renan Santos,@vinnuz9997,2026-07-23T17:07:33Z,"opa, esse não é o Goiás do todo-poderoso Ronaldo Caiado que acabou com o crime organizado?",0,2026-08-13
Ugzu2ARqaHU1Wiy46N14AaABAg,RkWMhBjuCHc,Renan Santos,@kelvzonegameplays7811,2026-07-23T14:35:13Z,14 neles,0,2026-08-13
UgzyVZL4QugPRzP10wV4AaABAg,RkWMhBjuCHc,Renan Santos,@gustavohenrique-cs8ib,2026-07-23T12:19:49Z,"Se cuida Renan, todo cuidado é pouco",1,2026-08-13
Ugyxk6rNBgz7iMvMmrt4AaABAg,RkWMhBjuCHc,Renan Santos,@robertolima2331,2026-07-23T11:53:22Z,O que fudendo nosso país é o senado e o STF...,0,2026-08-13
Ugxd2pk2iJA4rzfCeAN4AaABAg,RkWMhBjuCHc,Renan Santos,@orlandosousa6341,2026-07-23T04:53:44Z,"“Nosso” país está dominado mesmo pelo crime organizado! Somente o RENAN mostra a verdade! Os demais políticos fingem contar a verdade ou menos que meia verdade  ! A impressão que tenho, diante do que é noticiado, é que o sistema político é convivente com os tentáculos do crime organizado!",0,2026-08-13
Ugy4KnuGHXKI-b8zUxx4AaABAg,RkWMhBjuCHc,Renan Santos,@umbrasileiroqualquer622,2026-07-23T03:51:51Z,Missão.,0,2026-08-13
UgxDPonPPyry28wPKGV4AaABAg,RkWMhBjuCHc,Renan Santos,@pauloberezovski2059,2026-07-23T00:24:23Z,"Vamo rezar pra não matarem o Renan antes da gente poder votar nele, que Deus cuide desse cara",1,2026-08-13
UgxZf-mWNvIRyhkWO8J4AaABAg,RkWMhBjuCHc,Renan Santos,@medicinahumanaxxxiiunprg8063,2026-07-22T23:36:37Z,Grande Renan!!,1,2026-08-13
Ugy_FNIF3XZqGRuTFTJ4AaABAg,RkWMhBjuCHc,Renan Santos,@AdrianoFLino,2026-07-22T23:20:15Z,"Nada me tira da cabeça que Marcinho VP, Fernandinho Beira-Mar, Doca, Marcola,.... São só a ponta do iceberg, os verdadeiros laranjas, creio que quem está por trás tem dedo podre dentro da política.",0,2026-08-13
UgwC_GOJa3eb_LayK6Z4AaABAg,RkWMhBjuCHc,Renan Santos,@matheustelesferreira,2026-07-22T22:52:48Z,"Postos de gasolina, todos nós já desconfiávamos, agora tem que começar a investigar essas (novas) e inúmeras franquias de academia, que vem abrindo em SP. É Muito estranho academias milionárias sendo montadas do dia para noite.",0,2026-08-13
UgwVtl7BEVOO-GlGjUJ4AaABAg,RkWMhBjuCHc,Renan Santos,@erikabreu1994,2026-07-22T22:52:29Z,"Resido em Goiás e estou pedindo votos para você,  ainda há esperança para este nosso Brasil.",1,2026-08-13
UgwChODxopeqIWFV91V4AaABAg,RkWMhBjuCHc,Renan Santos,@erikabreu1994,2026-07-22T22:50:48Z,"Só você,  Renan, para ajidar a mudar este país.",1,2026-08-13
UgwOPiYagCK-gc-Lq394AaABAg,RkWMhBjuCHc,Renan Santos,@CarlosRobertoMartins-t9s,2026-07-22T22:30:28Z,"Vc tem coragem,Deus abençoe sempre sua vida Renan Santos para presidente",0,2026-08-13
Ugy_h_BOKzuWSaUwhaZ4AaABAg,RkWMhBjuCHc,Renan Santos,@samuelrodrigues-mt2tb,2026-07-22T22:24:48Z,Entregando  caiadão😂?? Cuidado  n meche com coronel  n,0,2026-08-13
UgxF08Ezhs2HBF8uidd4AaABAg,RkWMhBjuCHc,Renan Santos,@Mauricio_Bispo,2026-07-22T21:58:55Z,"Alguém cria o meme, de algum filme, tipo tropa de elite, dos caras falando que o """"Fdp do Renan tá fudendo com nossos esquemas"""" kkkkk",0,2026-08-13
Ugx8cYdPTN9P6PYP36V4AaABAg,RkWMhBjuCHc,Renan Santos,@igorfabriciodossantos5250,2026-07-22T21:53:27Z,Uai o Caiado não tinha acabado com o crime organizado no Goias?,0,2026-08-13
UgwP9b3ClGdyV2Bs6yZ4AaABAg,RkWMhBjuCHc,Renan Santos,@TchescoSabotage,2026-07-22T21:51:36Z,204 mil inscritos o home é fera,0,2026-08-13
Ugw5YHxgieqaoLywyoR4AaABAg,RkWMhBjuCHc,Renan Santos,@LuísAlbertoBS,2026-07-22T21:25:04Z,Em frente!,0,2026-08-13
UgxLt77-Hyu3YqTTMiB4AaABAg,RkWMhBjuCHc,Renan Santos,@guilhermeguimaraes1456,2026-07-22T20:55:40Z,Pelo fim das facções!,0,2026-08-13
Ugz4BCfBqPVWTVml7kN4AaABAg,RkWMhBjuCHc,Renan Santos,@LWC,2026-07-22T20:42:33Z,É isso aí. Tem que fazer uma limpa mesmo!,0,2026-08-13
UgzIoBgs-VY1pBmQ5Jd4AaABAg,RkWMhBjuCHc,Renan Santos,@felipejung8012,2026-07-22T20:39:36Z,Thanks!,2,2026-08-13
UgxxnZbFftCq6erHSk54AaABAg,RkWMhBjuCHc,Renan Santos,@sergioaraujo2748,2026-07-22T20:34:32Z,Vc não vê outros candidatos mexendo nesse vespeiro das organizações criminosas. Renan Santos Presidente 14,0,2026-08-13
Ugy1nthdNLDT64qi7E54AaABAg,RkWMhBjuCHc,Renan Santos,@DiegoCantor-x5l,2026-07-22T20:17:06Z,Verdade.,0,2026-08-13
Ugw6MK9Q2cglqnzEO5R4AaABAg,RkWMhBjuCHc,Renan Santos,@DarlisonAraujo-qg8du,2026-07-22T20:16:23Z,"Tem que investigar se o Caiado tem parte nisso , porque ele vive se vangloriando que acabou com as facções por lá,😂😂😂😂😂😂😂😂😂😂😂 acho que ele só fez eles ficarem mais milionários e saírem das ruas 😂😂😂😂😂😂.",0,2026-08-13
UgxOzxIhdXgDZQynkRt4AaABAg,RkWMhBjuCHc,Renan Santos,@diiibas,2026-07-22T19:53:37Z,Os cara executaram uma pessoa no meio de um aeroporto Renan meu Xará. Ta dando mole ai.,0,2026-08-13
UgzEU5SlbFllnD8zE_h4AaABAg,RkWMhBjuCHc,Renan Santos,@ribeirotextil9607,2026-07-22T19:38:20Z,Pra cima,0,2026-08-13
UgzCZHIPl6u_daTHEZ14AaABAg,RkWMhBjuCHc,Renan Santos,@wellingtonlopes2435,2026-07-22T19:02:34Z,Br,0,2026-08-13
UgzYiDhTocEsWu_eZDN4AaABAg,RkWMhBjuCHc,Renan Santos,@ZoDGameDev,2026-07-22T18:44:42Z,"Renan, caso eles tentem matar você... seu livro tem um guia de seguirmos seu caminho e tomar seu lugar, para que sua vontade e a do povo serio, nunca morra?",0,2026-08-13
UgzMnv-J5CDzh6Mjwth4AaABAg,RkWMhBjuCHc,Renan Santos,@allwinkk,2026-07-22T18:36:59Z,Renan Santos presidente,0,2026-08-13
Ugy-HPwjo7HztY8Rupd4AaABAg,RkWMhBjuCHc,Renan Santos,@phdousseau,2026-07-22T18:31:56Z,"Vc me representa, mas sem a mídia internet e coligações nao teremos chance..... foco e menos ansiedade",0,2026-08-13
Ugz2CvXRY5cYRFKPZCx4AaABAg,RkWMhBjuCHc,Renan Santos,@phdousseau,2026-07-22T18:31:04Z,Cola com Nicolas,0,2026-08-13
UgxlPQC7NTqlpEaPeWl4AaABAg,RkWMhBjuCHc,Renan Santos,@InvasãoTrump,2026-07-22T18:26:15Z,"O PCC no final acabando fazendo até o CV, PM e prefeituras comprarem combustível deles sem saber.",0,2026-08-13
UgwFMJMEISGOcx_sbUx4AaABAg,RkWMhBjuCHc,Renan Santos,@canaldozike8707,2026-07-22T18:19:40Z,Agora fiquei na duvida! O caiado falou que  o crime organizado no Goiás não  existe.,0,2026-08-13
UgzoiqC3f4Awf9oSWBB4AaABAg,RkWMhBjuCHc,Renan Santos,@FoxxShortts,2026-07-22T18:01:29Z,E o caiado vem falar que a policia dele trabalha kkkkk vergonha!,0,2026-08-13
Ugz99UJss95JbgOFnZl4AaABAg,RkWMhBjuCHc,Renan Santos,@mariaaparecidaranzoni1012,2026-07-22T17:57:52Z,Misericodia credo 😂😂😂😂,0,2026-08-13
UgzQx9iOla8PLBDTmkp4AaABAg,qW_LVBvKaQ8,Renan Santos,@toemcasabrasil,2026-08-01T09:14:41Z,"🇧🇷🇧🇷🇧🇷
Dos filhos deste solo és mãe gentil,
Pátria amada, Brasil!",0,2026-08-13
Ugx3KZi9UhmIPZDXXK14AaABAg,qW_LVBvKaQ8,Renan Santos,@uedsonsilva9624,2026-07-30T02:57:26Z,https://youtube.com/shorts/_VY9mMrQA64?is=e8t952l2EQgkV15f,0,2026-08-13
UgyanQDHTU7CB4rGpd94AaABAg,qW_LVBvKaQ8,Renan Santos,@GeisaColossi,2026-07-28T19:58:41Z,RENAN SANTOS- PRESIDÊNCIA-2026🎉🎉🎉🎉🎉🎉🎉🎉🎉🎉🎉🎉🎉🎉🎉🎉,0,2026-08-13
UgyEid3bxmnQj7Ig-_R4AaABAg,qW_LVBvKaQ8,Renan Santos,@Questiones,2026-07-27T21:56:58Z,14 No cabeça de Ovo,0,2026-08-13
UgwAnp8q7KGJVUvViKl4AaABAg,qW_LVBvKaQ8,Renan Santos,@Allan-Vivan,2026-07-26T16:59:44Z,"Renan Santos presidente 🇧🇷 🇧🇷 14💪🏻
Futuro é glorioso MBL é inevitável",0,2026-08-13
Ugzt_qYLS6oL6f30iXl4AaABAg,qW_LVBvKaQ8,Renan Santos,@migueluahara1314,2026-07-26T06:05:17Z,🎉🎉🎉,0,2026-08-13
UgwJrNl6nQcXr5hgrkF4AaABAg,qW_LVBvKaQ8,Renan Santos,@RPFuiOnde,2026-07-26T04:03:07Z,Seja eleito e cumpra todas as promessas. Pelo amor de tudo que é mais sagrado 🙏🏻,0,2026-08-13
UgxZhJelLQHzq7jafjV4AaABAg,qW_LVBvKaQ8,Renan Santos,@Lua658,2026-07-25T02:00:01Z,Não vejo a hora! Moro no Rio de Janeiro!,0,2026-08-13
Ugyny-k8o1I4yyjkQph4AaABAg,qW_LVBvKaQ8,Renan Santos,@secsaude4314,2026-07-25T00:10:05Z,Top,0,2026-08-13
Ugzi33IFGzekWG5Eq9t4AaABAg,qW_LVBvKaQ8,Renan Santos,@elielsilva1255,2026-07-24T18:16:57Z,Mais vc fez coraçãozinho pra ele,0,2026-08-13
Ugz1oECIuR-a83SXHQx4AaABAg,qW_LVBvKaQ8,Renan Santos,@caçado-t5l,2026-07-24T18:06:26Z,"De acordo com a Bíblia ,  em Apocalipse o LuLa  e o próprio diabo 👿 cavaleiro de branco que virá simbolizando a paz  🕊️  quem criou o símbolo da paz 🕊️. foi o LuLa",1,2026-08-13
UgzczOOHTssOaJi6O9d4AaABAg,qW_LVBvKaQ8,Renan Santos,@thelordbills6554,2026-07-24T13:40:52Z,A reação do Pimentel 🤯,0,2026-08-13
Ugwe8MUtsmFtdH3hp2d4AaABAg,qW_LVBvKaQ8,Renan Santos,@moradanovasupermercado6511,2026-07-24T13:33:00Z,"Quem não se interessa por político sofrerá sendo governado pelos piores. Em 2026 escolha o melhor, conheça Renan Santos. Chega de votar no menos pior, ou no que pode ajudar a vencer o PT mas na real é corrupto. Conheça o MISSÃO, o partido da nossa geração",0,2026-08-13
UgwA_ns7JnOj6mbLE8J4AaABAg,qW_LVBvKaQ8,Renan Santos,@antioruam-x2l,2026-07-24T13:27:48Z,Boa,0,2026-08-13
UgzGEsyY25lPd1iS2jR4AaABAg,qW_LVBvKaQ8,Renan Santos,@samuellima6318,2026-07-24T09:54:23Z,"Ordem ilegal não se cumpre, regra que e ilegalmente reconhecida como lei também não se cumpre então está errado concordando ou não com isso....",0,2026-08-13
UgyomZ_iU_UtTkxhJg94AaABAg,qW_LVBvKaQ8,Renan Santos,@fabiolira01,2026-07-23T22:36:29Z,"A Missão é inevitável!
1️⃣4️⃣⬛🟨⬜✅",0,2026-08-13
Ugx7jbKs-_cRTO0dvk54AaABAg,qW_LVBvKaQ8,Renan Santos,@LimpcityAuxiliar,2026-07-23T22:15:32Z,Espero que vc  não nos decepcione Renan,0,2026-08-13
UgzoYHrqjxqUONib7rx4AaABAg,qW_LVBvKaQ8,Renan Santos,@IanAugusto-t3o,2026-07-23T16:36:09Z,"Antes de ganhar já começa latir que não vai respeitar STF? Brasil não é El Salvador ou Argentina com seus ídolos de barro 🤡
Sem chance playboy",0,2026-08-13
UgzC_2GxOLbsgkNIdOJ4AaABAg,qW_LVBvKaQ8,Renan Santos,@nathanalvesss,2026-07-23T14:53:04Z,O homem é inevitável,0,2026-08-13
UgzEkbjM0Fej1g0r8Ah4AaABAg,qW_LVBvKaQ8,Renan Santos,@FERNANDO-iq4wd,2026-07-23T12:50:54Z,1️⃣4️⃣🐆🇧🇷✈️,0,2026-08-13
UgxcgZYhF3t8aj4SSd54AaABAg,qW_LVBvKaQ8,Renan Santos,@JuliaoBR1,2026-07-23T12:33:30Z,Sinceramente eu acho que ignorar é pouco. O certo era ir com a polícia na casa do vagabundo do STF que vai esta tentando bloquear e levar ele preso!,0,2026-08-13
UgzGyEG6O4-KkQ1TZh14AaABAg,qW_LVBvKaQ8,Renan Santos,@biis2dynha,2026-07-23T11:25:43Z,14!,0,2026-08-13
Ugxd8wg72ACQxUfr7gN4AaABAg,qW_LVBvKaQ8,Renan Santos,@Ater-Gatoveio02,2026-07-23T03:22:01Z,Up❤,0,2026-08-13
UgyURQDfX6NdLr8NeKh4AaABAg,qW_LVBvKaQ8,Renan Santos,@mariaaparecidaranzoni1012,2026-07-23T01:25:11Z,Vamos a nos ajudá-lo a mudar nossa👍 história Renan🫶 determinar a tornar digna a vida do cidadão pagador de impostos🐆unidos venceremos 🤝,0,2026-08-13
UgzNEJXJUuyIg3NnWER4AaABAg,qW_LVBvKaQ8,Renan Santos,@ShortsMania-s6x,2026-07-23T00:50:20Z,Eu queria que ele ganhasse,0,2026-08-13
UgxgnD_8JfvlYjrHNBp4AaABAg,qW_LVBvKaQ8,Renan Santos,@Israel.freitas,2026-07-22T22:41:36Z,"Na hora caga mole, igual ao Bolsonaro.. kkkkk tmj Renan 14!",0,2026-08-13
Ugzhhc2H3qPh8H-2AIh4AaABAg,qW_LVBvKaQ8,Renan Santos,@mtpokas4736,2026-07-22T22:11:35Z,Tragam a urna.,0,2026-08-13
Ugym4fTCagJkqW7dc6Z4AaABAg,qW_LVBvKaQ8,Renan Santos,@erm037,2026-07-22T21:59:15Z,14 👊🏻🇧🇷,0,2026-08-13
Ugz-7jcI0Ez_TzZ72vd4AaABAg,qW_LVBvKaQ8,Renan Santos,@CapvaraCap,2026-07-22T21:57:50Z,🎉🎉,0,2026-08-13
Ugyp1FxR_27PbfXztTR4AaABAg,qW_LVBvKaQ8,Renan Santos,@Andre-ip9zq,2026-07-22T20:52:49Z,14,0,2026-08-13
Ugw_q9I1-90GeqlZHBx4AaABAg,qW_LVBvKaQ8,Renan Santos,@la9911,2026-07-22T20:41:01Z,"Meu voto será seu aliás o voto dos Brasileiros se caso vc não tenha rabo preso ,seja independente e não levante camisa nem.de Lula nem.Bolsonaro",0,2026-08-13
UgzWVCs-3B3ioDlyHiZ4AaABAg,qW_LVBvKaQ8,Renan Santos,@la9911,2026-07-22T20:40:10Z,"Fomos enganados pelo Bolsonaro armou a população e nada adiantou!
Precisamos de um.presidente mão de ferro e democrático!
O TRÁFICO TEM QUE SE SUFOCADO O ESTADO CORTAR NA CARNE!
CHEGA DE BARULHO COM LULA E BOLSONARO! VAMOS BOTAR NA PRESIDÊNCIA ALGUEM QUE SEJA INDEPENDENTE E CUMPRA DE FATO O COMBATE CONTRA O TRÁFICO!",0,2026-08-13
Ugy0PZFgt8o-JBxqfZ94AaABAg,qW_LVBvKaQ8,Renan Santos,@MainKatarinaPassandoFome,2026-07-22T20:32:06Z,"Política é uma doidera.. 
Não é só ter um governante bom, também é garantir que o próximo também seja ou que você consiga tirar ele se não for.. 
Por exemplo a ideia de democracia é bom pela troca de poder, mas sinceramente um governante bom e qualificado como Dom Pedro II, se esse cara existir e fizer a vida do povo melhorar por mim ele poderia ficar o resto da vida no poder desde que continuasse exercendo um bom trabalho. O problema é quando isso não acontece aí como que tira o cara sem uma democracia? Ou o filho mimado dele por exemplo? 
A resposta democrática que temos para isso é a criação de um sistema que não possa ser mudado de qualquer jeito por qualquer um.. 
E nós temos um sistema político difícil de alguém conseguir mudar e muito falho.. 
Então sei lá.. é muito complexo",0,2026-08-13
Ugx2Fx0DjsbCVdXjKAx4AaABAg,qW_LVBvKaQ8,Renan Santos,@sograal,2026-07-22T20:21:38Z,Vou votar neste cara so pra ver se este cara vai fazer mesmo.,0,2026-08-13
UgzExbqctBXrWb8i3p14AaABAg,qW_LVBvKaQ8,Renan Santos,@Marcia-e8d,2026-07-22T20:07:50Z,🐆🐆🐆🐆🐆🐆🐆💚💚💚🇧🇷🇧🇷🇧🇷🇧🇷🇧🇷🇧🇷🇧🇷🇧🇷🇧🇷🐆🐆🐆🐆🐆 RENAN SANTOS14 Presidente,0,2026-08-13
Ugz1KvZOoMGmfNX0NAd4AaABAg,qW_LVBvKaQ8,Renan Santos,@lucastorres997,2026-07-22T19:53:16Z,"vc tem condições de fazer isso mesmo ?o Sistema vai te engolir . Bom , se eu votar , se ... provavelmente votarei em vc",0,2026-08-13
Ugwm01Qp3XBqwEJA67x4AaABAg,qW_LVBvKaQ8,Renan Santos,@toguraoplay,2026-07-22T19:27:59Z,Pra acabar com o crime você vai ter que enfrentar o capeta,0,2026-08-13
Ugye5tklpW36IabNWPJ4AaABAg,qW_LVBvKaQ8,Renan Santos,@leemajours9889,2026-07-22T18:58:03Z,"Nessa eleição infelizmente ele não ganha, mas na próxima há 80~90% de chances de vitória.",0,2026-08-13
UgxG-ZBVRIjkdxvW_Cp4AaABAg,qW_LVBvKaQ8,Renan Santos,@gabrielfilipe3922,2026-07-22T18:56:06Z,Esse cara é top demais,0,2026-08-13
Ugy_OPcb6RkC-DNIWLN4AaABAg,qW_LVBvKaQ8,Renan Santos,@jasonfai3600,2026-07-22T18:55:09Z,Queria tanto que fosse verde 😢,0,2026-08-13
Ugydu-8b3la3IfkmZQp4AaABAg,qW_LVBvKaQ8,Renan Santos,@Men1noNey,2026-07-22T18:51:55Z,Quero muito que isso aconteça,0,2026-08-13
UgwyM6Gw38sAIB_mcIN4AaABAg,qW_LVBvKaQ8,Renan Santos,@alessandrodiogo5619,2026-07-22T18:51:18Z,"SOU PARAIBANO, E VEJO CLARAMENTE QUE O RENAN SANTOS É A ÚNICA ESPERANÇA PRA ESSE PAÍS ESCULHAMBADO DO KRALHO",0,2026-08-13
UgwmhRQJkhJvkFzLhox4AaABAg,qW_LVBvKaQ8,Renan Santos,@AdilsondeSouzacoutinhoSouz-m4s,2026-07-22T18:28:03Z,Legal .nisso vc tá certo.quanto a isso.me fala também qual a sua política imediata p acabar com está pouca vergonha.chsmado . salário vergonhoso apelidado de mínimo 😢😢😢😢😢fala aí . não iwuinore a pergunta,0,2026-08-13
Ugznxzv9WIegqao4JSF4AaABAg,qW_LVBvKaQ8,Renan Santos,@jeansilva-lz5jf,2026-07-22T18:12:31Z,"Pelos visto, esse cara tem mais competência que o Flávio Bolsonaro para a candidatura a presidência.",0,2026-08-13
UgyEUJ-kuaXf5Xahj1R4AaABAg,qW_LVBvKaQ8,Renan Santos,@romilsonpereira2786,2026-07-22T18:07:31Z,"Em um outro corte falou: """"vamos colocar um ministro no STF""""  é um mentiroso isso é só falácia política.",0,2026-08-13
UgzVbOeXPFpPd74ZZ4d4AaABAg,qW_LVBvKaQ8,Renan Santos,@insanenoah,2026-07-22T17:42:30Z,Todo candidato fala isso. Nenhum cumpre.,0,2026-08-13
UgwtN44ow1XgiwwaoXh4AaABAg,qW_LVBvKaQ8,Renan Santos,@SolidGAP,2026-07-22T17:23:17Z,Problemas que esses caras são criminosos e vão defender com unhas e dentes os seus comparsas.,0,2026-08-13
UgwZtKaDERLdjHCYmrp4AaABAg,qW_LVBvKaQ8,Renan Santos,@clovisirigoyen3715,2026-07-22T17:22:45Z,Esse MENINO um dia cresce. Ainda está entre PEQUENO PRÍNCIPE e DON QUIXOTE.,0,2026-08-13
UgyUUyTxAa2tGlFhcTR4AaABAg,qW_LVBvKaQ8,Renan Santos,@Gabriel7d1,2026-07-22T16:55:33Z,O futuro é glorioso 🇧🇷🙏,2,2026-08-13
Ugz4uqTXwB9Nfmnxe014AaABAg,qW_LVBvKaQ8,Renan Santos,@Chrisfox1701,2026-07-22T16:54:31Z,Meu Deus eu estou com tanta esperança.,0,2026-08-13
Ugzthmlii6zxZajsEN14AaABAg,gUbGtsmXXoo,Renan Santos,@vanessascully4444,2026-08-08T12:53:56Z,RENAN SANTOS PRESIDENTE 1️⃣4️⃣🐆,0,2026-08-13
UgyV8vSRZ-tbjw3nSaF4AaABAg,gUbGtsmXXoo,Renan Santos,@MarioSilva-yb8eu,2026-08-03T02:15:11Z,"É porque eles não moram na favela,eles vão ser contra qualquer um com ideias para revolucionar o país, força Renan.",0,2026-08-13
UgwrnP_TqSU748d-i4Z4AaABAg,gUbGtsmXXoo,Renan Santos,@LAKAS2682,2026-08-02T22:52:05Z,Ja que eles não tem um pessoal com competência mimina pra pesquisar e ver as propostas e deviam chamar logo o Renan pra ele mesmo explicar,0,2026-08-13
UgxSwR7zgcw8ng1ErXh4AaABAg,gUbGtsmXXoo,Renan Santos,@HilneyNeves,2026-08-02T10:21:20Z,"É legal esse projeto, mas na hora que deixa de ser favela as pessoas vão em outro lugar fazer outra favela... e isso é histórico, vi isso em minhha cidade, mas como ele comentou que também se preocupa com esse pensar das pessoas pode ser que realmente gere o melhor para as pessoas evitarem esse êxodo para sempre o pior. 

Avante missão! 14",0,2026-08-13
UgyxkHkd4VjAlPv-9qF4AaABAg,gUbGtsmXXoo,Renan Santos,@LancarVieira,2026-08-01T14:01:26Z,"Uma coisa é """"eu não fui procurar sobre o que o Renan quer dizer sobre desfavelização. Estou desinformado, mesmo sendo um jornalista""""

Outra coisa é: """"O Renan não dá nem um indicativo de como acabar com a favela é isso é preocupante para a democracia""""

Mau caráter. Influência centenas de milhares de pessoas e fala uma asneira dessa

A luta vai ser longa.",1,2026-08-13
Ugzj-SB-5q8gUopHQY14AaABAg,gUbGtsmXXoo,Renan Santos,@toemcasabrasil,2026-08-01T09:15:42Z,"🇧🇷🇧🇷🇧🇷
Verás que um filho teu não foge à luta,
Nem teme, quem te adora, a própria morte!",0,2026-08-13
Ugx0uVUu00R8paAY3uV4AaABAg,gUbGtsmXXoo,Renan Santos,@todoqcrer,2026-07-31T18:26:58Z,pra cima pra cimaaaaaaaaaaaaaaaaaaaa,0,2026-08-13
UgziZmzOUjOs0ROhulx4AaABAg,gUbGtsmXXoo,Renan Santos,@wilsonmoreiradasilva4100,2026-07-31T15:16:19Z,Esses pessoal da globo é de dar vômito.,0,2026-08-13
UgzNzOe0o3BGsWNYX6Z4AaABAg,gUbGtsmXXoo,Renan Santos,@Dukaah_rs,2026-07-30T19:45:44Z,"""""A cultura oriunda da favela não é boa para os que lá moram"""" - interessante esse corte, tem cultura ruim na favela, mas também sai muita coisa de lá, batalha de rima, o passinho no Rj, tem também a questão da acessibilidade, acho que o Renan se equivocou bastante em firmar e generalizar toda cultura da favela, uma pena ele geralmente não diz besteira e até então eu estava 100% com ele mas essa afirmação generalizada me gera dúvidas, espero que ele não volte a generalizar cultura de favela assim",0,2026-08-13
UgxFIjDQiUDv2fTlDoJ4AaABAg,gUbGtsmXXoo,Renan Santos,@marlonmarques7004,2026-07-30T18:04:13Z,Manda o reporter ir morar na favela para ver. Deixa esse esses a cultura lá.,0,2026-08-13
UgwT2creLVuP2QrCdJR4AaABAg,gUbGtsmXXoo,Renan Santos,@uedsonsilva9624,2026-07-30T02:57:40Z,https://youtube.com/shorts/_VY9mMrQA64?is=e8t952l2EQgkV15f,0,2026-08-13
UgxrjVqwwtnNxZlwEuV4AaABAg,gUbGtsmXXoo,Renan Santos,@LeisRabello,2026-07-29T15:39:43Z,A música do Instinto Superior..😅😅😅,0,2026-08-13
Ugz6OoCO35go9GlwKiR4AaABAg,gUbGtsmXXoo,Renan Santos,@arturalbuquerque9662,2026-07-28T13:30:28Z,"""""certa demonização"""" tem que demonizar mesmo, um lugar onde tu pode ser morto literalmente por entrar num caminho errado",0,2026-08-13
UgyGdv-tcBeClXWGZqh4AaABAg,gUbGtsmXXoo,Renan Santos,@MrLionforever,2026-07-28T00:53:32Z,esse jornalistas têm a mente carcomida pela ideologia,0,2026-08-13
UgxO234MnjGb1Ke4toB4AaABAg,gUbGtsmXXoo,Renan Santos,@Asodrémarcosmendonçasodré,2026-07-27T21:27:21Z,❤❤❤❤❤❤❤❤❤,0,2026-08-13
Ugx6BsDNeVXpUyVXm114AaABAg,gUbGtsmXXoo,Renan Santos,@Lua658,2026-07-27T19:49:48Z,"Perfeito Renan! Tenho 47 anos e não te conhecia, decidi meu voto na semana passada quando escutei uma entrevista sua e você falou em DESFAVELIZAÇÃO! O único candidato que fala abertamente sobre esse tema que virou um tabu! Parabéns e rumo a vitória!",1,2026-08-13
UgzbkUlvLSYTzfIV0td4AaABAg,gUbGtsmXXoo,Renan Santos,@juniorandrade8173,2026-07-27T17:37:27Z,Pra cima Missão🎉🎉,0,2026-08-13
UgxrK3kYgj6LUcQTzqZ4AaABAg,gUbGtsmXXoo,Renan Santos,@nevalcirantoniobertoso,2026-07-27T16:43:54Z,"Esses jornalistas aí acho que defendem políticos feito o Lula que está no poder a muitos anos e o país não melhora nada, pelo contrário para mim está piorando.",0,2026-08-13
UgzCyFDHtMBUtoJ2zCF4AaABAg,gUbGtsmXXoo,Renan Santos,@thrrent,2026-07-27T16:10:31Z,Aposto que o jornalista mora bem longe de favela em bairro nobre,0,2026-08-13
Ugy2e8aO179LhHpge_l4AaABAg,gUbGtsmXXoo,Renan Santos,@RosenviliaSoarescoelho-zn7ob,2026-07-27T15:21:00Z,"LULA , A ESQUERDA,GLOBO ADORAM AS FAVELAS,SAO ESTAS PESSOAS QUE GARATEM OS VOTOS ETERNO EM LULA - PT 5X,E DAO AUDIENCIA AS MANIPULACOES DA GLOBO
 OS NOSSOS IMPOSTOS SE FOSSEM APLICADOS AS NECESSIDADES DO POVO NAO TERIAMOS FAVELA
VERBAS PUBLICA QUE  SAO DESVIADA PARA  BANCOS,JBS
MIDIA PROSTITUTA,POLITICOS CORRUPTOS ALIADOS AO LULA",0,2026-08-13
UgyNItsFR9-rRnsEMm94AaABAg,gUbGtsmXXoo,Renan Santos,@joserobertodasilva7270,2026-07-27T13:51:27Z,Temos que parar de romantizar favelas ou a pobreza.,0,2026-08-13
Ugx-a2ylkq3hDn39fy54AaABAg,gUbGtsmXXoo,Renan Santos,@ismaelferreira7708,2026-07-27T10:47:56Z,Sou de Sergipe e de direita estou com a Missão 14 para o Brasil sair da desgraça .,0,2026-08-13
UgyNGf2gK0LvdQtvBrR4AaABAg,gUbGtsmXXoo,Renan Santos,@darkcmb2789,2026-07-27T10:17:57Z,E o maior problema é a cultura das favelas incomodarem todos que trabalham. Tem que desfavelizar sim urgente.,0,2026-08-13
UgwcMe5ZV4pIQqKEVhV4AaABAg,gUbGtsmXXoo,Renan Santos,@samuelbernardodasilva5244,2026-07-26T14:12:59Z,Não adianta mudar o presidente..o supremo e o STF que mandam no presidente..o congresso são todos comprados .o presidente do congresso controla todo.. até às forças armadas foram compradas..não se iluda Renan se vc não fizer como o presidente Bukele de elsalvador nunca esse país vai mudar..,0,2026-08-13
UgyvgA3H84gz4kBKPC14AaABAg,gUbGtsmXXoo,Renan Santos,@RaelSantos-n2i,2026-07-25T18:26:09Z,"Calma, quando vc for relevante vai sofrer os ataques que Merece, agora como vc não é o foco os canhões estão apontandos para os favoritos ao segundo turno",0,2026-08-13
UgxctozeM3jQSJ2nPt54AaABAg,gUbGtsmXXoo,Renan Santos,@soldatmariano,2026-07-25T15:36:21Z,Será que o tal jornalista mora na favela ?,0,2026-08-13
UgxZjPqDwnMv6vAhpPZ4AaABAg,gUbGtsmXXoo,Renan Santos,@gersonalmeida3418,2026-07-25T14:39:29Z,Pra cimaaa,0,2026-08-13
UgyzXrrmX4ljvRpCifR4AaABAg,gUbGtsmXXoo,Renan Santos,@teacherluan,2026-07-25T14:38:54Z,14,0,2026-08-13
Ugw7tE5HRbRxfmnipv14AaABAg,gUbGtsmXXoo,Renan Santos,@mtpubg4992,2026-07-25T13:54:58Z,Queria ver esse maluco da Globo morando uma semana em uma casa no miolo da favela.  Como eu queria ver isso.,0,2026-08-13
Ugz6PrF1WdFzvtC7Pr54AaABAg,gUbGtsmXXoo,Renan Santos,@JohnnyCaniato,2026-07-25T12:41:41Z,"A FINAL DE CONTAS, TODOS ELES MORAM E RESIDEM DE FORMA FELIZ E SATISFATÓRIA NA FAVELA! todos esses senhores de terno e gravata!",0,2026-08-13
UgzD7xEtnIQJXn2qS494AaABAg,gUbGtsmXXoo,Renan Santos,@leorampi6867,2026-07-25T12:37:32Z,Eu já morei em favela e digo. É uma. Merda.,0,2026-08-13
UgxNwXtNolkOajSr_M94AaABAg,gUbGtsmXXoo,Renan Santos,@LucasStravino,2026-07-25T11:05:56Z,"A globo continua desinformando como sempre, só incautos continuam acreditando nessa rede podre",0,2026-08-13
UgxMHYhxUZ8w2VKupkZ4AaABAg,gUbGtsmXXoo,Renan Santos,@marialuciavieirabarros8421,2026-07-25T00:35:28Z,"Falem bem ou mal, mas falem de Renan.
Kkkkkkkkkkkk
Sinal que está incomodando.
Porque não estudaram o projeto desfavelização do Partido Missão e só depois comentarem sobre o assunto.",0,2026-08-13
UgyQKEdKm30fbYT8uLR4AaABAg,gUbGtsmXXoo,Renan Santos,@marialuciavieirabarros8421,2026-07-25T00:33:17Z,"É mais fácil fazer comentários a esmo, sem saber o que está falando!",0,2026-08-13
UgyJ-mMlBOeT2jfY7XF4AaABAg,gUbGtsmXXoo,Renan Santos,@danielgeraldo5171,2026-07-24T23:06:26Z,"Sim vc fala🦜fala,blá,blá falar e fácil seria de fato uma boa, mais não existe almoço grátis 😜 alguém tem que pagar a conta, de onde vai vir o financiamento? Vc fala essa pessoa fracas,oprimida, cultura acredita sonha vc está como Bolsonaro na eleição eu lembro bem dele... E a globo está dizendo que vc não disse como , ou seja de onde vem o dinheiro não distorce para parecer um herói Bolsonaro 2",0,2026-08-13
Ugy--tGPMAr7gprJhBp4AaABAg,gUbGtsmXXoo,Renan Santos,@estherdonega5574,2026-07-24T19:55:46Z,"Éramos infelizes antes das favelas!!!
(Ironia).",0,2026-08-13
UgzvwGl-aq71y4EBLZF4AaABAg,gUbGtsmXXoo,Renan Santos,@candidoribeiro4349,2026-07-24T16:17:15Z,É incompreensível alguém ser contra a prosperidade tamos juntos Renan,0,2026-08-13
Ugxgg_Z275nS7AXBy194AaABAg,gUbGtsmXXoo,Renan Santos,@estambet,2026-07-24T14:08:19Z,"Obrigado Globo, continue fazendo esse tipo de jornalismo! 
Em grande medida foi por isso que o Bolsonaro cresceu...😅",0,2026-08-13
UgxwfQe2yNVRZ2jv9Op4AaABAg,gUbGtsmXXoo,Renan Santos,@antioruam-x2l,2026-07-24T13:27:56Z,Boa,0,2026-08-13
UgyWIASwmDkDLUaaSkh4AaABAg,gUbGtsmXXoo,Renan Santos,@elianaoliveira5136,2026-07-24T11:57:36Z,"A globo é suspeita, sempre defendeu o que não estava certo. Vou continuar meu voto no Renan Santos.14.  Nesse eu confio",0,2026-08-13
UgzB0dE2_7LLQXM3IyN4AaABAg,gUbGtsmXXoo,Renan Santos,@lucdaher,2026-07-24T11:03:10Z,"É de uma desonestidade jornalística impressionante. O Renan tem proposta pra todas as áreas, só não é de agrado do militante socialista q apoia o q vem sendo feito nos últimos 30 anos e q vem contribuindo com a tal favelização. É aquele negócio... Um pobre pra chamar de seu!",0,2026-08-13
UgwIMZ0Gc3akiO7d7sh4AaABAg,gUbGtsmXXoo,Renan Santos,@olucastro,2026-07-24T00:14:46Z,"DESFAVELIZAÇÃO do Brasil, já !!!!!!",0,2026-08-13
UgxTHgSRuX0M7bpyCwx4AaABAg,gUbGtsmXXoo,Renan Santos,@wesleycabral7910,2026-07-23T21:18:42Z,O kim quem escolheu a música de fundo kkkk,0,2026-08-13
Ugy6cOr78T_-fz_-k2l4AaABAg,gUbGtsmXXoo,Renan Santos,@popefrancis16,2026-07-23T19:54:35Z,"Isso é incompetência ou má fé!? O cara já disse a muuuuito tempo, como, quanto tempo e quanto custará!!!!",0,2026-08-13
UgyNujCkNPKNprdECuF4AaABAg,gUbGtsmXXoo,Renan Santos,@LuizCarlosOrtega-u5m,2026-07-23T18:05:01Z,Outro filhote de bolsonaro,0,2026-08-13
UgwyNOHjk_VvQjFwgm94AaABAg,gUbGtsmXXoo,Renan Santos,@danilodeaguiarmendes5086,2026-07-23T17:46:01Z,Se a Globo não chamasse de antidemocrático eu ficaria preocupado kkkkk,0,2026-08-13
UgzCGhDKFvsw9tCCQ0t4AaABAg,gUbGtsmXXoo,Renan Santos,@guilhermevictor2496,2026-07-23T17:32:55Z,A música de Goku Instinto Superior no fundo deixou o video mais épico ainda.,0,2026-08-13
Ugw1Irk2oU-zDKZ339N4AaABAg,gUbGtsmXXoo,Renan Santos,@srtafofurinha,2026-07-23T17:23:30Z,"Democracia, vidas, vacinas, SUS!",0,2026-08-13
UgwgyKumlBULB1QRNW14AaABAg,gUbGtsmXXoo,Renan Santos,@srtafofurinha,2026-07-23T17:22:31Z,Renan 14,0,2026-08-13
Ugyf3LU7DUUmf5nBIJt4AaABAg,gUbGtsmXXoo,Renan Santos,@srtafofurinha,2026-07-23T17:22:17Z,A favela nunca deveria ter existido!,0,2026-08-13
UgwXUxIw7j0AVvbIJ8t4AaABAg,4rzjHH5fkg8,Renan Santos,@VanildoAlcântaraDasilva,2026-08-11T01:07:35Z,Estamos juntos,0,2026-08-13
Ugy0W-CF4tEy0SEOrfN4AaABAg,4rzjHH5fkg8,Renan Santos,@BigHeaddeAaZ,2026-08-10T07:20:03Z,Já estamos certamente com pelo menos 12% 🐆🇧🇷🚀,0,2026-08-13
UgzpxGiBFsUhAymmGYR4AaABAg,4rzjHH5fkg8,Renan Santos,@VilmaraAmaral,2026-08-09T15:42:17Z,👏🏼👏🏼👏🏼👏🏼 O futuro será glorioso!,0,2026-08-13
Ugx1g0KqN8dL89L3ZCt4AaABAg,4rzjHH5fkg8,Renan Santos,@lucioeugenio9292,2026-08-09T14:46:07Z,"Sim, tem algo acontecendo: Bolsonaro está preso e sem poder usar as suas redes sociais e não pode fazer eventos com isso você deslancha.",0,2026-08-13
UgxcTLcj-av3NBHyKhZ4AaABAg,4rzjHH5fkg8,Renan Santos,@Celia-v3f8j,2026-08-05T17:51:35Z,MISSÃO UM PARTIDO NOVO SEM CORRUPÇÃO 🎉🎉🎉🎉🎉🎉,1,2026-08-13
UgyFEGjhm5c6xDZjnxN4AaABAg,4rzjHH5fkg8,Renan Santos,@Celia-v3f8j,2026-08-05T17:51:26Z,Kim kataguiri 🇧🇷 🇧🇷 🇧🇷 🇧🇷 🇧🇷 🇧🇷 🇧🇷 🇧🇷,1,2026-08-13
UgwAnJ9_tpM3QjnTTuh4AaABAg,4rzjHH5fkg8,Renan Santos,@Celia-v3f8j,2026-08-05T17:51:18Z,RENAN SANTOS 🇧🇷 🇧🇷 🇧🇷 🇧🇷 🇧🇷 🇧🇷 🇧🇷,1,2026-08-13
UgwVFk2EWd5eRl7yQSJ4AaABAg,4rzjHH5fkg8,Renan Santos,@Celia-v3f8j,2026-08-05T17:51:11Z,14 14 14 14 14 14 14 14 14 14,1,2026-08-13
Ugx8mghsh-WWdfzJnNV4AaABAg,4rzjHH5fkg8,Renan Santos,@maxwelneri844,2026-08-05T16:07:38Z,14 neles,0,2026-08-13
UgwsTZaSVQLh5HPUax94AaABAg,4rzjHH5fkg8,Renan Santos,@Giorgio_ASO,2026-08-04T02:00:10Z,Conte comigo!,0,2026-08-13
UgwM6Rd_oKe-mdrzuNJ4AaABAg,4rzjHH5fkg8,Renan Santos,@JoãoSantos-o6o8r,2026-08-03T01:16:57Z,"Glória a Deus, que ele guie seus passos 🙏🏽",0,2026-08-13
UgxKnF-0PeriFEznM_Z4AaABAg,4rzjHH5fkg8,Renan Santos,@kiritohero-kun9829,2026-08-03T01:03:12Z,🔟+4️⃣,0,2026-08-13
UgxWSbsl9x_ZhdEqF314AaABAg,4rzjHH5fkg8,Renan Santos,@GeisaColossi,2026-08-02T02:35:13Z,RENAN SANTOS-PRESIDÊNCIA-2026🎉🎉🎉🎉🎉🎉🎉🎉🎉🎉🎉🎉🎉🎉🎉🎉,0,2026-08-13
UgyfcSoKGIlg1S1y-rB4AaABAg,4rzjHH5fkg8,Renan Santos,@josesantana610,2026-08-01T02:37:53Z,"Arrocha Renan desídi votar em vc hoje, ia más não vou mais votar no FB.",0,2026-08-13
UgxU0LjCNoKw4CyAHz54AaABAg,4rzjHH5fkg8,Renan Santos,@dety3422,2026-08-01T00:39:19Z,Ameiiiiiii,0,2026-08-13
UgyRWB_1YKdbR7enK5V4AaABAg,4rzjHH5fkg8,Renan Santos,@leonidasmoreira2769,2026-07-31T17:51:14Z,Quero ver o que eles vão fazer rennan ta subindo nas pesquisas,0,2026-08-13
Ugx3PQqWiX32LjQqQUF4AaABAg,4rzjHH5fkg8,Renan Santos,@FagundesLeko-kh4lh,2026-07-31T02:56:11Z,Bora Juventude vamos apoiar a campanha.,0,2026-08-13
UgyoFA5sxnfqckui9QZ4AaABAg,4rzjHH5fkg8,Renan Santos,@arthurbretas2003,2026-07-31T02:54:45Z,Boraaaa,0,2026-08-13
Ugz5mLE4HCZEoPFiDA14AaABAg,4rzjHH5fkg8,Renan Santos,@Paisefilhos67,2026-07-29T01:17:33Z,MISSÃO 🐯,1,2026-08-13
UgxJJdfJqJgIzT0Zrut4AaABAg,4rzjHH5fkg8,Renan Santos,@ticomffm,2026-07-28T16:59:19Z,Bora pra cima.,0,2026-08-13
Ugyy0s74ZtJwFl0S8eR4AaABAg,4rzjHH5fkg8,Renan Santos,@Questiones,2026-07-27T21:58:02Z,PRECISAMOS DESSE CARA NA PRESIDÊNCIA 😭,0,2026-08-13
UgzuMp_mYbzeSvJRTHp4AaABAg,4rzjHH5fkg8,Renan Santos,@Emanuelfontenelle,2026-07-27T13:25:51Z,Missão missão missão 2026 é Renan Santos,0,2026-08-13
UgwycsJstC0sSeW5TUV4AaABAg,4rzjHH5fkg8,Renan Santos,@danilobella3660,2026-07-27T11:14:49Z,"15% em Agosto, 25% Setembro e 35% nas Urnas 🗳🐆1️⃣4️⃣",0,2026-08-13
Ugw7GCpz5ML1EfhFD7x4AaABAg,4rzjHH5fkg8,Renan Santos,@JunioGama-z2n4z,2026-07-27T06:52:06Z,Que escândalo animal novo Lula,0,2026-08-13
UgwLpQQIPAD15rWsU_Z4AaABAg,4rzjHH5fkg8,Renan Santos,@brunoteixeira-billyjow9833,2026-07-27T04:21:33Z,"Vamos, Missão!",0,2026-08-13
Ugzc4OUQSV_SLqe4ywF4AaABAg,4rzjHH5fkg8,Renan Santos,@KhanAlnyz,2026-07-27T00:18:12Z,Partido missão!!!,0,2026-08-13
Ugyh-6ILm96Z2blO4lR4AaABAg,4rzjHH5fkg8,Renan Santos,@fams-fda,2026-07-26T19:57:21Z,@renansantosmbl vc é casado?,0,2026-08-13
Ugy1HY4O2aiaUKBN3wV4AaABAg,4rzjHH5fkg8,Renan Santos,@renathoantonio135,2026-07-26T14:45:15Z,Vamos 🎉,0,2026-08-13
Ugy3vglavVOcy7ebIZh4AaABAg,4rzjHH5fkg8,Renan Santos,@RPFuiOnde,2026-07-26T04:08:53Z,"Nem liguei pra Copa. Só sendo masoquista pra acreditar que um torneio onde jogadores ganham milhões de dólares, ficar torcendo ou triste para um grupo fraco. Brasil tem que preocupar-se em colocar um chefe de Estado sério e que cumpra todas as propostas.
Renan, se conseguir cumprir boa parte do que está falando, já tem meu voto e estou encaminhando pra vários conhecidos seus vídeos.",0,2026-08-13
UgxxI0IW8feXdlzNLUd4AaABAg,4rzjHH5fkg8,Renan Santos,@hugoalves7242,2026-07-26T00:53:40Z,É Renan Santos caralho! 14 é o número porra 😅😅,0,2026-08-13
UgyenZe8e_bg4tNo8494AaABAg,4rzjHH5fkg8,Renan Santos,@ThierryBrito-r6k,2026-07-25T21:48:19Z,"Uau, já ganhou kkkkk",0,2026-08-13
UgzJIUYrCYYQoHxd5HJ4AaABAg,4rzjHH5fkg8,Renan Santos,@SOLOUVORES-um5er,2026-07-25T18:01:51Z,Novo Lula dessa geração,0,2026-08-13
UgzXrr8YrlQketn2hm54AaABAg,4rzjHH5fkg8,Renan Santos,@leonildo7941,2026-07-25T15:21:47Z,Palhaço mentirosoooooo,0,2026-08-13
UgzXrr8YrlQketn2hm54AaABAg.AZgctGw1gBaAZoGk3jew-U,4rzjHH5fkg8,Renan Santos,@LucasGuimarãesReginaldo,2026-07-28T14:33:29Z,Qual mentira ele contou ?,0,2026-08-13
Ugx5vz9g0YzA3_Sz44h4AaABAg,4rzjHH5fkg8,Renan Santos,@gabrielfernando8044,2026-07-25T01:53:15Z,"STF vai soltar o Bolsonaro na esperança dele ir com o lula para o segundo turno, pq o Flávio não vai ter chance, porém caso ele vá, vão soltar os vídeos dele antes do segundo turno para ganhar os votos dele",0,2026-08-13
UgwsnSgxrZD3uNfidjt4AaABAg,4rzjHH5fkg8,Renan Santos,@LuizTeodoro-or6ky,2026-07-25T00:50:53Z,"Como disse em outros vídeos referente a este candidato, o debate é a ponta de lança para crescer nas pesquisas , se Renan Santos manter uma postura séria, expor suas ideias e conversar de igual para igual com outros candidatos, e refutar possíveis argumentos , a uma grande chance em crescer de forma significativa nas pesquisas eleitorais, muitos brasileiros como eu estão cansandos desta guerra ideológica que está havendo no pais, e quer algo novo e verdadeiro na política.",1,2026-08-13
UgyWcEIbp8IBMHu-BL54AaABAg,4rzjHH5fkg8,Renan Santos,@Palini218,2026-07-24T19:03:05Z,O futuro é glorioso!!!!,0,2026-08-13
UgzCne8JkwzwuJbsLVx4AaABAg,4rzjHH5fkg8,Renan Santos,@lRlAlFlAlElLl,2026-07-24T15:42:38Z,🐆1️⃣4️⃣🐆⬛🟨⬜,0,2026-08-13
Ugxd97vZC3PPPgvfmht4AaABAg,4rzjHH5fkg8,Renan Santos,@ismaelviana4701,2026-07-24T11:37:51Z,Olha o cabo Daciolo,0,2026-08-13
UgxdLmvH3lhLP3dwHqJ4AaABAg,4rzjHH5fkg8,Renan Santos,@ismaelviana4701,2026-07-24T11:37:35Z,https://youtu.be/lbseh1dDxFs?is=i7B_NG_58gn3mSei,0,2026-08-13
UgwtJw0s7WVf9IK2w0V4AaABAg,4rzjHH5fkg8,Renan Santos,@liviacarvalhovianna9972,2026-07-24T11:19:26Z,"Todos, todas as gerações merecem um candidato como você! O País merece.",0,2026-08-13
Ugx1sWzLRSVwJqMJfnV4AaABAg,4rzjHH5fkg8,Renan Santos,@ramsesoliveira3344,2026-07-24T00:47:00Z,O Lula e o Bolsonaro tem o mesma obrigação de  vencer a eleição.( se livrar da prisão)  O Bolsonaro precisa ganhar pra sair da cadeia e o Lula pra não voltar pra cadeia.,0,2026-08-13
Ugxb7T-XY_Lj_lVWUpF4AaABAg,4rzjHH5fkg8,Renan Santos,@cristianod.b8152,2026-07-23T22:31:32Z,Ta na hora de aparecer mais escândalos envolvendo lula e Flávio,2,2026-08-13
UgyyPRMpjCYu_9cIPAh4AaABAg,4rzjHH5fkg8,Renan Santos,@teacheryuri7086,2026-07-23T21:41:26Z,Missão 14,1,2026-08-13
UgzjwfWWxuuea-6MFvV4AaABAg,4rzjHH5fkg8,Renan Santos,@viniciusdepaula1394,2026-07-23T21:04:01Z,@RenanSantosPresidente,1,2026-08-13
UgzT93se0Xr8ALMuYCV4AaABAg,4rzjHH5fkg8,Renan Santos,@evertonpescacaiaque4876,2026-07-23T16:12:12Z,Bora para cima,1,2026-08-13
UgzOaaE_Xs8Fnoedt1J4AaABAg,4rzjHH5fkg8,Renan Santos,@Hiipolitoo,2026-07-23T15:45:45Z,Com toda essa corrupção o lula é o primeiro o povo merece esse lixo de país.,0,2026-08-13
UgzyMnZkgodtW4ddVLR4AaABAg,4rzjHH5fkg8,Renan Santos,@TheVacuxamumu,2026-07-23T14:42:35Z,Vai pra cima Guerreiro  !!!,0,2026-08-13
UgwZ6mmv2KQ8sT9Z1aR4AaABAg,4rzjHH5fkg8,Renan Santos,@kelvzonegameplays7811,2026-07-23T04:54:45Z,14 neles,0,2026-08-13
UgwCgHdoby5rSh0Jqe54AaABAg,4rzjHH5fkg8,Renan Santos,@kelvzonegameplays7811,2026-07-23T04:54:35Z,14 neles,0,2026-08-13
UgzF_eA3M8JYkHfxvgB4AaABAg,3fslYh1cu5s,Renan Santos,@GeisaColossi,2026-08-01T22:29:58Z,Showl de propostas!🎉🎉🎉🎉🎉🎉🎉🎉🎉🎉🎉🎉🎉🎉🎉🎉🎉🎉🎉🎉🎉🎉,0,2026-08-13
UgxwNbyEhyElO-BEKiV4AaABAg,3fslYh1cu5s,Renan Santos,@toemcasabrasil,2026-08-01T09:19:57Z,"🇧🇷🇧🇷🇧🇷
Ouviram do Ipiranga as margens plácidas
De um povo heróico o brado retumbante,",0,2026-08-13
UgxtjF-1V2IQrG0aUFF4AaABAg,3fslYh1cu5s,Renan Santos,@caroln.c.6700,2026-07-29T16:14:11Z,Sensacional! Que não fique só na proposta! Pensa um Brasil mais saudável! Uma benção de Deus.🙏🙌🏻,0,2026-08-13
UgzHTnc6jS0KOU3tPHN4AaABAg,3fslYh1cu5s,Renan Santos,@gilbertodc92,2026-07-29T01:17:57Z,"Aumentar imposto em bebida alcoólica, álcool e porcarias em geral. Zerar imposto da mensalidade de academias e esportes.",0,2026-08-13
UgzutHXtVAmu0p_r7OB4AaABAg,3fslYh1cu5s,Renan Santos,@jefersondavino7944,2026-07-28T20:01:03Z,"""A verdade os libertará"".
O futuro é promissor.
Pra cima deles Renan.",0,2026-08-13
UgwF0q4QcMFYabJJ6aB4AaABAg,3fslYh1cu5s,Renan Santos,@L30S4NTOS,2026-07-28T16:39:04Z,O futuro é maromba 😂,0,2026-08-13
Ugwu86mRDJaz8rMtJx54AaABAg,3fslYh1cu5s,Renan Santos,@webersousa6533,2026-07-27T21:28:04Z,Meu futuro presidente,0,2026-08-13
Ugyy-XMlErta8396DTl4AaABAg,3fslYh1cu5s,Renan Santos,@Hudlerls,2026-07-27T17:47:44Z,A mulher vai deixar de ser gorda e negra para ser magra e branca?,0,2026-08-13
Ugz7AiyLvUBymq3cTh94AaABAg,3fslYh1cu5s,Renan Santos,@DiegoTaysson,2026-07-27T16:03:31Z,O futuro é musculoso 1️⃣ 4️⃣ 😎,0,2026-08-13
UgzFT6-MKZXs2bM-W8t4AaABAg,3fslYh1cu5s,Renan Santos,@alexandrejose9351,2026-07-27T15:19:39Z,"O cara é um monstro , alguém segura ele kkkk .

O futuro será Glorioso.",0,2026-08-13
UgwQTI5742m75_TQdUR4AaABAg,3fslYh1cu5s,Renan Santos,@marcosimons8858,2026-07-27T14:23:20Z,Se conseguir fazer metade disso ja fez mais que lula e bolsonaro juntos,0,2026-08-13
UgylX7WLxafXTYbQbw14AaABAg,3fslYh1cu5s,Renan Santos,@luisalbertodejesussouza1711,2026-07-27T13:46:20Z,"Cara ousado não vê nada de propostas disso dos demais candidatos só roubo de idoso do INSS e escândalo com Banqueiro! 👀


É a sua MISSÃO vai ser levar o Brasil a outro nível rapaz 🇧🇷🐆 14",0,2026-08-13
UgyuL2kWmCkV6kNXibx4AaABAg,3fslYh1cu5s,Renan Santos,@fernandoataliba,2026-07-27T13:10:32Z,Essas propostas são bem razoáveis. Quero ver é implantá-las.,1,2026-08-13
Ugx9uF8FgTElRgIKx7Z4AaABAg,3fslYh1cu5s,Renan Santos,@lejirxd,2026-07-27T11:11:27Z,"Ahhhhhhhhhhhh, vira presidente logoooo",0,2026-08-13
UgxsT_6wrgwqyZUE9l54AaABAg,3fslYh1cu5s,Renan Santos,@ferreira7668,2026-07-27T09:51:09Z,Show… 14,0,2026-08-13
UgwynodcNDlO-N2GHet4AaABAg,3fslYh1cu5s,Renan Santos,@emilioferro9586,2026-07-26T18:43:25Z,O futuro é musculoso!!! Avante Missão! Renan 14!,0,2026-08-13
UgyCECGgbVZv_kP_jNV4AaABAg,3fslYh1cu5s,Renan Santos,@watsonSantos-h4w,2026-07-26T13:20:44Z,O homem é uma máquina de proposta,0,2026-08-13
UgwAQcODMmNwBB68XL14AaABAg,3fslYh1cu5s,Renan Santos,@pauloSilva-o8g,2026-07-26T12:16:35Z,Tem gente que tem a cara de pau de falar que esse cara não tem proposta.,0,2026-08-13
Ugy5K41ugNTlugRZ0z54AaABAg,3fslYh1cu5s,Renan Santos,@vladimirferreira1286,2026-07-26T11:28:28Z,"Como cidadão só tenho a Apluadir as propostas
Como médico gostaria muito de ver essas mudanças acontecerem nesse BRASIL🎉🎉🎉🎉
Missão 
#14",0,2026-08-13
UgxoTo-ONqKnt0Y5LRp4AaABAg,3fslYh1cu5s,Renan Santos,@robertreina5066,2026-07-26T10:56:36Z,"Vai ser fácil ganhar do pinguço assim em. Ele vai vir com o discurso ""eu quero que o brasileiro coma picanha"" e o Renan com a voadora no peito com propostas sérias. O veio não vai nem conseguir entender as propostas, o intelectual dele não acompanha",0,2026-08-13
Ugwovz0WqiLyxhl0-QB4AaABAg,3fslYh1cu5s,Renan Santos,@pedrovictorfreitas3841,2026-07-26T07:56:47Z,"Média de 14% de bodyfat da população, o futuro é trincado",0,2026-08-13
UgxSFt-eIbDtw0cZH7N4AaABAg,3fslYh1cu5s,Renan Santos,@umbrunoqualquer,2026-07-25T23:10:48Z,O futuro é musculoso.,0,2026-08-13
Ugw90eY4u0USyV0yT_h4AaABAg,3fslYh1cu5s,Renan Santos,@NeyNaGaragem,2026-07-25T17:21:03Z,Vamooooo 🫸🏾🇧🇷🫷🏾,0,2026-08-13
UgzQIQbmU00y8uO6dIx4AaABAg,3fslYh1cu5s,Renan Santos,@vrbarbeiro,2026-07-25T16:41:46Z,"Legal, ótimas ideias, mas, sabemos que não vai dar 😂",0,2026-08-13
UgycPrTEG2usEFjlgwx4AaABAg,3fslYh1cu5s,Renan Santos,@brunocastrodeaguiar5976,2026-07-25T15:50:45Z,Olá.,0,2026-08-13
Ugyzabd-f0M-gGBl9YF4AaABAg,3fslYh1cu5s,Renan Santos,@brunocastrodeaguiar5976,2026-07-25T15:50:39Z,Ok.,0,2026-08-13
Ugx7wR0rAQPaySbADsN4AaABAg,3fslYh1cu5s,Renan Santos,@brunocastrodeaguiar5976,2026-07-25T15:50:34Z,Hi.,0,2026-08-13
UgwnrAsQkOQK2XndZ-R4AaABAg,3fslYh1cu5s,Renan Santos,@brunocastrodeaguiar5976,2026-07-25T15:50:30Z,Oi.,0,2026-08-13
UgySzmqgSSaTJFleJ_p4AaABAg,3fslYh1cu5s,Renan Santos,@joel18446,2026-07-25T14:46:04Z,O futuro é glorioso,0,2026-08-13
Ugx_kvvokL_ySPMis5d4AaABAg,3fslYh1cu5s,Renan Santos,@ÉrickMafort,2026-07-25T14:19:08Z,Bora 14,0,2026-08-13
Ugyr59LqSeeP9lvGHrJ4AaABAg,3fslYh1cu5s,Renan Santos,@guilherme-w9j8u,2026-07-25T13:59:07Z,"Muito bom, o único candidato com propostas de verdade, pra cima deles Renan!",0,2026-08-13
Ugz7-POFA02Kz0RLknZ4AaABAg,3fslYh1cu5s,Renan Santos,@emersondrumond2730,2026-07-25T10:19:10Z,"O que vc vai fazer pros caminhoneiros, pq estamos largados a décadas. Fizeram uma lei que não serve pra gente, só pra nós multar. 11h de descanso é muito tempo. Regulamentar um valor de salario correto pro que passamos na estrada. Meu pai ganhava 5 salários na carteira na década de 90. Hj não ganho 2 salários. Locais de parada pra descanso ou credenciar postos pra pararmos sem cobrança. Pq os deputados que se dizem nos representar só acha que o problema é o piso mínimo e diesel. E o problema é muito maior. Faz um vídeo falando sobre nossos problemas.",0,2026-08-13
Ugw2BjS3dbuGSINgdmx4AaABAg,3fslYh1cu5s,Renan Santos,@nicolautork2138,2026-07-25T03:03:07Z,A proposta 8 é essencial e urgente,0,2026-08-13
UgwEczxRTLp5tJ6I0iR4AaABAg,3fslYh1cu5s,Renan Santos,@gabrielfernando8044,2026-07-25T01:55:54Z,"Banco genético para achar criminosos, lembro que avia um projeto para isso porém cancelaram ele",0,2026-08-13
UgxOMM6_0Es6weMrPLZ4AaABAg,3fslYh1cu5s,Renan Santos,@arlesonqueiroz838,2026-07-25T01:39:14Z,"Um bolsonarista olha isso e pensa ""MEU DEUS!!! ESSE CARA É O NOVO LULA DA NOVA GERAÇÃO""",0,2026-08-13
UgyJVQ_y_no4WaT2OO94AaABAg,3fslYh1cu5s,Renan Santos,@sombrakatero,2026-07-25T00:19:47Z,Boa🎉🎉,0,2026-08-13
UgxyRKdH7UAPKGNhHEN4AaABAg,3fslYh1cu5s,Renan Santos,@LeonardoHabitz,2026-07-24T22:38:44Z,"Renan Santos é o melhor, não tem jeito!",0,2026-08-13
UgzF6U4Jf8T9WqTOKpp4AaABAg,3fslYh1cu5s,Renan Santos,@djeimeshoracio6860,2026-07-24T21:18:43Z,É tanta picanha e cerveja que a população tá ficando obesa,0,2026-08-13
UgzJQqQxVIy7y3tpJHd4AaABAg,3fslYh1cu5s,Renan Santos,@juliocesarplaydossantosdos3301,2026-07-24T21:17:52Z,muito bom,0,2026-08-13
Ugx_Rzl_aaLEGOjvDAd4AaABAg,3fslYh1cu5s,Renan Santos,@gabrielmaximio931,2026-07-24T14:26:28Z,Sem comparação com outros candidatos,0,2026-08-13
UgzYemcDqooi8Jkzl1J4AaABAg,3fslYh1cu5s,Renan Santos,@claudioneiaveloso9656,2026-07-24T14:20:29Z,Excelente 👏,0,2026-08-13
UgzWdClcmIOdEeEfgTF4AaABAg,3fslYh1cu5s,Renan Santos,@gabriel.a.a.6778,2026-07-24T13:46:29Z,"Aprovar lei para regularizar a prática da ""cesta"". Ou seja, poder dormir depois do almoço! Por favor!😅😅 É muito ruim trabalhar com sono depois do almoço.  Prefiro trabalhar até mais tarde e poder descansar depois de almoçar",0,2026-08-13
UgxEdQwbUDFkicMTzrp4AaABAg,3fslYh1cu5s,Renan Santos,@robertoarcanjo1033,2026-07-24T12:51:00Z,"Por incrível que pareça uma boa parte da velha mídia suja diz que o Renan só faz barulho, que ele não tem propostas, vai entender.",0,2026-08-13
UgxbsAI9ZFnvUGugXfV4AaABAg,3fslYh1cu5s,Renan Santos,@edsonjose5840,2026-07-24T12:36:19Z,14 NSCREVA´SE APOIDOR DO PARTIDO MISSAO,0,2026-08-13
Ugxm2HBsX73vpPEKDX54AaABAg,3fslYh1cu5s,Renan Santos,@marcelolima3441,2026-07-24T09:19:10Z,"Bom Renan não tem muito tempo que o Kin foi contra o projeto de aumento de impostos e bebidas Açucaradas , agora você está falando que vai aumentar os impostos desses alimentos ? Até entendo a causa , mas se aumentar a taxa dessas porcarias e não diminuir os alimentos saudáveis nada vai adiantar .",0,2026-08-13
Ugx4uhbZil1CKatBW1J4AaABAg,3fslYh1cu5s,Renan Santos,@MarioCesarGestaoBiblica,2026-07-24T08:48:06Z,Parabéns meuuu presidente,0,2026-08-13
UgwoaWuLdFiXoWYFznJ4AaABAg,3fslYh1cu5s,Renan Santos,@MoisesAzarias-b2w,2026-07-24T03:22:40Z,Renan Santos 14,1,2026-08-13
UgwVP7qkzMR2xW7lQP94AaABAg,3fslYh1cu5s,Renan Santos,@yizaha01,2026-07-24T03:05:01Z,É isso aí meu presidente para cima,0,2026-08-13
UgyijFn6IuvOio6lxRx4AaABAg,3fslYh1cu5s,Renan Santos,@VitorSeravali,2026-07-24T02:55:23Z,"Ganhe essa eleição, por favor.",0,2026-08-13
UgysdOd-Dsaqb12OmVd4AaABAg,3fslYh1cu5s,Renan Santos,@gabrielcastro6513,2026-07-24T02:53:34Z,Brabíssimo!!,0,2026-08-13
Ugyl-xre3e_liWwBv7x4AaABAg,lBGT0eiA2Kg,Renan Santos,@Guiaevangelho,2026-08-13T16:29:39Z,"Cara o Augusto cury tenha umas idéias ótimas para o Brasil,mais o renan ta mim surpreendendo pode ser pq nós brasileiros tamos carente de mais gente falando da situação do nosso brasil que não ta legal ou pq o algoritmo não divulga as falas do Augusto cury",0,2026-08-13
UgwIHTmf5D0Z-y7HWo14AaABAg,lBGT0eiA2Kg,Renan Santos,@tiodani8235,2026-08-13T16:07:55Z,"Na teoria é lindo,quero ver na prática",0,2026-08-13
Ugy0NrIMvLO3roYowTl4AaABAg,lBGT0eiA2Kg,Renan Santos,@thraitz,2026-08-13T14:42:12Z,"O cara tá oferecendo qualidade de vida pras pessoas, mas o que se preocupam realmente é como o cara descreve a realidade delas. Preferem levantar bandeira ao invés de querer uma vida melhor",0,2026-08-13
UgwQj475j-OHhLXNqiR4AaABAg,lBGT0eiA2Kg,Renan Santos,@paulosilva2068,2026-08-13T12:15:04Z,"No discurso e mt fácil e bonito, mas na prática nen ele nen outro consegue acabar. Ainda mais em 8 anos se reeleger",0,2026-08-13
UgwL_Nraf5oXFPsDO0N4AaABAg,lBGT0eiA2Kg,Renan Santos,@amandam9412,2026-08-12T22:14:19Z,Vai querer liberar o aborto?,0,2026-08-13
UgwewCbEwvO-TunqCuR4AaABAg,lBGT0eiA2Kg,Renan Santos,@cleniorodrigues600,2026-08-12T21:58:09Z,Continue assim VC está no caminho certo ❤❤ não se CORROMPA,0,2026-08-13
UgyebqRW7vdzN8Gfhcx4AaABAg,lBGT0eiA2Kg,Renan Santos,@ramonp.7095,2026-08-12T20:47:29Z,"Muito facil falar e prometer magica.... em 4 anos de governo e este cara não tera feito 25% do que promete! 
Mais um q nem metas realisticas apresenta....o povo de favela nao vai querer pagar IPTU, imposto e viver num lugar longe pra cacete sem infraestutura de transporte e urbanismo! Quando vão desocupar a rocinha e as grande favelas no Brasil? Nunca.... nao conseguem fazer algo mais facil que é enfraquecer o crime organizado 😂😂😂😂😂😂😂 todo dia surge um influencer milionario q da noite pro dia, que fez riqueza vendendo rifa..... fora o Narco estado em que Brazuela se meteu😂😂😂😂",0,2026-08-13
UgyuK3Itf25ryHWfyh54AaABAg,lBGT0eiA2Kg,Renan Santos,@HBRO-r4n,2026-08-12T19:40:01Z,"Se fosse bom, não vinha para SP e não conseguia trazer uma galera, ano spós ano..",0,2026-08-13
UgxP2MntmkA4ARKqSwB4AaABAg,lBGT0eiA2Kg,Renan Santos,@SabãoExtra-t1n,2026-08-12T15:53:38Z,"n vi o lula e o flavio indo na favela, sendo q dos 3, o que mais persegue traficante é o renan, dito isso, não gosto muito do renan. não q importe n posso votar mermo",0,2026-08-13
UgyVnf03lmofqjHYpH14AaABAg,lBGT0eiA2Kg,Renan Santos,@msgrafael,2026-08-12T15:00:35Z,"A música brasileira que eu mais odeio é aquela ""eu só quero ser feliz, andar tranquilamente na favela onde eu nasci"", que é justamente o que o Renan está falando: a normalização dessa porcaria chamada favela...",1,2026-08-13
Ugw-93X6eTuAwQwJ0T94AaABAg,lBGT0eiA2Kg,Renan Santos,@ricchettiricchetti,2026-08-12T13:37:30Z,"Trata-se de ""filial do inferno"" pelo descaso da adm pública e não pelos moradores.",0,2026-08-13
UgyOY7gNZ9uRU3vRVlZ4AaABAg,lBGT0eiA2Kg,Renan Santos,@amiltondossantos9177,2026-08-12T13:24:33Z,"RENAN SANTOS COLOCANDO LACRADORES NA PAREDE, É MELHOR SER VERDADEIRO DO QUE SER MENTIROSO.
SER ORIGINAL DA BUG NA CABEÇA DOS FRACOS.",0,2026-08-13
UgzVGFcBjlfu0hEmGad4AaABAg,lBGT0eiA2Kg,Renan Santos,@haroldomaia2954,2026-08-12T10:35:56Z,Boa Renan. Precisamos de gente com você,0,2026-08-13
UgygKDr1ZfiQeTy90CJ4AaABAg,lBGT0eiA2Kg,Renan Santos,@joseponce307,2026-08-12T09:34:17Z,"Corretíssimo,  sempre entendi a socialdemocracia brasileira como apologista da pobreza. A questão é, este cidadão é mais um personagem da retórica brasileira ou um portador de projeto para um Brasil grande. Se o último, apresente, por favor!",1,2026-08-13
UgyJmLRKc_WrGcLcFrV4AaABAg,lBGT0eiA2Kg,Renan Santos,@DedezaoYT,2026-08-12T05:34:14Z,Como alguém pensa em votar no Lula existindo esse cara?,0,2026-08-13
UgwUuq0kCprh4uoucrl4AaABAg,lBGT0eiA2Kg,Renan Santos,@tatiolycristinaalvescruz3219,2026-08-12T02:24:51Z,"Exatamente, a coisa é feia",0,2026-08-13
UgwoeeFfm19wqv5L4KB4AaABAg,lBGT0eiA2Kg,Renan Santos,@CaboFelipeVieira,2026-08-11T20:37:56Z,Dica: chega lá falando que vai *estudar*alguém pra ver o que acontece 😂,0,2026-08-13
UgwIcyoDJ33crx5gi-J4AaABAg,lBGT0eiA2Kg,Renan Santos,@julio_vdmk,2026-08-11T20:12:11Z,Impossível fazer isso... em 4 anos com um monte de governador e prefeito mamando nas tetas do governo...,0,2026-08-13
UgyEKRxAsKlnNre7j0t4AaABAg,lBGT0eiA2Kg,Renan Santos,@cavandoaverdadenassuasorig9594,2026-08-11T19:00:48Z,Bárbara 😢😢😢😢,0,2026-08-13
Ugylym_hUM_iAL_wdXh4AaABAg,lBGT0eiA2Kg,Renan Santos,@SydneyBuy,2026-08-11T14:46:36Z,Este é o verdadeiro  Patriota !,0,2026-08-13
UgwZERsWwDxNwJzilqV4AaABAg,lBGT0eiA2Kg,Renan Santos,@Flaviano-Alves,2026-08-11T14:29:44Z,Morar na favela e muito ruim! Ninguém merece!,0,2026-08-13
UgxSbDYrdGopdQNVxGN4AaABAg,lBGT0eiA2Kg,Renan Santos,@cristianogoncalvesdeolivei9040,2026-08-11T12:46:52Z,Esse já tem o meu voto! Chega!,0,2026-08-13
UgxeGC1tocWg9Elwb514AaABAg,lBGT0eiA2Kg,Renan Santos,@cristianogoncalvesdeolivei9040,2026-08-11T12:46:10Z,"Só um louco continua com o PT, qualquer um menos eles! É o partido que soma maior tempo no governo, nunca fez nada! Apenas engana as massas... Picanha, cerveja, exatamente a linguagem do voto.",0,2026-08-13
UgzQAnnk5CMFWxBnvZN4AaABAg,lBGT0eiA2Kg,Renan Santos,@cristianogoncalvesdeolivei9040,2026-08-11T12:44:00Z,É isso aí! Tem que falar a real mesmo! Chega dos mesmos!,0,2026-08-13
UgyI4YAByOfnAg4I7SR4AaABAg,lBGT0eiA2Kg,Renan Santos,@NonatoSilva-y5j,2026-08-11T06:20:52Z,"🎉   *_ELE FALOU EXATAMENTE O QUE SEMPRE DISSE E ALGUMAS PESSOAS SE SENTEM COM O """"EGO FERIDO"""" E LEVA PRO """"LADO PESSOAL"""" E ENGNORA O ÓBVIO É  CONTINUA ACEITANDO 😮 A SITUAÇÃO MISERAL EM QUE VIVE !!   E PASSA A VER QUEM EXPÕE A VERDADE COMO INIMIGOS  !!""_*

  🤨  *OS "":OUTROS POLÍTICOS,""""  SABENDO DO EGO E IGNORÂNCIA 😢 DA POPULAÇÃO POR TER SE ACOSTUMADOS COM ESSAS SITUAÇÕES,  SE APROVEITAM  E FAZEM DISTORÇÃO DO ASSUNTO,  DANDO A ENTENDER QUE  ESSAS PESSOAS ESTÃO SENDO OFENDIDAS , MAS ÓBVIO QUE ISSO NÃO É VERDADE  !!*

   😢 *JENTE PENSE QUE ESSE MOMENTO É UM MOMENTO EXTREMAMENTE IMPORTANTE,  MEUS AMIGOS SE VOCÊS VER OS VÍDEOS ANTIGOS ONDE POLÍTICOS COMO O  DR.ENEAS CARNEIRO IAM NOS ESTADOS E NÓS  BAIRROS,  CONVERSAVAM COM A POPULAÇÃO E VOCÊ VIA NITIDAMENTE 😢 NO ROSTO DA POPULAÇÃO A DECEPÇÃO COM A SITUAÇÃO EM QUE VIVIAM, PORÉM AO MESMO TEMPO ELES NÃO CONSEGUIAM TER VISÃO DO BÁSICO PRA UMA MUDANÇA REAL !! PQ ERAM EXTREMAMENTE IGNORANTES SOBRE ESSES ASSUNTOS !!*   

    *BOM O RESULTADO 😢 VOCÊ JÁ SABE NÉ...😢 A POPULAÇÃO NÃO SOUBE ESCOLHER E PERDEU UMA OPORTUNIDADES DE  """"OURO"""" COMO O DR.ENEAS CARNEIRO.  E HOJE 😮 ESTAMOS COLHENDO OS FRUTOS DESSA DECISÃO  !*


  *_VOCÊS,  QUE ESTÃO LENDO REFLITAM MUITO BEM SOBRE ISSO,  EU VIVO ESSA REALIDADE  E ESTOU TOMANDO TODAS AS ESCOLHAS NECESSÁRIAS PRA NÃO PIORAR MEU PAIS E POR ELE ONDE DEVERIA SEMPRE TER ESTADO; ""NO TOPO"" !!_*

 110826nnt",0,2026-08-13
UgyMF7Wa5fsa6G6fJ014AaABAg,lBGT0eiA2Kg,Renan Santos,@fabioperes81,2026-08-11T02:13:04Z,"Pensei que o Renan estava disputando a presidência da república, não a prefeitura.",0,2026-08-13
UgzKoLzdcLsAuUjK2dB4AaABAg,lBGT0eiA2Kg,Renan Santos,@alefander4622,2026-08-11T00:22:26Z,"Desapeguem a termos e regionalismos, tem que reconhecer que sua casa ta um lixo pra ela melhorar!",1,2026-08-13
UgyuFWlZ6Ge8nI0HPjx4AaABAg,lBGT0eiA2Kg,Renan Santos,@jeancarvalhooficial5877,2026-08-11T00:04:01Z,"Renan, mas antes de fazer todo esse trabalho na favela não seria necessário acabar com as facções e traficantes que comandam essas regiões? Sabemos que isso não se resolve da noite para o dia. Talvez nem em 4 anos.",0,2026-08-13
Ugx1RXtNQVa3rpiCGil4AaABAg,lBGT0eiA2Kg,Renan Santos,@itacatrinanunes41,2026-08-10T23:33:58Z,"E quem disse que esse sujeito fala verdade,  infelizmente a imprensa não investiga a vida desse sujeito, esse cara é um projeto de nazismo, abram o olho sobre as falácias desse sujeito, eu nunca acreditei nas falas do Lula assim como tbm não acredito neste sujeito,  que vive indo para Europa para pegar as gringas e ficam ai falando dos gringos, hipócrita. O sistema deu um partido para esse sujeito,  pq será? Pq sabe que o Trump em breve vai prender o Lula e o PT daqui um dia não vai existir mais, então o sistema criou um novo partido para enganar os idiotizados.",0,2026-08-13
Ugx8lZMVjOAQzs6hw6J4AaABAg,lBGT0eiA2Kg,Renan Santos,@MarceloBrito-m4i8p,2026-08-10T19:01:03Z,Fala só a verdade Maranhão e para e uma vergonha dois estados ricos.mas os político só ladrao,0,2026-08-13
UgxLulH0IOFVp3iNB1V4AaABAg,lBGT0eiA2Kg,Renan Santos,@Questoria-ia,2026-08-10T17:05:56Z,Taí a chance de mudar este país.,0,2026-08-13
UgxjFlYiWss8N9NGDpp4AaABAg,lBGT0eiA2Kg,Renan Santos,@canaldozike8707,2026-08-10T16:45:36Z,Petista parou no tempo pensa pequeno  e acredita que o Brasil não  tem jeito.,0,2026-08-13
UgxS_HufvFtwAoayh314AaABAg,lBGT0eiA2Kg,Renan Santos,@colacomigoaventura,2026-08-10T15:14:22Z,"Eu detesto política... Minha última empreitada de fé e crença em político foi no Bolsonaro e ele decepcionou completamente, se perdeu ...contudo, eu tenho acompanhado o Renan nos últimos mêses e se ele fizer tudo que está dizendo e se propondo a fazer , eu acredito que pelo menos o Brasil volta ao rumo !!!",0,2026-08-13
Ugz4NeveLSKci2FiB_J4AaABAg,lBGT0eiA2Kg,Renan Santos,@lucioalvessantos,2026-08-10T13:54:34Z,Prá cima Renan... Vamos mudar tudo o que aí está!!,0,2026-08-13
Ugxyg2sycgWx7MwkKFJ4AaABAg,lBGT0eiA2Kg,Renan Santos,@marcelopontes9932,2026-08-10T13:37:05Z,"Porra, favela e a visão do inferno mesmo!! O cara tá querendo acabar com a favela e o favelado não vai votar no cara!! Favela e horrível!",0,2026-08-13
UgzE52Z18Xgr21f9v3B4AaABAg,lBGT0eiA2Kg,Renan Santos,@edwardfelipeviana5393,2026-08-10T10:32:07Z,"Isso é verdade eu já morei em comunidade e muita gente não respeita,  com som, lixo na porta das casas e etc",0,2026-08-13
UgwG0nljNXUYrlVSahd4AaABAg,lBGT0eiA2Kg,Renan Santos,@mizaelfontinele9616,2026-08-10T09:55:19Z,Falou só verdade,0,2026-08-13
UgybeJpTxmW7q9vOCON4AaABAg,lBGT0eiA2Kg,Renan Santos,@ramonluiz2618,2026-08-10T08:46:22Z,Essa utopia é incrível porém 4 anos se... Ganhar😮 não concerta 18 anos de PT 😢-4 de bolsonaro 😢,0,2026-08-13
UgzC_obdtvK1WRvbBaF4AaABAg,lBGT0eiA2Kg,Renan Santos,@andreamartins100,2026-08-10T06:50:39Z,"Duvido conseguir acabar com a favela, o Rio ninguém deu jeito,  esse aí vai conseguir 😂?",0,2026-08-13
UgyH2mxJxEPgi9tkg8l4AaABAg,lBGT0eiA2Kg,Renan Santos,@SGKBR,2026-08-10T06:45:37Z,Falou em pobre pagar imposto já perdeu 50% dos possíveis votos 😂,0,2026-08-13
UgytneBa0Y_bvz09Kt14AaABAg,lBGT0eiA2Kg,Renan Santos,@abnerfogaca,2026-08-10T04:19:33Z,Filial do inferno kkkk,0,2026-08-13
UgyEyH1OVNl4lxxyWhd4AaABAg,lBGT0eiA2Kg,Renan Santos,@CelsoDeCarvalho-i8m,2026-08-09T22:08:12Z,So esqueceu q ele tá falando de um lugar q se chama Brasil 😂 impossível civilizar,0,2026-08-13
UgzQGGeckXJldphxe5l4AaABAg,lBGT0eiA2Kg,Renan Santos,@emilioferro9586,2026-08-09T21:55:08Z,O futuro é Glorioso!!! Renan Santos 14.,0,2026-08-13
UgzSiR1nAPh4XzycenJ4AaABAg,lBGT0eiA2Kg,Renan Santos,@AndrédeSouzaPires,2026-08-09T19:32:03Z,Isso aí é verdade! Morei em várias! Tem sempre uns que só Deus!,0,2026-08-13
Ugxnj_-E52Mztn7LQQF4AaABAg,lBGT0eiA2Kg,Renan Santos,@belabassoli845,2026-08-09T19:30:16Z,Nossa...e vc só deu conta disso agora Renan!,0,2026-08-13
UgxcM8-NWdLdaDlbZhx4AaABAg,lBGT0eiA2Kg,Renan Santos,@daniellucas1884,2026-08-09T17:49:37Z,"Favela precisa ser lixo? Uma coisa é ser pobre, outra,  é ser porco.",0,2026-08-13
UgwJy2glVY0RS1VOYwx4AaABAg,lBGT0eiA2Kg,Renan Santos,@makavelitz5374,2026-08-09T15:16:41Z,No papel é a coisa mais linda...,0,2026-08-13
Ugzd33uEz-XIVLBn-FR4AaABAg,lBGT0eiA2Kg,Renan Santos,@lele7253,2026-08-09T15:00:12Z,Eu voto nele..o problema é que em outubro o cidadão vai ficar entre lula e Flávio .em vez de mudar o voto para alguém disposto a mudar,0,2026-08-13
UgyJ12AbIkpUWQ4HzQl4AaABAg,lBGT0eiA2Kg,Renan Santos,@gilbertogoncalves5367,2026-08-09T13:49:42Z,Realmente esse cara só fala a vdd sem medo e com firmeza parabéns 14 já,0,2026-08-13
Ugw4BLDnZXiVH-74yw94AaABAg,lBGT0eiA2Kg,Renan Santos,@MarceloRat,2026-08-09T12:57:01Z,"Renan,venha ao GRAO PARA,MUNICÍPIO DE NOVA IGUAÇU, RJ STATE,E TU VAIS CONHECER OUTRA FILIAL DO INFERNO, COM GUERRA MILICIA×CV",0,2026-08-13
UgwLoIa77JQaxDGtbjR4AaABAg,8F28xwqVDMU,Renan Santos,@RosaMaria-ds4bb,2026-08-13T12:51:47Z,Bora,0,2026-08-13
Ugw_VBxWKpnRzFpCrXh4AaABAg,8F28xwqVDMU,Renan Santos,@betobenetti6924,2026-08-12T02:02:43Z,Será que vai aparecer por Rondônia?,0,2026-08-13
UgzaO4rwDkfwomF6JZB4AaABAg,8F28xwqVDMU,Renan Santos,@lucioalvessantos,2026-08-11T20:50:23Z,Booooora Renan...Essa é a Missão.,0,2026-08-13
UgyQHlzwGbL1esxdOjp4AaABAg,8F28xwqVDMU,Renan Santos,@weslleygoncalves783,2026-08-10T23:50:57Z,Nosso Presidente Renan Santos 14 🇧🇷,0,2026-08-13
UgxlPDCEqx3sIqRsTQF4AaABAg,8F28xwqVDMU,Renan Santos,@maxwelneri844,2026-08-10T00:02:40Z,Esse é meu presidente,0,2026-08-13
UgwjRIEHrjPcHwNrvVp4AaABAg,8F28xwqVDMU,Renan Santos,@ivanildogomesgomes1352,2026-08-05T15:20:47Z,Parabéns garoto,0,2026-08-13
UgwDGkDr5XQ3o9yxSjN4AaABAg,8F28xwqVDMU,Renan Santos,@RogérioApurinã,2026-08-04T00:07:39Z,Vou fazer campanha pra você meu presidente.,0,2026-08-13
UgzIDVF0xD2DkmNKyCN4AaABAg,8F28xwqVDMU,Renan Santos,@liloeaestrada,2026-08-03T00:22:13Z,eu estou junto com você Renan,0,2026-08-13
Ugz4Ko7mTM3y6q4j5M94AaABAg,8F28xwqVDMU,Renan Santos,@soniacamposadvocacia2974,2026-08-01T21:34:17Z,Quem dera ❤,0,2026-08-13
UgwSijsGAIqtRoqquk14AaABAg,8F28xwqVDMU,Renan Santos,@esdrasmonteiros,2026-08-01T20:42:05Z,A trilha sonora não poderia ser melhor. Clube da luta é muito foda,0,2026-08-13
UgxcxGA01sd0UB4zVu14AaABAg,8F28xwqVDMU,Renan Santos,@Gilsondosreis-k3w,2026-08-01T19:40:03Z,"Tem meu voto .
Pelas propostas e pela racionalidade",0,2026-08-13
UgxdMKi1skcj8AIJp414AaABAg,8F28xwqVDMU,Renan Santos,@RenatoDuarteIcart,2026-08-01T18:57:55Z,Máquina 👏👏👏,0,2026-08-13
Ugwn7VXbaC5geFWtgtt4AaABAg,8F28xwqVDMU,Renan Santos,@drika.s_here,2026-08-01T17:00:01Z,🎉,0,2026-08-13
Ugwg9CfYInv2tbXNu9J4AaABAg,8F28xwqVDMU,Renan Santos,@AntoniodaCosta-x5t,2026-08-01T14:56:54Z,"É isto, tô com você, mudanças necessárias, o seu discurso é diferente, ainda mais quando a diferença do seu discurso verdadeiro é simplesmente diferente e autêntico, eu sinto exatamente e particularmente que atende minhas expectativas para um governo com esta coerência diferente dos demais, os quais não correspondem e não  convencem a real expectativa do cidadão honesto e trabalhador... portanto tô contigo, MISSÃO 14 RENAN SANTOS 🇧🇷✌🏾",0,2026-08-13
UgyPk2QReeCwsQOVDOl4AaABAg,8F28xwqVDMU,Renan Santos,@dety3422,2026-08-01T14:40:29Z,O Brasil está tendo uma oportunidade de ouro,1,2026-08-13
UgxXy5FJn4SPptv4-Ux4AaABAg,8F28xwqVDMU,Renan Santos,@Melquisedeque_AntiCristo,2026-08-01T14:08:53Z,13 não. 14 é o próximo passo... É pra frente q se anda!🇧🇷,0,2026-08-13
UgxcPmAzkYi3BjR1q794AaABAg,8F28xwqVDMU,Renan Santos,@tiagobongard7718,2026-08-01T12:51:09Z,Pra tirar só o PT? nao fala da FAMÍLICIA MASTER? Vc é contra eles o cabo eleitoral deles? Vc com certeza pode ser a terceira via que vai nos livrar dessa FAMÍLICIA que esta entregando o Brasil pra Trump e se ganhar vão implantar a ditadura militar. Pode ter certeza disso,0,2026-08-13
UgzsSZJdbaSmhvD554Z4AaABAg,8F28xwqVDMU,Renan Santos,@malucarvalho5643,2026-08-01T12:44:37Z,🎉,0,2026-08-13
UgxCfKadP3b_VSZq4nB4AaABAg,8F28xwqVDMU,Renan Santos,@toemcasabrasil,2026-08-01T09:23:42Z,"🇧🇷🇧🇷🇧🇷
Se o penhor dessa igualdade
Conseguimos conquistar com braço forte,",0,2026-08-13
Ugz0Ukiv8h7i9pM8Ztl4AaABAg,8F28xwqVDMU,Renan Santos,@JefersonMarques-p6u,2026-08-01T02:45:11Z,"Lula e Bolsonaro tá defasado , não tem nada que justifique votar em um deles , único com projeto de campanha e único que vale a pena apostar , pra cima Renan santos",0,2026-08-13
UgwmsFZrzJv64eUIldV4AaABAg,8F28xwqVDMU,Renan Santos,@GeisaColossi,2026-07-31T15:17:59Z,RENAN SANTOS-PRESIDÊNCIA-2026🎉🎉🎉🎉🎉🎉🎉🎉🎉🎉🎉🎉🎉🎉🎉🎉,1,2026-08-13
Ugy_dzARTPJ6VYkHZaV4AaABAg,8F28xwqVDMU,Renan Santos,@gustavosandessp,2026-07-30T23:04:33Z,"Eu nunca votei e vou votar em você , pois esse discurso é muito mesmo o que eu acho que precisa ser feito. Se me permite , falta só falar um pouco de fontes renováveis, energias renováveis, agricultura sintropica,  formação e desenvolvimento no sentido da autonomia . Melhor colher que comprar. Energia solar, nossos engenheiros trabalhando pra nós, carros brasileiros, instrumentos, tecnologia áudio visual brasileiros, etc..... painéis solares brasileiros, biodiesel, reciclagem de material verde , vamos pra frente. A nova Zelândia tem exemplos magníficos , vamos pra frente Brasil . 
Claro que tem que ter pra comprar, mas, desenvolvimento não é sinônimo de monocultura, monopólio, muito pra poucos e pouco pra muitos, livre entrada de multinacional, livre entrada de gringo rico explorador, chegaaaaaaa de miséria e dependência......❤❤❤",0,2026-08-13
UgxZf1owAq_ITCvEfKJ4AaABAg,8F28xwqVDMU,Renan Santos,@rmescortgl7900,2026-07-30T15:55:59Z,"Renan Boca aberta 😂
22 Flávio Bolsonaro",0,2026-08-13
UgzQ4qzzXA4TRMNnex54AaABAg,8F28xwqVDMU,Renan Santos,@gabrielsila5471,2026-07-30T10:34:07Z,Único problema é  que os desprovidos de estudo massa do lula sao a maioria do país,0,2026-08-13
UgyTDpF_jXIiQK1isx54AaABAg,8F28xwqVDMU,Renan Santos,@Helzwz,2026-07-30T05:11:36Z,Brabo 👏🏻👏🏻🎉,0,2026-08-13
UgwCDHallVFF40a-F4l4AaABAg,8F28xwqVDMU,Renan Santos,@MarioNakamoto-j8u,2026-07-29T21:32:59Z,🎉🎉❤❤,0,2026-08-13
UgzBYDMdWBt0Wtd5ZQh4AaABAg,8F28xwqVDMU,Renan Santos,@brunno675,2026-07-29T20:16:38Z,14,0,2026-08-13
UgyeQge4_2YOe5tDK1t4AaABAg,8F28xwqVDMU,Renan Santos,@fernandg5297,2026-07-29T14:25:16Z,Pra cima estamos contigo,0,2026-08-13
UgxTy1nGqGWAvt-Eb4x4AaABAg,8F28xwqVDMU,Renan Santos,@user-sn7wd8pd7,2026-07-29T14:06:41Z,Amem.,0,2026-08-13
UgxDHouTkLjbihOvGyV4AaABAg,8F28xwqVDMU,Renan Santos,@gremiocampeao4965,2026-07-29T13:43:40Z,Melhorar salário aposentadoria e saúde e segurança educação não precisa inteligente artificial vai fazer tudo,0,2026-08-13
UgyafBq8gpZp2Ps3co14AaABAg,8F28xwqVDMU,Renan Santos,@gremiocampeao4965,2026-07-29T13:42:50Z,Chega imposto,0,2026-08-13
Ugyerq02XsoPmQjEjnV4AaABAg,8F28xwqVDMU,Renan Santos,@gremiocampeao4965,2026-07-29T13:42:43Z,Vou cobrar se não fizer vamos destruir Brasília,0,2026-08-13
UgzLPoNzynZxT4laZxN4AaABAg,8F28xwqVDMU,Renan Santos,@gremiocampeao4965,2026-07-29T13:42:23Z,Vê não e só conversa,0,2026-08-13
UgxeyVzC6vCa74CKqQR4AaABAg,8F28xwqVDMU,Renan Santos,@gremiocampeao4965,2026-07-29T13:42:11Z,Vamos derrubar o sistema Renan Santos presidente,0,2026-08-13
UgxAl3_rFbNfSFL_vQ94AaABAg,8F28xwqVDMU,Renan Santos,@andersonbarbosa9784,2026-07-27T18:51:32Z,Meu presente Renan Santos  já entrou pra história do Brasil,1,2026-08-13
UgxniS29ke37ntLAOip4AaABAg,8F28xwqVDMU,Renan Santos,@Jere-m9c8s,2026-07-27T16:44:36Z,Força renan,1,2026-08-13
UgzaryZorqN_VZ8K8354AaABAg,8F28xwqVDMU,Renan Santos,@DelamarPires,2026-07-27T16:44:35Z,Precisa vir em uruguaina fronteira do Rio grande do sul,0,2026-08-13
UgwSnvs_hPdkyb4jJSx4AaABAg,8F28xwqVDMU,Renan Santos,@ostonsdecida4328,2026-07-27T12:07:33Z,Kkkk. Mais um idiotimus pronto para tirar todos os nossos direitos. Virgem santa nos livre desse mal.,1,2026-08-13
UgwSnvs_hPdkyb4jJSx4AaABAg.AZlRFKdG-UMAZl_LA6aJnC,8F28xwqVDMU,Renan Santos,@ArthurSousa829,2026-07-27T13:26:59Z,Mais um idiota pra nós enganar esse Brasil acabou faz tempo,0,2026-08-13
Ugz5gkPCadoarN4AFzl4AaABAg,8F28xwqVDMU,Renan Santos,@teacherluan,2026-07-27T10:25:13Z,14,1,2026-08-13
UgxdXV-cIFWBTYdqM1N4AaABAg,8F28xwqVDMU,Renan Santos,@CortesdaDireita-w5h,2026-07-26T22:36:08Z,"AVANTE, MISSÃO 🎉🎉🎉",1,2026-08-13
UgyK0kJIR3L80BNhnE94AaABAg,8F28xwqVDMU,Renan Santos,@CortesdaDireita-w5h,2026-07-26T22:34:45Z,Daaaaale 🎉🎉🎉🎉,0,2026-08-13
Ugzd85RBUoq5ArtY8z14AaABAg,8F28xwqVDMU,Renan Santos,@flaviojesus-kd9iy,2026-07-26T19:14:46Z,"Renan Santos totalmente despreparado para qualquer cargo político.
Mas tem seu projeto de poder junto ao MBL, podemos ver nele a tentativa de surgir um lula 2.0. 
Acordem.",0,2026-08-13
UgyKiSi2oCOd8mgwqEZ4AaABAg,8F28xwqVDMU,Renan Santos,@paulojose525,2026-07-26T18:19:11Z,Novo Padre Kelmon 😂,0,2026-08-13
UgzVRjUX6lVuG37XYq54AaABAg,8F28xwqVDMU,Renan Santos,@leandrolandmayer16,2026-07-25T23:51:03Z,Torcendo muito! Quem sabe um dia voltar a morar no brasil,0,2026-08-13
UgybhT9ShyH2c6P1klF4AaABAg,8F28xwqVDMU,Renan Santos,@Alexandredemoraissouza-2014,2026-07-25T23:10:12Z,Ele foi literalmente o primeiro a oficializar,0,2026-08-13
UgySyh6XWtNekHHrP_R4AaABAg,8F28xwqVDMU,Renan Santos,@Escoladoiphone,2026-07-25T21:36:16Z,Sou uma criança e eu quero que quando crescer quero que meus filhos vivam em um país governado pela a direita,0,2026-08-13
UgzpFKSqkuuTzndHOVB4AaABAg,8F28xwqVDMU,Renan Santos,@cristina-hk8li,2026-07-25T16:22:55Z,"Caramba vc esta voando nas pesquisas....
3 porcento 🎉😂",0,2026-08-13
UgyYDAQnamDGHz6XUeZ4AaABAg,8F28xwqVDMU,Renan Santos,@MatheusSalottoPessanha,2026-07-25T15:05:56Z,Conte comigo pra puxar voto também! Missão 14!,0,2026-08-13
UgzTMZqWzAnxP6ty2414AaABAg,8F28xwqVDMU,Renan Santos,@AdilsonMendes-i8n,2026-07-25T14:42:15Z,Em Piracicaba pelo menos 15 votos da minha família vc já tem,0,2026-08-13
Ugz_g_010H5vGirTfhd4AaABAg,CX0botNqjRs,Renan Santos,@vitorgibim9596,2026-08-05T16:55:33Z,viva MBL,0,2026-08-13
Ugx0G5Gi5KGHBm4wBQ14AaABAg,CX0botNqjRs,Renan Santos,@yanroux5096,2026-08-04T11:54:56Z,Vai come capim! Inimigo inocente agora? Que mania que essa esquerda tem de defender bandido!,0,2026-08-13
Ugzi-grGHs_f13-atf94AaABAg,CX0botNqjRs,Renan Santos,@GeisaColossi,2026-08-04T07:14:32Z,Renan Santos-14!🎉🎉🎉🎉🎉🎉🎉,0,2026-08-13
UgyQ8x-RYTD9z83_Eel4AaABAg,CX0botNqjRs,Renan Santos,@FofurasRelaxantes,2026-08-02T16:16:41Z,"Como vc ainda pensa em votar em outro candidato? Não existe outra opção, Renan Santos 14 é o nome",0,2026-08-13
Ugy4646oDmZvtYjIjEN4AaABAg,CX0botNqjRs,Renan Santos,@marcosbatista1029,2026-08-02T13:12:00Z,prendeu/ matou,0,2026-08-13
UgxDNdGrN3SP8JuxGZt4AaABAg,CX0botNqjRs,Renan Santos,@toemcasabrasil,2026-08-01T09:25:35Z,"🇧🇷🇧🇷🇧🇷
Em teu seio, ó Liberdade,
Desafia o nosso peito a própria morte!",0,2026-08-13
UgwnW_6ecJR5FgIfm1d4AaABAg,CX0botNqjRs,Renan Santos,@Dread_52,2026-08-01T01:50:55Z,"Tem que enquadrar os corruptos nessa lei , eles roubam o próprio país e matam milhares de pessoas todos os anos nas filas dos hospitais que sofrem por falta de recursos. São inimigos da nação.",1,2026-08-13
UgwQJ7UERw7jNkO3ejZ4AaABAg,CX0botNqjRs,Renan Santos,@paulomvswolf,2026-07-30T03:17:32Z,"Concordo 100%!!! MAS.... O Executivo atua só até a prisão do traficante. Quem julga e decide se solta ou prende é o Judiciário!!!! E o Judiciário é podre!!! Além disso, as leis são feitas para beneficiar traficante!!! E quem faz as leis é o Legislativo!!!! Então, como você irá mudar algo sozinho???? Só mais um político vendendo sonhos!!!",0,2026-08-13
UgwPZCDTfNW-6S2-3pF4AaABAg,CX0botNqjRs,Renan Santos,@joybrenner9670,2026-07-29T20:16:33Z,",👏🏽👏🏽👏🏽",0,2026-08-13
UgwxqL5P3TljcG3_rQ54AaABAg,CX0botNqjRs,Renan Santos,@marialuciavieirabarros8421,2026-07-29T16:54:38Z,Simples assim!,0,2026-08-13
Ugzn52NtE3ZK864Vsrp4AaABAg,CX0botNqjRs,Renan Santos,@leandrosantoscosta3447,2026-07-29T16:50:13Z,O inimigo é o molusco e sua corja,0,2026-08-13
UgwzSrKNi1gmfUP4Z2F4AaABAg,CX0botNqjRs,Renan Santos,@Joevoce-AMC,2026-07-29T14:50:51Z,O Brasil parou de tentar faz anos. 2027 é Renan Santos,0,2026-08-13
Ugx7N49OCp8nSCUrA8h4AaABAg,CX0botNqjRs,Renan Santos,@renatomotta4265,2026-07-29T08:03:46Z,"O cara nitidamente com pensamento de lider, sabendo oque cada departamento de polícia vai fazer e agir, o Brasil necessita disso!",1,2026-08-13
Ugyyyso2LcIz2hVwIIF4AaABAg,CX0botNqjRs,Renan Santos,@tomatejunior,2026-07-29T07:07:21Z,Renan foi brincar de ser foda e não parou mais…. Entrará pra história como o melhor presidente do br 🎉,0,2026-08-13
UgzTtcxxmkCRkbvsG2F4AaABAg,CX0botNqjRs,Renan Santos,@renatogestor-u1o,2026-07-29T01:23:37Z,👍👍💪💪,0,2026-08-13
UgzSKsbZDnbFV-Qibn94AaABAg,CX0botNqjRs,Renan Santos,@franciscog1281,2026-07-28T23:28:33Z,"Acabei de conhecer esse tal Missão RENAN...mas confesso, estou apaixonado pelas ideias desse cara❤",1,2026-08-13
UgyWe-SB8mPjGbzILdF4AaABAg,CX0botNqjRs,Renan Santos,@juninhoskarapi,2026-07-28T21:57:33Z,Omi é bão!,0,2026-08-13
UgzE7mnVYmFLOkHEpQR4AaABAg,CX0botNqjRs,Renan Santos,@missaoreport,2026-07-28T16:57:31Z,vamoooo,0,2026-08-13
Ugyf22HZqDLGUIMZoIN4AaABAg,CX0botNqjRs,Renan Santos,@IaraMarques-o9c,2026-07-28T16:51:26Z,Avante missão RENAN SANTOS 14🎉🎉,0,2026-08-13
UgxgvXrCPtRLOnBh0ZJ4AaABAg,CX0botNqjRs,Renan Santos,@ronaldopalamim3097,2026-07-28T13:14:13Z,"É uma excelente pergunta! E me parece que já houve sentença de M0RT3 nesse país, até descobrirem que um inocente pereceu... E hoje estamos no momento mais boçal do brasileiro gerador de conteúdo pra coach e otário em um país que não deu certo! 14.",0,2026-08-13
UgxgvXrCPtRLOnBh0ZJ4AaABAg.AZo7fWesW5tAZo8I8RGIE8,CX0botNqjRs,Renan Santos,@ronaldopalamim3097,2026-07-28T13:19:37Z,"Pra não editar e parecer hipocrisia, volto aqui pra reforçar a incompetência dos humanos que pseudo-trabalham no jurídico, na investigação forense, terceirizadores de decisões pra A.I.. Sinceramente, sou a favor dessa pena, mas preocupado com a imbecilidade de quem decide.",0,2026-08-13
UgwrN4OCNPlgEh4vIPF4AaABAg,CX0botNqjRs,Renan Santos,@alexsandro-if3gl,2026-07-28T11:17:13Z,Vai ser glorioso 🫵🏼👏🏼,0,2026-08-13
UgxIuCvm3on-FwrXph54AaABAg,CX0botNqjRs,Renan Santos,@todoqcrer,2026-07-28T00:27:05Z,Pra cima pra cimaaaa,0,2026-08-13
UgwNJ6pGXGz4rvrS75p4AaABAg,CX0botNqjRs,Renan Santos,@amandacmo,2026-07-27T15:30:51Z,Avante Missão!,0,2026-08-13
UgxOLRV2r1ilcRXKeEV4AaABAg,CX0botNqjRs,Renan Santos,@rafaelalves4770,2026-07-27T04:04:46Z,🟨⬛️⬜️,0,2026-08-13
UgyYuu7sEEDyzaZUNnl4AaABAg,CX0botNqjRs,Renan Santos,@charlesbronson1594,2026-07-26T12:46:00Z,Brabo! 14!,0,2026-08-13
Ugzl3FPLEOohf4XfNyN4AaABAg,CX0botNqjRs,Renan Santos,@domingosbarros9761,2026-07-26T06:45:20Z,O cara é mesmo bão,0,2026-08-13
UgzNLk-DyjjJ_v8zgJ14AaABAg,CX0botNqjRs,Renan Santos,@fumiosaiki9340,2026-07-25T23:46:16Z,Na questão de higiene pública... Poderiam pegar o lixo e transformar em energia e a fumaça em fumaça não tão nociva igual em Singapura,1,2026-08-13
Ugywue-J5TK2L4bBW7x4AaABAg,CX0botNqjRs,Renan Santos,@Vithugogo,2026-07-24T15:56:21Z,"Igual el savador, quando começaram a prender, os familiares falavam ""ah, mas meu filho é inocente!!!11!1!!! N tem passagem pela puliça"", ai vai ver a fuça do menor, tem tatuagem de gangue até na furico da rabiola.",0,2026-08-13
UgwLzqUDdO7hUtxqbEN4AaABAg,CX0botNqjRs,Renan Santos,@shistoria,2026-07-24T10:44:29Z,O futuro é GLORIOSO!,0,2026-08-13
Ugy9ZIjt6my_6gqim4V4AaABAg,CX0botNqjRs,Renan Santos,@dougdiasx,2026-07-23T17:36:21Z,O futuro é glorioso!!!,0,2026-08-13
UgyanDYM9LuJoJMCJ2N4AaABAg,CX0botNqjRs,Renan Santos,@geovanny9119,2026-07-23T15:47:59Z,Based!,0,2026-08-13
UgxTMO7JUwF0OEpguox4AaABAg,CX0botNqjRs,Renan Santos,@wintherdoglas9132,2026-07-23T15:28:06Z,Perguntas extremamente pertinentes de dentro da propria militância,0,2026-08-13
Ugy1PHcGtiwJlIi1xwN4AaABAg,CX0botNqjRs,Renan Santos,@andrethunderstudiosbr3783,2026-07-23T13:30:44Z,"Bora, engaje ! Comente curta e compartilhe.",0,2026-08-13
UgzDWfj3wQnbCtZrJDR4AaABAg,CX0botNqjRs,Renan Santos,@AlissonRenann-l7q,2026-07-23T11:29:30Z,🐆🐆,0,2026-08-13
Ugy2ueqoakZ2-9-fp_Z4AaABAg,CX0botNqjRs,Renan Santos,@danielben7147,2026-07-23T08:35:26Z,Agora me explica como que consegue fazer isso tudo mas (como vc disse) não vai conseguir acabar com o fundão eleitoral?! 🤔,0,2026-08-13
UgybI7GTZB5RVNJWUmF4AaABAg,CX0botNqjRs,Renan Santos,@RobertMaciel00,2026-07-23T04:58:59Z,"Renan, fala sobre o Split Payment do Brasil a partir de 2027, sua opinião e o que vai acontecer no seu governo caso seja eleito.",0,2026-08-13
UgxQ44pt9wofzKMvEZd4AaABAg,CX0botNqjRs,Renan Santos,@alexrjota,2026-07-23T02:53:37Z,Comentando apenas para engajar!,0,2026-08-13
Ugxbx_SWPBxnDvCAwIV4AaABAg,CX0botNqjRs,Renan Santos,@EriicFcr,2026-07-23T02:11:10Z,o futuro é glorioso,0,2026-08-13
UgzJM1tf_HVvjCPQVW94AaABAg,CX0botNqjRs,Renan Santos,@allwinkk,2026-07-22T18:35:12Z,Renan Santos presidente,0,2026-08-13
UgyHDSwfwEcvugFFpvx4AaABAg,CX0botNqjRs,Renan Santos,@biis2dynha,2026-07-22T11:58:07Z,Missão 1️⃣4️⃣✅🆗🐯,0,2026-08-13
UgwPv7pXTIxfoV1KF6h4AaABAg,CX0botNqjRs,Renan Santos,@MasterChief_H_117,2026-07-22T11:39:24Z,🟨⬛⬜,0,2026-08-13
Ugwbt_rPmLcYuo--QF94AaABAg,CX0botNqjRs,Renan Santos,@ajornadaSolon,2026-07-22T09:51:21Z,Ele sabe que policial também não tem advogado?,0,2026-08-13
Ugy27hMeNknDJBa0H3x4AaABAg,CX0botNqjRs,Renan Santos,@mariaaparecidalemos9566,2026-07-22T01:58:16Z,Super apoio! Tem meu voto 👏🏾👏🏾👏🏾,0,2026-08-13
Ugx0pNk-V9AITVKbGz14AaABAg,CX0botNqjRs,Renan Santos,@sacotacheio85,2026-07-22T00:57:18Z,Baita vídeo.,0,2026-08-13
UgzxKSTNX6i4ZMHc8mR4AaABAg,CX0botNqjRs,Renan Santos,@MarceloTIGA,2026-07-21T23:46:52Z,"E a mesma coisa tem que acontecer com aquele cara que já tem mais de 1 passagem pelo mesmo crime, ele não tem mais direito a defesa, ele já excedeu todas as tentativas e agora tem que ir para jaula direto!",0,2026-08-13
UgyzmP9Y8FwYGI6yvTx4AaABAg,CX0botNqjRs,Renan Santos,@MyIde4s,2026-07-21T21:11:41Z,"Eu acredito que a prisão perpétua é um recurso muitas vezes mais eficiente doque a pena de morte, principalmente se tratando do crime organizado.

O indivíduo que se torna um soldado do trafico, ele já não teme a morte, ele já se pós em um meio onde viver depende totalmente do próximo tiroteio entre facções, onde caso qualquer deslize seu próprio lado o aponta as armas, essa gente teme tudo menos a morte, eles temem a perca do poder que adquiriram ao serem soldados do trafico, a perca dos bens subtraídas e da posição que conseguiram naquela sociedade. Por isso o confinamento pelo resto de suas vidas, somado a perca de sua identidade substituindo-a por números de série, seja a maior punição pocivel e também a maior contra propaganda ao crime organizado.

Acredito que o mesmo vale para aqueles que cometeram crimes hediondos, mas nós sabemos que no caso deles não importa a punição eles irão cometer seus crimes contra a humanidade sem medo nem da morte e nem da sela. Isso pode até bos levar a crer que eliminá-los com a pena capital seria o mais adequado, mas como eu disse, pra eles isso também nak é punição, eles precisam sofres, por isso as celas para crimes hediondos devem ser igualmente hediondas.",0,2026-08-13
UgzzLKtHMSzAQDGn_QZ4AaABAg,CX0botNqjRs,Renan Santos,@euyagoroberto,2026-07-21T21:09:48Z,O melhor,0,2026-08-13
UgyYrvTPg1zM0SO0Sul4AaABAg,CX0botNqjRs,Renan Santos,@danieljose3887,2026-07-21T20:39:35Z,"Apoiado, tmj.",0,2026-08-13
UgyNuWiaohnRNp865IB4AaABAg,CX0botNqjRs,Renan Santos,@ismaelferreira7708,2026-07-21T20:03:40Z,Renan Santos Missão 14 o único candidato com proposta em todas as áreas.,1,2026-08-13
UgxsOO3d4yKFVkO4VUx4AaABAg,m1sTy8X4HSI,Renan Santos,@gabriellabredn0532,2026-08-02T17:53:37Z,DEEM LIKE PORRA PRA VIRALIZAR,0,2026-08-13
UgzXI0qvNzPfoPFLF8d4AaABAg,m1sTy8X4HSI,Renan Santos,@pedroinglee2,2026-08-01T18:48:34Z,"Pessoal, usem meu comentário (se quiserem) para me dizer o porquê de eu não poder confiar no Renan Santos como candidato. Ele, aos meus olhos leigos, aparenta ser uma ótima opção, mas acredito que seja conveniente saber dos pontos que podem o tornar uma má opção.",0,2026-08-13
UgyS-9_6IzB_Y0b4oPx4AaABAg,m1sTy8X4HSI,Renan Santos,@toemcasabrasil,2026-08-01T09:26:28Z,"🇧🇷🇧🇷🇧🇷
Ó Pátria amada, Idolatrada, Salve! Salve!",0,2026-08-13
Ugw2DkPSQK5Gi28cCax4AaABAg,m1sTy8X4HSI,Renan Santos,@AlanNicolas88,2026-07-27T12:53:11Z,"detalhe, essa criança de 10 meses NÂO foi morta pelo padrasto, foi esmagada pelo primo (ou amigo) bebado que deitou na mesma cama, de casal, que a mãe tinha colocado 
a criança",0,2026-08-13
UgxjNHRQVh1I3CY1snJ4AaABAg,m1sTy8X4HSI,Renan Santos,@robertolima2331,2026-07-27T11:24:48Z,"KKK o cara tem um papo bom...acho que fez algum curso com o Marçal kkkkk. O Brasil é uma Laís continental, onde cada estado tem sua máfia política, onde quase todos juristas de peso têm rabo preso, quando ele não tem alguém da família tem...temos uma sociedade quase toda corrupta o de esses mesmo tem poder de voto. Ouso dizer que por enquanto nenhum vai mudar a realidade do Brasil ...os poderes judiciais já se consolidaram dentro de um ecossistema...em 4 anos ele fará o que Bolsonaro fez...NADA kkkkkkk eles querem apenas entrar...nos 2 primeiros anos eles só viajam e comem bem com o nosso dinheiro...e nos últimos 2 anos ele conexão a fazer a alianças demoníacas para se reeleger kkkkkkkk esse papo só cai quem for idiota...",0,2026-08-13
UgySSJLHYp5CGFLrUBd4AaABAg,m1sTy8X4HSI,Renan Santos,@Jeffaral111DEXIT,2026-07-26T16:48:43Z,Renan o unico que fala a verdade!!,0,2026-08-13
UgyHrF5l19IIr9E3W3h4AaABAg,m1sTy8X4HSI,Renan Santos,@MKMØBofc,2026-07-26T15:12:14Z,"comentários pra ajudar no engajamento, o futuro é glorioso",0,2026-08-13
UgyTQNfZPVmGsz1wE5p4AaABAg,m1sTy8X4HSI,Renan Santos,@viniciusdasilva7052,2026-07-26T11:44:08Z,Missão,0,2026-08-13
UgyhdI9krMBOvuRC0j14AaABAg,m1sTy8X4HSI,Renan Santos,@robertjokebr1480,2026-07-25T23:28:33Z,"Isso vai causar um problema sério. A investigação concluiu que a criança de 10 meses nao foi abusada sexualmente, a mãe havia mentido. Se a pena de morte tivesse sido efeituada. O que deve ser feito??",0,2026-08-13
Ugy-oDXdzpkgdlRQG0B4AaABAg,m1sTy8X4HSI,Renan Santos,@kelvzonegameplays7811,2026-07-25T22:13:45Z,14 neles,0,2026-08-13
Ugwf6ufOK7jbQgYglbZ4AaABAg,m1sTy8X4HSI,Renan Santos,@irmaokasuma3634,2026-07-25T17:54:57Z,"Tem uma coisa , na pena de morte . Se o cara for inocente então ele não terá mais chance 😮 a morte nunca vai ser boa opção.",0,2026-08-13
Ugw9A_F4ze9ItzS28pt4AaABAg,m1sTy8X4HSI,Renan Santos,@edsonfoscarini5110,2026-07-25T17:54:40Z,"Esse é o Pablo Marçal, só que não é empresário, vive de vento",0,2026-08-13
UgxwUy5y_1QqCo2kijN4AaABAg,m1sTy8X4HSI,Renan Santos,@edsonfoscarini5110,2026-07-25T17:53:46Z,"Pior que esse caso não ocorreu, na realidade o primo dormiu sobre a criança e a matou por asfixia. Não estupro, é só se informar primeiro. Esse é o problema dos "" repórteres de YouTube"".",0,2026-08-13
Ugw6EIbeq8kury6KQyd4AaABAg,m1sTy8X4HSI,Renan Santos,@railsonmotos8408,2026-07-25T17:11:49Z,"14 nas urnas, Renan Santos presidente 🙌🏾🇧🇷🐆🟡⚫",1,2026-08-13
Ugw_J4Fp-X79nYoa5gB4AaABAg,m1sTy8X4HSI,Renan Santos,@AdaodeAmorim-y1c,2026-07-24T22:39:01Z,Não foi violentada não foi morta por alcoolismo,0,2026-08-13
UgzpL5wqAeW9OHzXhw94AaABAg,m1sTy8X4HSI,Renan Santos,@gabrielronzani7338,2026-07-24T16:02:08Z,14,0,2026-08-13
Ugw7XuPU4zqdL2qH1Fh4AaABAg,m1sTy8X4HSI,Renan Santos,@danieljesus8065,2026-07-24T07:47:04Z,"Concordo. PORÉM, precisa resolver a insegurança jurídica primeiro, pois apesar de ser uma minoria, tem gente indo presa sendo inocente, cumprindo pena mesmo tendo provas que não foi ela.",0,2026-08-13
UgyJSgMyfjprdrhBL8h4AaABAg,m1sTy8X4HSI,Renan Santos,@johnpeterson4635,2026-07-24T01:17:03Z,Eu acho que a pena ideal seria uma morte lenta e dolorosa,0,2026-08-13
UgzTVemNRtPTd4cK9_14AaABAg,m1sTy8X4HSI,Renan Santos,@Elpaladínnegro,2026-07-24T00:23:49Z,Ñ existe isso tem dinheiro ou ñ é CPF cancelado!!!,1,2026-08-13
Ugw8kpolEacZPaXPuaB4AaABAg,m1sTy8X4HSI,Renan Santos,@lichtcronow888,2026-07-23T23:19:08Z,"o IML afirmou que não houve estu pr0, se for o caso que to pensando",0,2026-08-13
Ugy7xzAPKBEqZtsWnyR4AaABAg,m1sTy8X4HSI,Renan Santos,@Lary_Alfinete,2026-07-23T21:23:22Z,"Pra mim nesse caso ainda cabia tortura, métodos de tortura n letais mas bem dolorosos.",0,2026-08-13
UgxA-BXRnW0AROaW_5t4AaABAg,m1sTy8X4HSI,Renan Santos,@ciranof9331,2026-07-23T18:24:05Z,"Renan, Renan, vc tá querendo meu voto…",0,2026-08-13
Ugytg9UFbRxSX6Ec9Jp4AaABAg,m1sTy8X4HSI,Renan Santos,@alinegomes2323,2026-07-23T16:41:20Z,O futuro é glorioso 🇧🇷🙏🏻,1,2026-08-13
Ugz8YHFk9-GR0IKxDTp4AaABAg,m1sTy8X4HSI,Renan Santos,@maickcouto4455,2026-07-23T15:38:29Z,Padrasto? Com certeza um assassino de sangue frio.,0,2026-08-13
UgyMbA0s2oDPvO7s_PN4AaABAg,m1sTy8X4HSI,Renan Santos,@Ater-Gatoveio02,2026-07-23T13:29:07Z,Up!,0,2026-08-13
UgyYHUPt9NuMZ54oIG54AaABAg,m1sTy8X4HSI,Renan Santos,@lucaspasqualini,2026-07-23T12:58:34Z,Um ser humano assim não merece algo doce como a morte,0,2026-08-13
Ugz-mEY4zFMyFDUBzgd4AaABAg,m1sTy8X4HSI,Renan Santos,@m.fontinele5881,2026-07-23T11:40:16Z,"So esqueceram de mencionar que ele não era padrasto e ela não foi violentada, fonte: IML do Ceará(instituto médico legal)",0,2026-08-13
Ugw_CrgCzAuNcgqzmr54AaABAg,m1sTy8X4HSI,Renan Santos,@lucasnagildo5540,2026-07-23T10:19:26Z,"A vítima nunca se recura, algumas cicatrizes são pra sempre...",0,2026-08-13
UgxS011rzLKdsztOu0B4AaABAg,m1sTy8X4HSI,Renan Santos,@LimpcityAuxiliar,2026-07-23T09:33:57Z,"Foi constatado pela perícia que não houve estupro na criança morta.
Segundo os laudos da perícia",0,2026-08-13
UgwPfSZzhxdX3g0OSFt4AaABAg,m1sTy8X4HSI,Renan Santos,@mayconms27,2026-07-23T04:30:17Z,Excelente um candidato expor suas ideias assim 👏👏👏,0,2026-08-13
UgyufsykJI6VM8V9CMR4AaABAg,m1sTy8X4HSI,Renan Santos,@doug1810,2026-07-23T04:03:08Z,Renan Santos para presidente do Brasil! Nro 14. Partido Missão 💪💪👏👏👏,1,2026-08-13
Ugwe6XslsOk58mIK5Mx4AaABAg,m1sTy8X4HSI,Renan Santos,@umbrasileiroqualquer622,2026-07-23T02:13:42Z,Renan 2026.,0,2026-08-13
UgyIqhwlec8snJmfout4AaABAg,m1sTy8X4HSI,Renan Santos,@eduardomartins2848,2026-07-22T23:05:47Z,"Antes de condenar agente tem que da um tempo de pelo menos 1 anos pra pessoa provar a inocência devido ater muitos caso de acusação falsa , no casa em questão saiu no jornal esses dias parece que não ouve estupro.  Mais a pena de morte tem sim que colocar pra esse casos.",0,2026-08-13
UgyJX0_uXkf1c9zgqJJ4AaABAg,m1sTy8X4HSI,Renan Santos,@jeamseverino4990,2026-07-22T21:30:01Z,Esse já tem o meu voto.,0,2026-08-13
UgyLTDjfRWu_YA8B6kJ4AaABAg,m1sTy8X4HSI,Renan Santos,@ednaldo_araújo,2026-07-22T20:39:48Z,Tragam logo uma urna! 1️⃣4️⃣🇧🇷🙌🏽,0,2026-08-13
UgyLTDjfRWu_YA8B6kJ4AaABAg.AZ_Ttm46j1sAZbkmReAKbc,m1sTy8X4HSI,Renan Santos,@josemartins-kz5ut,2026-07-23T17:54:34Z,#Lula13,0,2026-08-13
Ugy6kwoCl5u3dTL5moF4AaABAg,m1sTy8X4HSI,Renan Santos,@andreguilhermediasarraiano9287,2026-07-22T16:10:34Z,.,0,2026-08-13
UgxiiIwNGodoE5T4JpZ4AaABAg,m1sTy8X4HSI,Renan Santos,@adieloliveira9634,2026-07-22T15:25:03Z,"A justiça absorveu ele pôs não teve nenhum estupro foi uma notícia aterrisadora da imprensa e segunda 
Fala que ele deitou sobre a criança pois eles no plural tinham bebido muita cachaça e isso aconteceu",0,2026-08-13
UgxXmHItVRRv8H1sNMh4AaABAg,m1sTy8X4HSI,Renan Santos,@AnaliticoA,2026-07-22T12:52:36Z,Concordo,0,2026-08-13
Ugz_k78_Bdzz4lgmjA54AaABAg,m1sTy8X4HSI,Renan Santos,@DOUGLAS4AGE,2026-07-22T12:33:22Z,O Bolsonaro também dizia isso. Agora diz pra gente como você vai conseguir fazer isso com o Xandão no STF?,0,2026-08-13
UgyNNMemYQ-yYb-z4iB4AaABAg,m1sTy8X4HSI,Renan Santos,@amarildocorrea2829,2026-07-22T11:43:57Z,Renan NELE,0,2026-08-13
Ugxk9n9IkGMj92nnJMl4AaABAg,m1sTy8X4HSI,Renan Santos,@ProEletricistaOfc,2026-07-22T10:48:34Z,"Só é fácil para um ptista criticar as decisões, quando a água não bate nas nádegas dele... Se essa criança fosse da família, o posicionamento seria sempre outro.",0,2026-08-13
UgxtAF5eau9DtYGwAlt4AaABAg,m1sTy8X4HSI,Renan Santos,@ateondeaartemelevar,2026-07-22T02:20:40Z,Os monstros deverão ser extinguidos.,0,2026-08-13
Ugx_qm73bnRw8BZYHRZ4AaABAg,m1sTy8X4HSI,Renan Santos,@marcusviniciusmedeirosdeca3141,2026-07-22T01:19:15Z,"Pena de morte pra esse caso. Olho por olho, dente por dente.",0,2026-08-13
UgxSW7X-zzYvta4ASWh4AaABAg,m1sTy8X4HSI,Renan Santos,@João-d1v,2026-07-21T22:42:33Z,Ele não foi estrupada.,0,2026-08-13
Ugy-64ltkjHzwq8G5UR4AaABAg,m1sTy8X4HSI,Renan Santos,@guilhermefalagan,2026-07-21T17:42:48Z,"Nesse caso aí é prendeu matou, literalmente.",0,2026-08-13
UgzSf1x_tOFRn3gufjh4AaABAg,m1sTy8X4HSI,Renan Santos,@jacksonalmeida2684,2026-07-21T17:20:57Z,Agora sei q escolhe o candidato certo,0,2026-08-13
Ugxh5h4R55QLAfiQGLB4AaABAg,m1sTy8X4HSI,Renan Santos,@davidavi7649,2026-07-21T17:19:18Z,SOMOS A FORÇA DE RENAN SANTOS 🇧🇷🍄💪,2,2026-08-13
UgwynDqfu4_Ff7cP-sN4AaABAg,m1sTy8X4HSI,Renan Santos,@ekrukoski,2026-07-21T17:14:33Z,Boa pergunta para colocar no dia de debates dos candidatos.,0,2026-08-13
UgwzelmEAzl9VR4nKj54AaABAg,m1sTy8X4HSI,Renan Santos,@VictorClistenes-p7v,2026-07-21T17:12:28Z,"Na minha concepção, assassinar um torturador e assassino (que é o caso do rapaz que fez a maldade) estaríamos sendo como ele e querendo ser justos. Eu concordo sobre a prisão perpétua cuja ele ficaria lá até morrer com o MÍNIMO e olhe lá, de dignidade. Isso é só a minha visão, não é um debate!!!",1,2026-08-13
UgzEnjWS5p_eS4vRWHZ4AaABAg,uPMEnV_e6o0,Renan Santos,@victormanuel2000,2026-07-28T18:46:17Z,grande live,0,2026-08-13
UgwhoOULkldRnit4vvF4AaABAg,uPMEnV_e6o0,Renan Santos,@Tarso.Bezerra,2026-07-27T22:54:56Z,https://www.youtube.com/shorts/yi0ZhDTTcak,0,2026-08-13
UgyuhnC1mfDF7dxZSgR4AaABAg,uPMEnV_e6o0,Renan Santos,@conexaoprosport4047,2026-07-27T22:01:41Z,👏👏,0,2026-08-13
UgzTtQ5knI-jUkOcDw14AaABAg,uPMEnV_e6o0,Renan Santos,@DALVINHAMORAES,2026-07-24T23:44:51Z,Renan Santos Presidente,0,2026-08-13
UgzM7DHdgBOjtWJP1h54AaABAg,uPMEnV_e6o0,Renan Santos,@14daoncaoficial,2026-07-24T22:33:19Z,"O homi é bão mermo! Dá-lhe, Renan!",0,2026-08-13
UgxXxvWn0YZUCpUPMo54AaABAg,uPMEnV_e6o0,Renan Santos,@8suely,2026-07-24T15:32:28Z,"Parabéns,Renan !",0,2026-08-13
UgySYbUJN4poqahAJx54AaABAg,uPMEnV_e6o0,Renan Santos,@10FLX,2026-07-23T12:53:10Z,Slk kkk,0,2026-08-13
UgzmvhVXK2WsYAWvakB4AaABAg,uPMEnV_e6o0,Renan Santos,@Abrasuamente9,2026-07-22T10:46:08Z,O futuro é glorioso 🔥🚀🟨⬜⬛🚀,0,2026-08-13
UgylRDRxPC0u_fh9MB94AaABAg,uPMEnV_e6o0,Renan Santos,@ricardol14l14,2026-07-22T08:59:51Z,"Ahhhh...que pena eu nao morar em Goiânia mais, queria ter visto o renan...",0,2026-08-13
Ugzr6wWxnjoJkTLE5vh4AaABAg,uPMEnV_e6o0,Renan Santos,@Tr80428,2026-07-21T23:27:49Z,"Fui pela primeira vez a Goiás ano passado visitar a família da minha namorada. Fomos numa cidadezinha do interior visitar uns parentes dela e a primeira coisa que notei foi a estátua de um Bandeirante numa praça.
​Era época de uma festa tradicional na cidade, festa de Cavalhadas.
Ninguém sabia ao certo me dizer de onde vinha aquela tradição, só que eram mouros contra cristãos.
​Pesquisando depois, vi que se trata da Grande Reconquista da Europa, o movimento histórico de onde nasceu o próprio Reino de Portugal, com os cavaleiros cristãos de várias ordens, acho que até a dos templários, reconquistando a Península Ibérica na Europa dos invasores muçulmanos, que são os mouros. 
Não à toa, a cor dos mouros é vermelha, igual à cor do Marrocos.
Achei o maximo ver isso no interior de Goias.",2,2026-08-13
UgxYh5Yfhg6zfShxwzh4AaABAg,uPMEnV_e6o0,Renan Santos,@JonasEliasFerreiradosSantos,2026-07-21T22:33:38Z,"Renan Presidente, anos-luz à frente!",0,2026-08-13
UgyijyLH7rKwA64EhPp4AaABAg,uPMEnV_e6o0,Renan Santos,@Tr80428,2026-07-21T22:29:05Z,Revolução Gloriosa,0,2026-08-13
Ugx7mI_wv_P7FcwvDz14AaABAg,uPMEnV_e6o0,Renan Santos,@robertocezarjr,2026-07-21T18:58:45Z,O chapéu é esse aí da foto. E não. Não está a venda!,0,2026-08-13
UgwhtZd2EPZNk-b3KQl4AaABAg,uPMEnV_e6o0,Renan Santos,@thyagocomthy4523,2026-07-21T16:44:25Z,⬛🟨⬜,0,2026-08-13
UgwBhnDjFzAWBp859wp4AaABAg,uPMEnV_e6o0,Renan Santos,@GabrielLopes519,2026-07-21T05:35:00Z,🟨⬛⬜ 14,0,2026-08-13
Ugz6jOkwSqhZIKG45FF4AaABAg,uPMEnV_e6o0,Renan Santos,@EntonySouzadaSilvaCoutinho,2026-07-21T04:18:05Z,O futuro precisa ser glorioso. Amassem os botões da urna no 14 Renan Santos,0,2026-08-13
UgwZdmgKcoDhCa7aWHN4AaABAg,uPMEnV_e6o0,Renan Santos,@icarooliveiira,2026-07-20T23:12:25Z,Renan Antônio Ferreira dos Santos,2,2026-08-13
UgzFWj3_uY20amRUtll4AaABAg,uPMEnV_e6o0,Renan Santos,@jadercross899,2026-07-20T22:08:57Z,O futuro é Goaianoso,1,2026-08-13
Ugx9qMyQnxa8ruIOySZ4AaABAg,uPMEnV_e6o0,Renan Santos,@rubenssousaoliveira5766,2026-07-20T22:07:22Z,TOP TOP TOP. VAMOS DE 14 MEU FI.,1,2026-08-13
UgyQ2NpJGE-9mauzXWV4AaABAg,uPMEnV_e6o0,Renan Santos,@fulanolmq,2026-07-20T21:48:29Z,"​⬛⬛⬛⬛⬛⬛⬛⬛⬛⬛

⬛⬛⬛⬛⬛⬛⬛⬛⬛⬛

⬛⬛⬛⬛⬛⬛⬛⬛⬛⬛

⬜⬜⬜🟦⬜🟦⬜🟦⬜⬜

⬜⬜⬜🟦⬜🟦🟦🟦⬜⬜

⬜⬜⬜🟦⬜⬜⬜🟦⬜⬜

🟨🟨🟨🟨🟨🟨🟨🟨🟨🟨

🟨🟨🟨🟨🟨🟨🟨🟨🟨🟨

🟨🟨🟨🟨🟨🟨🟨🟨🟨🟨",0,2026-08-13
UgzaDuft6NOelzt6i454AaABAg,uPMEnV_e6o0,Renan Santos,@almn4788,2026-07-20T21:34:45Z,Esse pessoal não para de falar enquanto o Renan responde às peeguntas,1,2026-08-13
UgwlCUBWz0MjxcLK60l4AaABAg,uPMEnV_e6o0,Renan Santos,@ronaldodias-n5d,2026-07-20T20:16:55Z,"Tenho 55 anos e moro em Ituiutaba no Triângulo Mineiro, e eu já tinha perdido a esperança nesse país, más depois que conheci o Renan Santos e o Kim kataguiri nas redes sociais, minhas esperanças renasceram!    MBL na veia! 🟨⬜⬛ 14 🇧🇷🐆",7,2026-08-13
UgwlCUBWz0MjxcLK60l4AaABAg.AZVHgQth5dxAZX8qSr9zuk,uPMEnV_e6o0,Renan Santos,@jorgeraide,2026-07-21T13:38:08Z,E eu então com 70 anos!! 😮 Tmj irmão 😊,1,2026-08-13
Ugw12CE0aM28c7uqrpR4AaABAg,uPMEnV_e6o0,Renan Santos,@mariaaparecidaranzoni1012,2026-07-20T16:26:18Z,Único candidato ficha limpa corajoso determinado a moralizar o país ☝️ vamos juntos tirar as velhas raposas do poder 🤝,3,2026-08-13
UgzLYTmncK1PwxdISKN4AaABAg,uPMEnV_e6o0,Renan Santos,@Fabriciooberon,2026-07-20T16:22:24Z,Renan Santos Presidente 🇧🇷🐆,2,2026-08-13
UgwhYfbH13FE-gSjWTZ4AaABAg,uPMEnV_e6o0,Renan Santos,@cauemm,2026-07-20T16:15:47Z,show,2,2026-08-13
UgxUANRDokrfQanqanx4AaABAg,uPMEnV_e6o0,Renan Santos,@arthurbrandao6583,2026-07-20T15:40:58Z,Glorious,3,2026-08-13
UgxkdzwXcQrWM9spMD94AaABAg,uPMEnV_e6o0,Renan Santos,@sophierenault4363,2026-07-20T15:16:48Z,Ahi é ruim 👎 desfina demais..,0,2026-08-13
UgxvuCE0HuMfG5gpuLB4AaABAg,uPMEnV_e6o0,Renan Santos,@lucaslanfredi1201,2026-07-20T14:58:11Z,"Hahahaha essa live tinha que estar em todos os jornais. ""Renan toca moda de viola e toca com apoiadores no domingo a noite""",4,2026-08-13
Ugxg3O2iUdcKtxC7LH94AaABAg,uPMEnV_e6o0,Renan Santos,@satoshi2030,2026-07-20T14:50:59Z,"Gente, a nossa geração não pode cometer os mesmos erros que as gerações passadas cometeram com o Dr. Enéas. Nós temos o dever de colocar o Renan Santos no segundo turno! Criem perfis nas redes sociais e postem vídeos ou façam edições sobre o Renan Santos. Precisamos fazer com que as pessoas o conheçam, pois o Renan é a única opção viável para a melhoria do Brasil! 2026 é 14 🐆🐆🐆",2,2026-08-13
UgxH4Hww3JiLaMgt_EV4AaABAg,uPMEnV_e6o0,Renan Santos,@Courtesmonier,2026-07-20T14:12:58Z,Aparecida de Goiânia Goiás meu voto Renan santos,8,2026-08-13
UgwTlRkHPUb5nk6oOCl4AaABAg,uPMEnV_e6o0,Renan Santos,@kuboobuk2,2026-07-20T13:59:12Z,"a missão vai triunfar e refundar o brasil, o futuro é glorioso",0,2026-08-13
UgxXMHF3DbZCJ3Cv1fR4AaABAg,uPMEnV_e6o0,Renan Santos,@LeonardoHDF,2026-07-20T13:47:30Z,o futuro é glorioso,3,2026-08-13
UgwHyZnYEVcx70J14554AaABAg,uPMEnV_e6o0,Renan Santos,@rodrigoguermandi,2026-07-20T13:14:42Z,Renan Santos presidente! 14,0,2026-08-13
Ugxd-IhAWenymWYRL5J4AaABAg,uPMEnV_e6o0,Renan Santos,@fabiohenrique7015,2026-07-20T13:08:38Z,"Exportamos o Pablo marçal, mas compensamos com o Alok na parte boa",1,2026-08-13
Ugxd-IhAWenymWYRL5J4AaABAg.AZUWfb5w-WHAZVxdWnrSVp,uPMEnV_e6o0,Renan Santos,@felipelima8261,2026-07-21T02:32:15Z,🤦 Alok tá de brincadeira,1,2026-08-13
Ugxd-IhAWenymWYRL5J4AaABAg.AZUWfb5w-WHAZa0In6UfNl,uPMEnV_e6o0,Renan Santos,@_gabsantiagoo,2026-07-23T01:40:26Z,"Não culturalmente falando né? Pq a única coisa boa do Alok é a pessoa dele, a músixa é ruim kkkk",0,2026-08-13
UgyW68ICaeL0gnvkCsp4AaABAg,uPMEnV_e6o0,Renan Santos,@fabiohenrique7015,2026-07-20T13:06:08Z,Verdade que somos paulista no final. Poucos sabem o que é a Paulistânia,2,2026-08-13
Ugy5GbMkRuC78HKlqM94AaABAg,uPMEnV_e6o0,Renan Santos,@wesleyfilipy299,2026-07-20T12:57:00Z,"eu fui no evento e foi muito bom, o futuro é glorioso",7,2026-08-13
Ugy5GbMkRuC78HKlqM94AaABAg.AZUVLRotBdBAZYN7Zn1CBj,uPMEnV_e6o0,Renan Santos,@brunoperon2472,2026-07-22T01:02:10Z,É tem q ter MTA esperança...pq a realidade é outra.,0,2026-08-13
UgxRkqA-nxkmyZcrhPp4AaABAg,uPMEnV_e6o0,Renan Santos,@hit_ocuzudo9353,2026-07-20T12:50:04Z,Renan Santos 14,3,2026-08-13
UgzFWd_vIeoY1Qc1K6R4AaABAg,uPMEnV_e6o0,Renan Santos,@rodrigogarciabarbosa2185,2026-07-20T11:34:22Z,Renan Santos presidente,2,2026-08-13
UgyAbEqJ-krZc0aDw9d4AaABAg,uPMEnV_e6o0,Renan Santos,@ewilliamc,2026-07-20T11:16:14Z,"oda genio, slc",1,2026-08-13
UgwR5OpMWvc65uN1NeZ4AaABAg,uPMEnV_e6o0,Renan Santos,@rafaelx742,2026-07-20T10:24:23Z,Renan santos já é o melhor candidato 😊 como n gostar desse cara? 😂😂,3,2026-08-13
UgxslB5tY33z1ao-qO54AaABAg,uPMEnV_e6o0,Renan Santos,@messiasheitorferreiradeoli551,2026-07-20T10:05:46Z,A melhor live? É sempre a próxima!,5,2026-08-13
UgzJj6tgeLBxFE__fVN4AaABAg,uPMEnV_e6o0,Renan Santos,@marcospereira8948,2026-07-20T08:29:37Z,14 14 14,4,2026-08-13
UgzJj6tgeLBxFE__fVN4AaABAg.AZU0k2k_hnzAZU0p8WDI-R,uPMEnV_e6o0,Renan Santos,@marcospereira8948,2026-07-20T08:30:19Z,"PARTIDO MISSÃO 14
RENAN SANTOS PRESIDENTE",1,2026-08-13
UgyMCLbm0yTzbeAXUZt4AaABAg,uPMEnV_e6o0,Renan Santos,@ehellora,2026-07-20T08:09:33Z,"14 MISSÃO, com RENAN SANTOS. Para fazer TUDO que é obviamente necessário, mas todos acham desculpas esfarrapadas para não fazer por malandragem , medo ou preguiça.",3,2026-08-13
UgzpaZNKQpLUcchP17d4AaABAg,uPMEnV_e6o0,Renan Santos,@anabohm4948,2026-07-20T08:03:31Z,"Eu morei em alguns Países da África e posso te dizer que a diferença, é talvez eles tenham perdido todas as riquezas e a população vive na miséria é porque não tinham jovens como os nossos que lutam para um Brasil GLORIOSO. 
Não importa se um dia votamos errado, vamos mudando até acertar. 
O Brasil é de todos nós  1️⃣4️⃣Renan Santos ⬛️⬜️🟨 no primeiro e segundo turno 🇧🇷 🇧🇷 🇧🇷",13,2026-08-13
UgzpaZNKQpLUcchP17d4AaABAg.AZTykxF9BdQAZUAoG_CyNm,uPMEnV_e6o0,Renan Santos,@Maior-hater-Orlando,2026-07-20T09:57:34Z,"Lero lero. Não é necessário recursos naturais para se desenvolver. Eles não se resolvem justamente por não se enxergarem como um povo só, algo que os outros cantos do mundo já resolveram há, pelo menos, um século.",0,2026-08-13
UgziIJKYGVqjIjnM-W94AaABAg,7BjLRhzV2nQ,Renan Santos,@robertocabral9907,2026-08-08T09:12:34Z,"Tá criando cobra, vai amanhecer picado.",0,2026-08-13
UgwRhZxOIRj0hflLJ854AaABAg,7BjLRhzV2nQ,Renan Santos,@hellenaparecida-u8n,2026-08-01T18:49:16Z,agora você mostrou que só sabe mexer com cobra kkk,0,2026-08-13
UgxVxyQ6TwI5oKwRI3N4AaABAg,7BjLRhzV2nQ,Renan Santos,@toemcasabrasil,2026-08-01T09:27:19Z,"🇧🇷🇧🇷🇧🇷
Brasil, um sonho intenso, um raio vívido
De amor e de esperança à terra desce,",0,2026-08-13
UgzFzbGocdIgx-zwttB4AaABAg,7BjLRhzV2nQ,Renan Santos,@GiganotossaurusDominion,2026-07-30T22:03:58Z,Grande biólogo henrique,0,2026-08-13
UgziMXVxF0h_JNDnkcF4AaABAg,7BjLRhzV2nQ,Renan Santos,@bulletsandpencils,2026-07-30T18:00:05Z,"Todo mundo sabe que o Henrique é de esquerda, então tá aí o meme.",0,2026-08-13
Ugz-dRvZuTOc6EwM1Xp4AaABAg,7BjLRhzV2nQ,Renan Santos,@nempensemuito,2026-07-27T19:26:52Z,Renan santos ❤,0,2026-08-13
UgwIqAO0vuuubpkLz3t4AaABAg,7BjLRhzV2nQ,Renan Santos,@Ater-Gatoveio02,2026-07-27T11:06:24Z,Up,0,2026-08-13
Ugz3qxgfm5pNG3uAT1x4AaABAg,7BjLRhzV2nQ,Renan Santos,@brunoteixeira-billyjow9833,2026-07-25T12:42:56Z,"Vamos, Missão!",0,2026-08-13
Ugzy6n3aUPeLlI8QcjJ4AaABAg,7BjLRhzV2nQ,Renan Santos,@shaieMayco,2026-07-25T04:33:48Z,"Entrar nos comentários e pela primeira vez ver que não é gente defendendo presidiário nem ex presidiário da uma paz, um sentimento de que talvez, talvez o Brasil tenha sim futuro, e eu posso participar dele",2,2026-08-13
UgwDsYjIxowO_xO0afN4AaABAg,7BjLRhzV2nQ,Renan Santos,@cesaralmeida880,2026-07-24T20:32:06Z,Que decepção com o biólogo Henrique!!!,0,2026-08-13
UgwBnAs-BnTgHLEKdM94AaABAg,7BjLRhzV2nQ,Renan Santos,@EgremaraMartins,2026-07-24T18:47:15Z,Fofura ❤😅,0,2026-08-13
Ugz0unD_1mOjCTYwWYR4AaABAg,7BjLRhzV2nQ,Renan Santos,@carlosdiniz5480,2026-07-24T17:53:54Z,Eu gosto dos dois!,0,2026-08-13
UgwR91jDcY-CFbOmxLV4AaABAg,7BjLRhzV2nQ,Renan Santos,@Monika-ADM-Misteriosa,2026-07-24T16:14:36Z,Chupa Vegano kkkkkkkkkkkk,0,2026-08-13
UgyuDgkElfkd8lj3tRJ4AaABAg,7BjLRhzV2nQ,Renan Santos,@SpaceBox4344YouTuber,2026-07-24T00:59:02Z,"Imagina o Richard e o Henrique fechados com o MBL, principalmente pós eleição ganha ? Aí é bom demais kkkkk",2,2026-08-13
Ugzk4GT-nZ32UwXjP9d4AaABAg,7BjLRhzV2nQ,Renan Santos,@antoniosilveira4227,2026-07-23T17:33:13Z,Nosso Presidente chamar assim tem um exemplo não muito longe não funciona,0,2026-08-13
UgxjUAEgLdaXmC7pHct4AaABAg,7BjLRhzV2nQ,Renan Santos,@gzzuss,2026-07-23T16:21:48Z,Tem que dá um jeito nos javalis né... 😅😅😅,1,2026-08-13
UgySz_Wixn4KkkXl8Nl4AaABAg,7BjLRhzV2nQ,Renan Santos,@bigfamily4421,2026-07-23T11:18:25Z,14 é GG EM 2026,1,2026-08-13
UgyxY_w0JUCtIEBFTCZ4AaABAg,7BjLRhzV2nQ,Renan Santos,@WillPolli1,2026-07-22T19:33:41Z,🤢🤮,0,2026-08-13
UgygvmqZLinfyRt29Ip4AaABAg,7BjLRhzV2nQ,Renan Santos,@anacristinamartins4883,2026-07-22T18:05:28Z,14 neles o futuro é glorioso 🎉😊,1,2026-08-13
UgzCMIl8A6eH8c6Qxch4AaABAg,7BjLRhzV2nQ,Renan Santos,@CarlosHenrique-v4i9u,2026-07-22T10:43:13Z,Bora ganhar voto,2,2026-08-13
UgyGUH2Lr8O1FFSHIy54AaABAg,7BjLRhzV2nQ,Renan Santos,@CorteCutsTamoCortando,2026-07-22T02:18:34Z,"""você tá indo por um caminho muito bom""
Enéias era preparado, Renan tem se preparado. 
Não vi outro presidenciável ou até presidente antigo se preparando tanto pra assumir um cargo, é tipo tu fazer treinamento pra atuar em uma profissão.",2,2026-08-13
UgxeO2H6nN6pjt3ha4B4AaABAg,7BjLRhzV2nQ,Renan Santos,@JR_Renanzito,2026-07-22T01:44:31Z,Eu sabiaa,2,2026-08-13
UgzgZDadYD4xUl3UQDJ4AaABAg,7BjLRhzV2nQ,Renan Santos,@WEL1NTOM,2026-07-22T00:09:19Z,"As esperanças crescem cada vez mais ,maravilhosos",4,2026-08-13
UgwXyVw59302sl9mo5p4AaABAg,7BjLRhzV2nQ,Renan Santos,@todoqcrer,2026-07-21T20:25:59Z,"top em, pra cima",2,2026-08-13
UgzAUPGVNqD1cYFGrC54AaABAg,7BjLRhzV2nQ,Renan Santos,@PedroNedes,2026-07-21T16:52:26Z,"""Prometeu picanha, toma javali""😂😂😂",2,2026-08-13
UgxxXDO8hifFFkYlI-d4AaABAg,7BjLRhzV2nQ,Renan Santos,@ismaeloliveira5622,2026-07-21T16:40:12Z,Parabéns,2,2026-08-13
UgwU7ijUcy6Rsct3ei94AaABAg,7BjLRhzV2nQ,Renan Santos,@sabvolpe,2026-07-21T14:11:46Z,"Estava vendo o Henrique agora e me apareceu esse Shorts, muito top",3,2026-08-13
UgxwoDykh0rxoNeJmYZ4AaABAg,7BjLRhzV2nQ,Renan Santos,@gabrielronzani7338,2026-07-21T12:50:55Z,14,2,2026-08-13
UgxFp8-jWIIB9cwpS1h4AaABAg,7BjLRhzV2nQ,Renan Santos,@JuscelinoAlmeidadeSousa-s6r,2026-07-21T10:38:35Z,14🇧🇷🇧🇷🇧🇷,3,2026-08-13
Ugy3_Jh1M2lcBSEnCtJ4AaABAg,7BjLRhzV2nQ,Renan Santos,@tiagomonteiroresendedeandr2284,2026-07-21T10:11:00Z,Fantastica essa união ❤@biologohenrique,0,2026-08-13
Ugwtt3XYFXBe96soWYB4AaABAg,7BjLRhzV2nQ,Renan Santos,@iara_pimenta,2026-07-21T06:51:34Z,Uhuu! Otimo!,2,2026-08-13
UgzfqJ2WXjSc3zYM92p4AaABAg,7BjLRhzV2nQ,Renan Santos,@jack8298-n5n,2026-07-21T05:56:34Z,Falar bem qualquer um fala 🦜 até papagaio 🦜 fala quero ver fazer o que fala ok papagaio 🦜 de pirata,0,2026-08-13
Ugwt89FEU5Q_n4wtWfR4AaABAg,7BjLRhzV2nQ,Renan Santos,@noliveira1502,2026-07-21T03:14:58Z,"Grande biólogo!
Mas vai ser candidato por outro partido né?",0,2026-08-13
UgyH1g1j7unaW3DSRXN4AaABAg,7BjLRhzV2nQ,Renan Santos,@haroldoveigabelchior7194,2026-07-21T02:10:50Z,"Biologo Henrique é do MDB, partido de centrão 😂😂😂 tá feio a situação heim Renan",0,2026-08-13
Ugw1tBkEEZLY9w7HokR4AaABAg,7BjLRhzV2nQ,Renan Santos,@carlosfreitas4671,2026-07-21T00:32:55Z,"O Renan Santos merece ser Presidente do Brasil!
Vamos ajudá-lo a ser o Presidente do Brasil!",0,2026-08-13
Ugy2q6xW5WolQcxpw414AaABAg,7BjLRhzV2nQ,Renan Santos,@CanalAdãoBispo,2026-07-20T23:59:32Z,Triste fim do biólogo Henrique andando com neofascistas,0,2026-08-13
UgwadFySkpVrr1vfoZd4AaABAg,7BjLRhzV2nQ,Renan Santos,@IsleyPvp,2026-07-20T23:15:28Z,"O futuro é glorioso, 14",0,2026-08-13
Ugw7ZSTVWsnEWIdTQiB4AaABAg,7BjLRhzV2nQ,Renan Santos,@terezadesouza9884,2026-07-20T21:10:09Z,MASSACHUSETTS com RENAN SANTOS 👏🏼👏🏼👏🏼👏🏼👏🏼👏🏼👏🏼🐆🐆🐆🐆🐆🐆🥳🥳🥳🥳🥳🥳🎉🎉🎉🎉🎉🎉🙏🇧🇷🇺🇸🇺🇸🥳❤️,0,2026-08-13
UgyITCO_ESOGFREso5R4AaABAg,7BjLRhzV2nQ,Renan Santos,@deborarafaelade,2026-07-20T20:23:06Z,Show de bola 😃😃😃,0,2026-08-13
UgyjNj6rKcpEZg_Qy7x4AaABAg,7BjLRhzV2nQ,Renan Santos,@ednaldo_araújo,2026-07-20T20:09:23Z,14🇧🇷,0,2026-08-13
UgwwJi3K_FkAQukEa0t4AaABAg,7BjLRhzV2nQ,Renan Santos,@douglashubert,2026-07-20T20:03:12Z,"Acho besteira comprar briga com veganos. Não sendo bandido, merece respeito independente de dieta e escolhas de vida.",0,2026-08-13
Ugy5sSnkGNt3Vmn7lm94AaABAg,7BjLRhzV2nQ,Renan Santos,@marcosbarbosa5667,2026-07-20T17:24:56Z,Renan presidente vc é a unica esperança pra um país que vive a maior idiocracia da historia !!! 14🐆missão .,0,2026-08-13
UgxrKe8Q_Vfq-a7BAGx4AaABAg,7BjLRhzV2nQ,Renan Santos,@L30S4NTOS,2026-07-20T16:28:46Z,E o Richard vai colar tbm,0,2026-08-13
Ugz4I7bfoyxogyjyQ4h4AaABAg,7BjLRhzV2nQ,Renan Santos,@AroldoPeres-h8o,2026-07-20T16:04:41Z,"Esses são realmente patriotas e nacionalistas !!!!!
Dele!",0,2026-08-13
UgymCM1FNU6XfqS5xkh4AaABAg,7BjLRhzV2nQ,Renan Santos,@adalvon,2026-07-20T15:58:50Z,Quero ver se o Renan vai resolver o problema do javaporco. 🙄,0,2026-08-13
Ugw_JusLc9UHP_pW7XB4AaABAg,7BjLRhzV2nQ,Renan Santos,@vitorsoffiatti5008,2026-07-20T15:54:52Z,🙌🏽🙌🏽🙌🏽,0,2026-08-13
UgyXbMu59mrF667NMTd4AaABAg,7BjLRhzV2nQ,Renan Santos,@thiagosouza7871,2026-07-20T15:49:08Z,Pra cima missão,0,2026-08-13
UgxLEnk0b8Jsqsxn1494AaABAg,7BjLRhzV2nQ,Renan Santos,@NicolasRegly,2026-07-20T15:31:30Z,"Prometeram picanha, agr toma javalí KKKKKKKKKKK",0,2026-08-13
UgxnKJ8ww2ZPwS-lSEx4AaABAg,7BjLRhzV2nQ,Renan Santos,@david.sobrinho,2026-07-20T15:23:57Z,"Quando ele disse: ""Nosso presidente"", me deu um orgulho",0,2026-08-13
UgxKBoNLIA15Ks5c2Xp4AaABAg,7BjLRhzV2nQ,Renan Santos,@fernandamarins1178,2026-07-20T15:23:15Z,"Biólogo Henrique pra ""Ministro do Meio Ambiente"" no mandato do nosso Presidente Renan Santos. O futuro é glorioso!!",0,2026-08-13
UgyuSwT_mm8irGfpZcp4AaABAg,FTdiMmHFLGY,Renan Santos,@KilluaZdy,2026-08-13T17:18:09Z,14,0,2026-08-13
UgzvWVDzMrNrXJ2Zs3N4AaABAg,FTdiMmHFLGY,Renan Santos,@rodrigoferrari9132,2026-08-13T16:13:43Z,"RENAN, VC É O CARA QUE PRECISAMOS DE PRESIDENTE EM NOSSO PAÍS. PORÉM TENHO UM CERTO MEDO, EM MEIO ESSA PODRIDÃO POLÍTICA,  VC VAI TRAVAR MTS BRIGAS. UM STF COM MAIORIA DE ESQUERDA E QUE VAO QUERER PROTEGER BANDIDOS, O CONGRESSO QUE VAI ESTÁ CONTRA QUE NÃO QUEREM PERDER BENEFÍCIOS, EM UM PARTIDO PEQUENO, SUA BRIGA É GRANDE, ENTÃO SEJA FORTE QUE EM A ESSE JOGO NA PRIMEIRA OPORTUNIDADE VC VAI PRA DEBAIXO DO TAPETE",0,2026-08-13
UgzqWeTxcBjXif5OA614AaABAg,FTdiMmHFLGY,Renan Santos,@ヅTheHunterヅ,2026-08-13T15:39:01Z,"Na urna eu vou colocar 14
Aqui e Renan! Presidente e missão no governo dos estados!!!",1,2026-08-13
Ugw4E6kxWj-C_T0a6nZ4AaABAg,FTdiMmHFLGY,Renan Santos,@SamuelSilva-sh4qt,2026-08-13T13:35:18Z,É um exagero comparar esse cara com Enéas mas é o mais próximo até então nas palavras e conhecimento... Acorda Brasiiiil!!!,0,2026-08-13
Ugw6CtBCdN6ng1xOtiN4AaABAg,FTdiMmHFLGY,Renan Santos,@andresoares6635,2026-08-13T13:11:04Z,"Não supera nem o Caiado, quer ganhar votos dos eleitores que acabou de dizer que são seus inimigos",0,2026-08-13
UgxRWwojxVlEHCyXcX54AaABAg,FTdiMmHFLGY,Renan Santos,@rafabritish,2026-08-13T12:12:31Z,Apoio ao voto nulo,0,2026-08-13
UgyZr4GhGpOcSjHr6KR4AaABAg,FTdiMmHFLGY,Renan Santos,@Bateratdf,2026-08-13T12:06:54Z,"Grande idiotice sendo dita nesse vídeo. Mostre qual o plano de governo, qual seu time pra resolver os problemas desse pais? Como vai lidar com parlamentares?",0,2026-08-13
UgzplQYtNd30GpITJxZ4AaABAg,FTdiMmHFLGY,Renan Santos,@claudiaandrade643,2026-08-13T11:12:09Z,"ESPERO QUE ESSE RAPAZ REALMENTE ESTEJA COM A INTENÇÃO VERDADEIRA COM SEUS ARGUMENTOS ENTREGANDO PRA NÓS ESSA ESPERANÇA PORQUE NAO AGUENTAMOS MAIS.
A MUDANÇA É NECESSÁRIA.
DEPOSITANDO ESPERANÇA E CONFIANÇA EM VOCÊ.!
NÃO NOS DECEPCIONE.
QUEM ENTRA NESSE SISTEMA DE BOSTA FALIDO CORROMPIDO NÃO DA MAIS.
VAI PRA CIMA E VAMOS COM VOCÊ MAS VENHA CONOSCO",0,2026-08-13
UgyKz5dosZeYHBIEqNR4AaABAg,FTdiMmHFLGY,Renan Santos,@ruanvitor1841,2026-08-13T09:04:29Z,Que palavras lindas esses 2 idiotas esse cara e fodaaaaa,0,2026-08-13
UgwHx_LPRVyjM3IRg4B4AaABAg,FTdiMmHFLGY,Renan Santos,@leandrosilvagomes1831,2026-08-12T19:33:17Z,Só espero que você não seja mais uma ilusão...,0,2026-08-13
UgyFbqYD5OcKJM4Zq5l4AaABAg,FTdiMmHFLGY,Renan Santos,@AntônioCarlos-e3u2l,2026-08-12T17:33:23Z,Acorda Eleitor Brasileiro!  Acorda Brasil!,0,2026-08-13
UgwaWZDgQgkZXw26oOd4AaABAg,FTdiMmHFLGY,Renan Santos,@asmr.pipoca,2026-08-12T15:22:14Z,Sistema está  preocupado com ele.,0,2026-08-13
UgxQh0KR4BwcMeoiqHp4AaABAg,FTdiMmHFLGY,Renan Santos,@MarceloSilva14700,2026-08-12T14:32:11Z,Nunca foi só a polícia e sim a mídia,0,2026-08-13
Ugzo9pGxW0on4EeSsT54AaABAg,FTdiMmHFLGY,Renan Santos,@bravooc85costa18,2026-08-12T10:11:24Z,Renan Santos é o Boulos da direita,0,2026-08-13
UgyQO77NlIXQH_fkNIh4AaABAg,FTdiMmHFLGY,Renan Santos,@bravooc85costa18,2026-08-12T10:11:02Z,"MBL é uma aberração política, MBL é o PSOL da direita",0,2026-08-13
UgycAXAtIPUNNux-4h14AaABAg,FTdiMmHFLGY,Renan Santos,@zophgg,2026-08-12T03:41:42Z,Como eu acho esse vídeo no insta?,0,2026-08-13
UgyQSjVbHkwxg0u1boJ4AaABAg,FTdiMmHFLGY,Renan Santos,@danieldocltaosapps,2026-08-12T02:07:14Z,E vc e que doença?,0,2026-08-13
Ugw74UcUNfD1Q6N8djt4AaABAg,FTdiMmHFLGY,Renan Santos,@Tiagonied,2026-08-12T01:44:02Z,Quando assim nem vai chegar no primeiro turno!!!,0,2026-08-13
Ugzaxyq_Wt7JDMXadYV4AaABAg,FTdiMmHFLGY,Renan Santos,@mariaaparecidalimadossanto3351,2026-08-11T23:36:31Z,"Verdade Renan 
Vitória ao MBL",0,2026-08-13
UgxVBy-NWpA-vTlGoid4AaABAg,FTdiMmHFLGY,Renan Santos,@gabrielonofre5327,2026-08-11T16:47:02Z,14🎉,0,2026-08-13
Ugw1GcGLnwnWpPifdop4AaABAg,FTdiMmHFLGY,Renan Santos,@AntonioMarcosSilva-u2y,2026-08-11T15:15:53Z,Esse e mais um Lula disfarçado de libertador,0,2026-08-13
Ugx2DWLoRDfDRlBSSEB4AaABAg,FTdiMmHFLGY,Renan Santos,@Viniciusagusto1234,2026-08-11T04:53:21Z,"Melhor comparação não tem 😂
🟨🟡🟡🟨🟨🟨 AVANTE 14",0,2026-08-13
Ugx7Nim7xuCWvkmyVN14AaABAg,FTdiMmHFLGY,Renan Santos,@RenatoNascimento-pb6xp,2026-08-11T01:50:34Z,MBL isentao! lula voltou e ficara 8 anos. Nao votarei no OMISSAO!,0,2026-08-13
Ugx7Nim7xuCWvkmyVN14AaABAg.A_LxZaMuNbbA_NfpotzUpZ,FTdiMmHFLGY,Renan Santos,@kraistens,2026-08-11T17:54:07Z,"O Bolsonaro se auto considera de centrão, não vale apena o apoiar.",0,2026-08-13
Ugxp8jvlOacKN_DzWWl4AaABAg,FTdiMmHFLGY,Renan Santos,@LindomarBaldez,2026-08-10T23:00:32Z,Vamos lá. Tô começando achar que ainda existe uma esperança,0,2026-08-13
UgxrTTI_jhTefa_QrvZ4AaABAg,FTdiMmHFLGY,Renan Santos,@Flaviano-Alves,2026-08-10T14:57:15Z,"Precisamos olhar para a política com novos olhos. Está na hora de buscar novas lideranças, novos partidos e novas ideias, sem ficar presos aos velhos grupos políticos e às estruturas tradicionais de poder.

O eleitor precisa cobrar ficha limpa, transparência, responsabilidade com o dinheiro público e compromisso com reformas. Não devemos votar apenas por tradição partidária ou por interesses pessoais.

É hora de renovar a política brasileira e escolher representantes que tenham coragem para romper com práticas que há décadas decepcionam o cidadão. Mais fiscalização, menos privilégios e muito mais responsabilidade com o Brasil.",0,2026-08-13
Ugwtdv5paAn0Ec8oddV4AaABAg,FTdiMmHFLGY,Renan Santos,@gilbertogoncalves5367,2026-08-10T03:08:06Z,Vamos mudar 14 já,0,2026-08-13
Ugz2nTaXdj7htfOQxDl4AaABAg,FTdiMmHFLGY,Renan Santos,@emanuelglesson6679,2026-08-09T13:38:31Z,"Dito isso!
◼️◻️🟨",0,2026-08-13
UgyyBQqeyJFTgyKeiEF4AaABAg,FTdiMmHFLGY,Renan Santos,@valdecisimoespolino3099,2026-08-08T21:31:38Z,Vai mexer na previdência já perdeu meu voto. Tem que fazer reforma política,0,2026-08-13
UgzLygYdEVEdSCLqIzt4AaABAg,FTdiMmHFLGY,Renan Santos,@leticiavianna5443,2026-08-08T17:12:08Z,"Cara, para de falar M... vc NÃO TEM CHANCE nesta eleição!",0,2026-08-13
UgxcxXPl5kbPr1TWPFp4AaABAg,FTdiMmHFLGY,Renan Santos,@AntôniojersonMartins,2026-08-08T16:48:20Z,Triste é saber que tem alguns eleitores que votam nessa comédia,0,2026-08-13
UgzliKqFSz4nicrzRFN4AaABAg,FTdiMmHFLGY,Renan Santos,@lexandrebasilio7562,2026-08-08T15:43:38Z,Q democracia é essa q um partido governador a 30 anos  prometendo coisa,0,2026-08-13
UgyPM9XwjfUiuDp_XZF4AaABAg,FTdiMmHFLGY,Renan Santos,@lexandrebasilio7562,2026-08-08T15:42:49Z,E isso q eu quero para o  país gente nova outras ideias,0,2026-08-13
UgxSrryhPGAcLeMYe2d4AaABAg,FTdiMmHFLGY,Renan Santos,@almirmoraes7462,2026-08-07T18:39:51Z,Mais um empresario para acabar com o trabalhador igual o trump,0,2026-08-13
UgyC5SvDQgruLSMUvoh4AaABAg,FTdiMmHFLGY,Renan Santos,@veruschkaesilvabragaleite660,2026-08-07T07:25:22Z,"Caramba,falou tudo. O maior problema é o eleitor mesmo, votou num indiciado não condenado e quer votar em outro, dizendo que não tem opção. O povo precisa acordar, perder voto é votar errado. Não existem somente dois candidatos. Votar em quem já se sabe que é desonesto é burrice",0,2026-08-13
UgwZJKXMgswESjPfbJ14AaABAg,FTdiMmHFLGY,Renan Santos,@SeverinosebastiaoJunior,2026-08-07T05:30:38Z,ELEITOR BURRO,0,2026-08-13
UgyX_94JCy9Z6jWKnV54AaABAg,FTdiMmHFLGY,Renan Santos,@weslleygoncalves783,2026-08-07T04:52:17Z,Renan Santos 14,0,2026-08-13
Ugx9bzYvwuG1KeXi8ux4AaABAg,FTdiMmHFLGY,Renan Santos,@tiagomozaf,2026-08-06T23:04:51Z,Renan merece ganhar a esperança ainda existe.,0,2026-08-13
UgzSxf5QMaN751nMcvJ4AaABAg,FTdiMmHFLGY,Renan Santos,@felipebancos,2026-08-06T20:40:28Z,"O cara é bom, não tem jeito",0,2026-08-13
Ugzygmrn_Dq-xxthC4Z4AaABAg,FTdiMmHFLGY,Renan Santos,@MoisésPereira-m4z,2026-08-06T19:37:15Z,22 na cabeça,0,2026-08-13
UgyWBDKa4Sdn9b7k6fd4AaABAg,FTdiMmHFLGY,Renan Santos,@NiltonDonizettiBraga,2026-08-06T19:30:54Z,Nunca vi você na minha vida deu trouxa,0,2026-08-13
UgxN1L8JytYVl_CrbpN4AaABAg,FTdiMmHFLGY,Renan Santos,@CelsoMoreira-z7i,2026-08-06T12:28:06Z,Sou 14,0,2026-08-13
UgwkwRMo9WThBUrEJGJ4AaABAg,FTdiMmHFLGY,Renan Santos,@e.a.6654,2026-08-06T11:13:30Z,"Renan,  para ter votos e ir p segundo turno, bata mais no LULA!!! Direita busca alguém assim. Nem vc e nem Flavio bate colocado no Lula. Millei bate mais colocado q nossos candidatos.",0,2026-08-13
UgxI0aT9f5hr4N1AivV4AaABAg,FTdiMmHFLGY,Renan Santos,@JosifranFonseca,2026-08-06T10:23:32Z,Vejam a oportunidade que estamos tendo ! Renan Santos !,0,2026-08-13
UgzZOu1WpEuAlfXUF1N4AaABAg,FTdiMmHFLGY,Renan Santos,@fredysilva5465,2026-08-06T06:00:02Z,Bom é ele 😂😂😂😂,0,2026-08-13
UgxYfIkOUO_cCYMtlb54AaABAg,FTdiMmHFLGY,Renan Santos,@tinolaurentino2292,2026-08-06T01:47:31Z,Tem que falar assim … lula bolsonaro ou stf,0,2026-08-13
UgxdGyxgm8F7pkvDk2R4AaABAg,FTdiMmHFLGY,Renan Santos,@minesgabriel2755,2026-08-06T01:08:08Z,Lula ganha no primeiro e no segundo turno,1,2026-08-13
UgwADhigFh7Vwi1qQRp4AaABAg,FTdiMmHFLGY,Renan Santos,@JulianoAbreu-r7d,2026-08-06T00:14:21Z,"Só não Pode chamar o Bolsonaro de Corrupto, aí querer comparar Bolsonaro a Lula é uma insanidade sem tamanha por não votaria nunca nesse cidadão!!",1,2026-08-13
UgwcNgHPoi13DCa2oNZ4AaABAg,FTdiMmHFLGY,Renan Santos,@marcelloborges6266,2026-08-05T22:29:01Z,Mano Renan é inteligente demais,0,2026-08-13
UgxQ_xIWT0TwzaMzMbp4AaABAg,FTdiMmHFLGY,Renan Santos,@wgefersontavaresdeabreujhe4654,2026-08-05T18:41:03Z,esse aí vai ser atropelado pôr Flávio e pôr Lula,0,2026-08-13
UgxCoPoBaaFGbnNW4N14AaABAg,D3XDkwNqD-w,Renan Santos,@victormanuel2000,2026-07-28T18:46:24Z,grande live,0,2026-08-13
UgwRqVaiCm4M7voRBg14AaABAg,D3XDkwNqD-w,Renan Santos,@ANDARILHOtrader,2026-07-28T12:27:03Z,https://youtube.com/shorts/t8MdMdVD_Vs?is=YmLBG_QfC2CBNkCh,0,2026-08-13
UgwVIId0q59SU2HLP054AaABAg,D3XDkwNqD-w,Renan Santos,@Tarso.Bezerra,2026-07-27T22:55:13Z,https://www.youtube.com/shorts/yi0ZhDTTcak,0,2026-08-13
Ugybljr9VRU_Klt3UhF4AaABAg,D3XDkwNqD-w,Renan Santos,@ezequinewton,2026-07-22T22:37:15Z,"Não me interessa se Flávio roubou muito ou pouco, o sobrenome é o que importa. Bolsonaroooooooooo!!!! 🇧🇷🇧🇷🇧🇷",0,2026-08-13
UgwOFxM0QPigUhqRnkt4AaABAg,D3XDkwNqD-w,Renan Santos,@user-jr4km5ht5x,2026-07-21T20:29:22Z,"e se tiver um meiu politico minimamente parecido com mbl partido missao 14 nu brasil e raro extranho e quase um milagre, e concorrendo para u brasil ? e u MBL partido missao 14",0,2026-08-13
UgxDZp1F3bejAkwJmON4AaABAg,D3XDkwNqD-w,Renan Santos,@ThailerPR,2026-07-21T17:27:05Z,É 14 porra,0,2026-08-13
UgyzOo2uQr1-yabDIBt4AaABAg,D3XDkwNqD-w,Renan Santos,@EggHead-k,2026-07-20T18:11:34Z,"Bão, pena que nunca vai chegar à presidência",0,2026-08-13
UgyWHx62JX0pTKD3A_t4AaABAg,D3XDkwNqD-w,Renan Santos,@GoldenGouda,2026-07-20T15:39:21Z,Alguém consegue melhorar este vídeo com legendas?,0,2026-08-13
UgzxgQEpOJgEMjtffhd4AaABAg,D3XDkwNqD-w,Renan Santos,@MariaCarolinedeSousa-cs4lu,2026-07-20T14:45:41Z,Nao esqueçam de votar nos candidatos da missão pra todos os cargos politicos 1️⃣4️⃣✅️,0,2026-08-13
UgxKHtBhUttigJppo6V4AaABAg,D3XDkwNqD-w,Renan Santos,@vicentecosta2275,2026-07-20T02:35:02Z,"Vai o 👍, mas o áudio tá uma bosta...",0,2026-08-13
UgwS1wzvznH7536i5fF4AaABAg,D3XDkwNqD-w,Renan Santos,@Bruno-Tricolor,2026-07-20T01:41:17Z,"Bora pra cima renan, 14",0,2026-08-13
UgwjqywLShjWBvoG9_14AaABAg,D3XDkwNqD-w,Renan Santos,@terrabrasileira,2026-07-20T01:09:03Z,Renan Santos 14,0,2026-08-13
UgxSoGKgTFSnJ5zhBLZ4AaABAg,D3XDkwNqD-w,Renan Santos,@NeiTavares-b8e,2026-07-20T00:23:26Z,"Renan já mudando de ideia? Você havia falado que faria intervenção, agora só fará se o governandor quiser?",0,2026-08-13
UgxpAvx-jTfV3kwHXCh4AaABAg,D3XDkwNqD-w,Renan Santos,@Luanzeramg,2026-07-19T21:18:43Z,O único candidato com propostas objetivas e claras.,0,2026-08-13
UgwGInBilqJ4yLbdCcl4AaABAg,D3XDkwNqD-w,Renan Santos,@nempensemuito,2026-07-19T19:29:50Z,Vamos pra cima,0,2026-08-13
UgyH4Ir8PC5AjaF4akx4AaABAg,D3XDkwNqD-w,Renan Santos,@CongaDisqueria,2026-07-19T17:46:15Z,"""coletiva""de imprensa para 3 microfones.Ninguém está interessado nas fanfarronices desse loser...",0,2026-08-13
UgzTloNOztL7T9K08_h4AaABAg,D3XDkwNqD-w,Renan Santos,@flavia.massena,2026-07-19T15:13:08Z,Que orgulho apoiar a Missão!,2,2026-08-13
UgxR9wznY-3JueoFXqV4AaABAg,D3XDkwNqD-w,Renan Santos,@henriquefreestyler6862,2026-07-19T14:46:13Z,O futuro é glorioso,2,2026-08-13
UgxU9t9WvKOIEt8jZHx4AaABAg,D3XDkwNqD-w,Renan Santos,@pedronoaquario,2026-07-19T14:31:51Z,Foi uma decisão muito acertada. O futuro do Rio de Janeiro será glorioso.,0,2026-08-13
UgxEYHTZv2kfU0mwd1J4AaABAg,D3XDkwNqD-w,Renan Santos,@arturnascimento1042,2026-07-19T14:30:09Z,Salvem o nosso Rio de Janeiro!!!,0,2026-08-13
UgzJxnTg_us3n-Z4ItV4AaABAg,D3XDkwNqD-w,Renan Santos,@LucasOliveira-fm9yb,2026-07-19T14:26:04Z,Top❤,0,2026-08-13
Ugyn0lKuTqGljll5LSp4AaABAg,D3XDkwNqD-w,Renan Santos,@davilemos9087,2026-07-19T14:06:00Z,Resumindo: RENAN SANTOS 14 👊👊🟩🟨⬜⬛,2,2026-08-13
UgxA-OV6qAoccp_HGrJ4AaABAg,D3XDkwNqD-w,Renan Santos,@robertodavisilva7312,2026-07-19T13:59:45Z,🎉🎉 parabéns aí pessoal pela escolha!! O futuro é glorioso!,3,2026-08-13
UgzDaeoscUcApAKljdt4AaABAg,D3XDkwNqD-w,Renan Santos,@LendaGamer1_PGO,2026-07-19T13:36:13Z,14 dentro,1,2026-08-13
Ugw_6f1nHcrKursj7OF4AaABAg,D3XDkwNqD-w,Renan Santos,@dannyplay-br,2026-07-19T13:26:39Z,Em outubro aqui é 14.,1,2026-08-13
UgxVVc7dQeOPHJLpYrt4AaABAg,D3XDkwNqD-w,Renan Santos,@cleoschwab2203,2026-07-19T13:19:09Z,"Se o Rio de Janeiro tivesse juizo votaria mo Missao, mas "" o carioca gosxxxxxta"".....",2,2026-08-13
UgwsNT2y_nSkhBOBZcB4AaABAg,D3XDkwNqD-w,Renan Santos,@CleberAlmeida_,2026-07-19T13:07:17Z,"FORA LULA, FORA BOLSONARO....VEM RENAN.... MISSÃO 14 JÁ 🟨⬜⬛",0,2026-08-13
UgzAIXbZDhwNwxrjsE94AaABAg,D3XDkwNqD-w,Renan Santos,@RogerRossi-e2l,2026-07-19T13:04:53Z,"Avante Missão, Renan vai vencer!!!!",2,2026-08-13
UgyLEgVR4VtRpC6qwnV4AaABAg,D3XDkwNqD-w,Renan Santos,@renansn3617,2026-07-19T12:55:13Z,🎉🎉🎉🎉🎉🎉,0,2026-08-13
UgyIxo9ZSU916J-1Gwt4AaABAg,D3XDkwNqD-w,Renan Santos,@yurigomes6142,2026-07-19T12:51:15Z,"Bom dia meu querido @renansantosmbl! Nesse vídeo: https://youtube.com/shorts/bZU3I1IFgrk?is=ZikhP12HWftL2_WV - policiais prendem a bicicleta de uma pessoa trabalhadora. Eu quero votar em você, sendo que eu sou de direita mas infelizmente não estou conseguindo confiar no Flávio Bolsonaro. Mas sinceramente também tenho receio de votar em você por um único ponto: eu sei que o Brasil precisa ser ríspido com uma parte da sua população, mas como vcs vão distinguir os que realmente não são bons cidadãos dos que são? Será que eu ou alguém da minha família, amigos e conhecidos vão ser confundidos com vagabundos e serem mal tratados? Não há quase nada que seja pior do que vc ser confundidos com bandido e ser mal tratado! Como dizem a diferença da polícia pro exército é que o exército já chega atirando e a polícia lida com civis. Como será esse tratamento?",0,2026-08-13
UgylUac9wDoLk2YP_r94AaABAg,D3XDkwNqD-w,Renan Santos,@DanielFilho6x1,2026-07-19T12:36:04Z,Por que o Renan tá de arbitro de futebol?,1,2026-08-13
UgxocI4qW0-neFLF7mp4AaABAg,D3XDkwNqD-w,Renan Santos,@Djow_zera,2026-07-19T11:54:05Z,"Boaaaa, ouvi nada, mas vamos nessa!",1,2026-08-13
Ugzk-bNRgLX-U4L6E3l4AaABAg,D3XDkwNqD-w,Renan Santos,@paulocarbobiak615,2026-07-19T11:45:01Z,MUITO BOM,0,2026-08-13
UgzOPkM9OY170_okDLp4AaABAg,D3XDkwNqD-w,Renan Santos,@CarlosEduardo_SS,2026-07-19T11:27:23Z,"Coronel Busnello anunciando como pré-candidato ao governo do RJ

Antoun: Boua

⚫️⚪️🟡",0,2026-08-13
UgzEdO5E4t5cN1OGE0N4AaABAg,D3XDkwNqD-w,Renan Santos,@scabbia_1376,2026-07-19T11:01:27Z,"Renanzinho brabo   Presidente  2027  ,  bjs  Tânia   Scabbia  ,   não  dá  p  entender  muito  bem  o  áudio  :/",0,2026-08-13
UgzG8dSkayvJpBiSoXh4AaABAg,D3XDkwNqD-w,Renan Santos,@dairsilva926,2026-07-19T10:29:34Z,Renan Santos 14 sem dúvida.,3,2026-08-13
UgzlZHgqZs0H70e-_O94AaABAg,D3XDkwNqD-w,Renan Santos,@luiscarlos1760,2026-07-19T10:09:31Z,"Renan Presidente 2026
kim presidente 2030",0,2026-08-13
UgxkRt0KNrCfL9AQPuN4AaABAg,D3XDkwNqD-w,Renan Santos,@herculesdalvi1544,2026-07-19T09:50:24Z,O Renan seu marqueteiro aí precisa por um terno em vc meu presidente,0,2026-08-13
UgygkfD1Ul5r5xjAVRB4AaABAg,D3XDkwNqD-w,Renan Santos,@herculesdalvi1544,2026-07-19T09:49:27Z,Vamos juntos!,0,2026-08-13
UgwK2qxnIQl91ik7VcR4AaABAg,D3XDkwNqD-w,Renan Santos,@k-veira01,2026-07-19T09:42:18Z,"Dito isso, era legal ligar o microfone de lapela. 👍🏻",1,2026-08-13
UgwzcVP9lKRUsh3ZdAt4AaABAg,D3XDkwNqD-w,Renan Santos,@rodrigo_zanchi,2026-07-19T09:35:43Z,🇧🇷⬛️🟨⬜️1️⃣4️⃣⬛️🟨⬜️🇧🇷,0,2026-08-13
UgzZGrIO4SQv53rmThB4AaABAg,D3XDkwNqD-w,Renan Santos,@RenatoBritoBaleeiro,2026-07-19T08:37:55Z,Pensei q o Busnelo seria vice do bombeiro Rafa.,0,2026-08-13
UgxuRCw8fUQOUf5DJbt4AaABAg,D3XDkwNqD-w,Renan Santos,@alessandrodiogo5619,2026-07-19T08:25:54Z,"SOU PARAIBANO, E VEJO CLARAMENTE QUE O RENAN SANTOS É A ÚNICA ESPERANÇA PRA ESSE PAÍS ESCULHAMBADO DO KRALHO!!!!!!!!!!!!!!!!",0,2026-08-13
Ugy27JHbMLkIDdctaI94AaABAg,D3XDkwNqD-w,Renan Santos,@ttvxzxzxz,2026-07-19T07:35:59Z,Parabéns,1,2026-08-13
UgwTjD2ezb6gIFMGJ7J4AaABAg,D3XDkwNqD-w,Renan Santos,@jonaslima1669,2026-07-19T06:45:05Z,Se louco quase minha net n carrega esse vídeo de tão pesado é essa tropa. Avante missão!,0,2026-08-13
UgzYPZT_2iftwKgZwdd4AaABAg,D3XDkwNqD-w,Renan Santos,@icarooliveiira,2026-07-19T04:42:37Z,Que time foda,2,2026-08-13
UgyhFEcOOn-X6UQlhTB4AaABAg,D3XDkwNqD-w,Renan Santos,@Fabriciooberon,2026-07-19T04:29:38Z,Renan Santos 14 🐆🇧🇷,0,2026-08-13
Ugwbj-TZr76NAUry0yd4AaABAg,D3XDkwNqD-w,Renan Santos,@Patriciah25,2026-07-19T04:05:08Z,Baita time,2,2026-08-13
UgyjrBsNy6YHgEQJHyJ4AaABAg,D3XDkwNqD-w,Renan Santos,@victorfernandes7521,2026-07-19T03:44:41Z,👏👏👏👏👏,1,2026-08-13
UgxS3HOZTWgbNyfTio54AaABAg,D3XDkwNqD-w,Renan Santos,@dudunogueira8909,2026-07-19T03:40:38Z,Renan Santos 14! Missao!!!,2,2026-08-13
